<?xml version="1.0" encoding="UTF-8"?>
<alpino_ds version="1.15">
  <parser build="Alpino-x86_64-linux-glibc2.5-git1006-sicstus" date="2023-09-07T13:21" cats="1" skips="0" />
  <node begin="0" cat="top" end="8" id="0" rel="top">
    <node begin="0" cat="smain" end="7" id="1" rel="--">
      <node begin="0" end="1" frame="er_vp_adverb" getal="getal" his="normal" his_1="decap" his_1_1="normal" id="2" lcat="advp" lemma="er" naamval="stan" pdtype="adv-pron" persoon="3" pos="adv" postag="VNW(aanw,adv-pron,stan,red,3,getal)" pt="vnw" rel="mod" root="er" sense="er" special="er" status="red" vwtype="aanw" word="Er"/>
      <node begin="1" end="2" frame="verb(unacc,sg_is,copula)" his="normal" his_1="normal" id="3" infl="sg_is" lcat="smain" lemma="zijn" pos="verb" postag="WW(pv,tgw,ev)" pt="ww" pvagr="ev" pvtijd="tgw" rel="hd" root="ben" sc="copula" sense="ben" stype="declarative" tense="present" v_per="thi" word="is" wvorm="pv"/>
      <node begin="2" end="3" frame="meas_mod_noun(het,mass,sg)" gen="het" getal="ev" his="normal" his_1="normal" id="4" lcat="np" lemma="niets" naamval="stan" num="sg" pdtype="pron" persoon="3o" pos="noun" postag="VNW(onbep,pron,stan,vol,3o,ev)" pt="vnw" rel="su" rnum="sg" root="niets" sense="niets" special="meas_mod" status="vol" vwtype="onbep" word="niets"/>
      <node begin="3" cat="ti" end="5" id="5" rel="mod">
        <node begin="3" end="4" frame="complementizer(te)" his="normal" his_1="normal" id="6" lcat="ti" lemma="te" pos="comp" postag="VZ(init)" pt="vz" rel="cmp" root="te" sc="te" sense="te" vztype="init" word="te"/>
        <node begin="4" buiging="zonder" end="5" frame="verb(hebben,inf(no_e),transitive_ndev_ndev)" his="normal" his_1="normal" id="7" infl="inf(no_e)" lcat="inf" lemma="zien" pos="verb" positie="vrij" postag="WW(inf,vrij,zonder)" pt="ww" rel="body" root="zie" sc="transitive_ndev_ndev" sense="zie" word="zien" wvorm="inf"/>
      </node>
      <node begin="5" end="6" frame="tmp_adverb" his="normal" his_1="normal" id="8" lcat="advp" lemma="dan" pos="adv" postag="BW()" pt="bw" rel="mod" root="dan" sense="dan" special="tmp" word="dan"/>
      <node begin="6" end="7" frame="noun(het,both,sg)" gen="het" genus="onz" getal="ev" graad="basis" his="normal" his_1="normal" id="9" lcat="np" lemma="water" naamval="stan" ntype="soort" num="sg" pos="noun" postag="N(soort,ev,basis,onz,stan)" pt="n" rel="predc" rnum="sg" root="water" sense="water" word="water"/>
    </node>
    <node begin="7" end="8" frame="punct(punt)" his="normal" his_1="normal" id="10" lcat="punct" lemma="." pos="punct" postag="LET()" pt="let" rel="--" root="." sense="." special="punt" word="."/>
  </node>
  <sentence sentid="1029">Er is niets te zien dan water .</sentence>
  <comments>
    <comment>Q#1029|Er is niets te zien dan water .|1|1|1.3743690568999993</comment>
  </comments>
</alpino_ds>
