<?xml version="1.0" encoding="UTF-8"?>
<alpino_ds version="1.15">
  <parser build="Alpino-x86_64-linux-glibc2.5-git1006-sicstus" date="2023-09-07T13:21" cats="1" skips="0" />
  <node begin="0" cat="top" end="13" id="0" rel="top">
    <node begin="0" cat="smain" end="12" id="1" rel="--">
      <node begin="0" end="1" frame="er_vp_adverb" getal="getal" his="normal" his_1="decap" his_1_1="normal" id="2" lcat="advp" lemma="er" naamval="stan" pdtype="adv-pron" persoon="3" pos="adv" postag="VNW(aanw,adv-pron,stan,red,3,getal)" pt="vnw" rel="mod" root="er" sense="er" special="er" status="red" vwtype="aanw" word="Er"/>
      <node begin="1" end="2" frame="verb('hebben/zijn',past(sg),ld_pp)" his="normal" his_1="normal" id="3" infl="sg" lcat="smain" lemma="liggen" pos="verb" postag="WW(pv,verl,ev)" pt="ww" pvagr="ev" pvtijd="verl" rel="hd" root="lig" sc="ld_pp" sense="lig" stype="declarative" tense="past" v_per="thi" word="lag" wvorm="pv"/>
      <node begin="2" cat="np" end="5" id="4" rel="su">
        <node begin="2" end="3" frame="determiner(een)" his="normal" his_1="normal" id="5" infl="een" lcat="detp" lemma="een" lwtype="onbep" naamval="stan" npagr="agr" pos="det" postag="LID(onbep,stan,agr)" pt="lid" rel="det" root="een" sense="een" word="een"/>
        <node aform="base" begin="3" buiging="zonder" end="4" frame="adjective(no_e(adv))" graad="basis" his="normal" his_1="normal" id="6" infl="no_e" lcat="ap" lemma="mobiel" pos="adj" positie="prenom" postag="ADJ(prenom,basis,zonder)" pt="adj" rel="mod" root="mobiel" sense="mobiel" vform="adj" word="mobiel"/>
        <node begin="4" end="5" frame="noun(het,count,sg)" gen="het" genus="onz" getal="ev" graad="basis" his="normal" his_1="normal" id="7" lcat="np" lemma="toestel" naamval="stan" ntype="soort" num="sg" pos="noun" postag="N(soort,ev,basis,onz,stan)" pt="n" rel="hd" rnum="sg" root="toestel" sense="toestel" word="toestel"/>
      </node>
      <node begin="5" cat="oti" end="10" id="8" rel="mod">
        <node begin="5" end="6" frame="complementizer(om)" his="normal" his_1="normal" id="9" lcat="oti" lemma="om" pos="comp" postag="VZ(init)" pt="vz" rel="cmp" root="om" sc="om" sense="om" vztype="init" word="om"/>
        <node begin="6" cat="ti" end="10" id="10" rel="body">
          <node begin="8" end="9" frame="complementizer(te)" his="normal" his_1="normal" id="11" lcat="ti" lemma="te" pos="comp" postag="VZ(init)" pt="vz" rel="cmp" root="te" sc="te" sense="te" vztype="init" word="te"/>
          <node begin="6" cat="inf" end="10" id="12" rel="body">
            <node begin="6" end="7" frame="noun(de,count,pl)" gen="de" getal="mv" graad="basis" his="normal" his_1="normal" id="13" lcat="np" lemma="stem" ntype="soort" num="pl" pos="noun" postag="N(soort,mv,basis)" pt="n" rel="obj1" rnum="pl" root="stem" sense="stem" word="stemmen"/>
            <node begin="7" end="8" frame="particle(op)" his="normal" his_1="normal" id="14" lcat="part" lemma="op" pos="part" postag="VZ(fin)" pt="vz" rel="svp" root="op" sense="op" vztype="fin" word="op"/>
            <node begin="9" buiging="zonder" end="10" frame="verb(hebben,inf,part_transitive(op))" his="normal" his_1="normal" id="15" infl="inf" lcat="inf" lemma="op_nemen" pos="verb" positie="vrij" postag="WW(inf,vrij,zonder)" pt="ww" rel="hd" root="neem_op" sc="part_transitive(op)" sense="neem_op" word="nemen" wvorm="inf"/>
          </node>
        </node>
      </node>
      <node begin="10" cat="pp" end="12" id="16" rel="ld">
        <node begin="10" end="11" frame="preposition(op,[af,na])" his="normal" his_1="normal" id="17" lcat="pp" lemma="op" pos="prep" postag="VZ(init)" pt="vz" rel="hd" root="op" sense="op" vztype="init" word="op"/>
        <node begin="11" end="12" frame="noun(de,count,sg)" gen="de" genus="zijd" getal="ev" graad="basis" his="normal" his_1="normal" id="18" lcat="np" lemma="tafel" naamval="stan" ntype="soort" num="sg" pos="noun" postag="N(soort,ev,basis,zijd,stan)" pt="n" rel="obj1" rnum="sg" root="tafel" sense="tafel" word="tafel"/>
      </node>
    </node>
    <node begin="12" end="13" frame="punct(punt)" his="normal" his_1="normal" id="19" lcat="punct" lemma="." pos="punct" postag="LET()" pt="let" rel="--" root="." sense="." special="punt" word="."/>
  </node>
  <sentence sentid="1039">Er lag een mobiel toestel om stemmen op te nemen op tafel .</sentence>
  <comments>
    <comment>Q#1039|Er lag een mobiel toestel om stemmen op te nemen op tafel .|1|1|-4.245573799800001</comment>
  </comments>
</alpino_ds>
