<?xml version="1.0" encoding="UTF-8"?>
<alpino_ds version="1.15">
  <parser build="Alpino-x86_64-linux-glibc2.5-git1006-sicstus" date="2023-09-07T13:21" cats="1" skips="0" />
  <node begin="0" cat="top" end="11" id="0" rel="top">
    <node begin="0" cat="smain" end="10" id="1" rel="--">
      <node begin="0" end="1" frame="er_vp_adverb" getal="getal" his="normal" his_1="decap" his_1_1="normal" id="2" lcat="advp" lemma="er" naamval="stan" pdtype="adv-pron" persoon="3" pos="adv" postag="VNW(aanw,adv-pron,stan,red,3,getal)" pt="vnw" rel="mod" root="er" sense="er" special="er" status="red" vwtype="aanw" word="Er"/>
      <node begin="1" end="2" frame="verb('hebben/zijn',pl,ld_pp)" his="normal" his_1="normal" id="3" infl="pl" lcat="smain" lemma="liggen" pos="verb" postag="WW(pv,tgw,mv)" pt="ww" pvagr="mv" pvtijd="tgw" rel="hd" root="lig" sc="ld_pp" sense="lig" stype="declarative" tense="present" v_per="thi" word="liggen" wvorm="pv"/>
      <node begin="2" cat="conj" end="7" id="4" rel="su">
        <node begin="2" cat="np" end="5" id="5" rel="cnj">
          <node begin="2" cat="np" end="4" his="normal" his_1="normal" id="6" index="1" rel="det">
            <node begin="2" end="3" frame="determiner(een)" id="7" infl="een" lcat="detp" lemma="een" lwtype="onbep" naamval="stan" npagr="agr" pos="det" postag="LID(onbep,stan,agr)" pt="lid" rel="det" root="een" sense="een" word="een"/>
            <node begin="3" end="4" frame="noun(both,both,sg)" gen="both" genus="onz" getal="ev" graad="basis" id="8" lcat="np" lemma="paar" naamval="stan" ntype="soort" num="sg" pos="noun" postag="N(soort,ev,basis,onz,stan)" pt="n" rel="hd" root="paar" sense="paar" word="paar"/>
          </node>
          <node begin="4" end="5" frame="noun(de,count,pl)" gen="de" getal="mv" graad="basis" his="normal" his_1="normal" id="9" lcat="np" lemma="sinaasappel" ntype="soort" num="pl" pos="noun" postag="N(soort,mv,basis)" pt="n" rel="hd" rnum="pl" root="sinaasappel" sense="sinaasappel" word="sinaasappels"/>
        </node>
        <node begin="5" conjtype="neven" end="6" frame="conj(en)" his="normal" his_1="normal" id="10" lcat="vg" lemma="en" pos="vg" postag="VG(neven)" pt="vg" rel="crd" root="en" sense="en" word="en"/>
        <node begin="2" cat="np" end="7" id="11" rel="cnj">
          <node begin="2" end="4" id="12" index="1" rel="det"/>
          <node begin="6" end="7" frame="noun(both,both,both)" gen="both" genus="zijd" getal="ev" graad="basis" his="noun" id="13" lcat="np" lemma="clementines" naamval="stan" ntype="soort" num="both" pos="noun" postag="N(soort,ev,basis,zijd,stan)" pt="n" rel="hd" rnum="sg" root="clementines" sense="clementines" word="clementines"/>
        </node>
      </node>
      <node begin="7" cat="pp" end="10" id="14" rel="ld">
        <node begin="7" end="8" frame="preposition(op,[af,na])" his="normal" his_1="normal" id="15" lcat="pp" lemma="op" pos="prep" postag="VZ(init)" pt="vz" rel="hd" root="op" sense="op" vztype="init" word="op"/>
        <node begin="8" cat="np" end="10" id="16" rel="obj1">
          <node begin="8" end="9" frame="determiner(de)" his="normal" his_1="normal" id="17" infl="de" lcat="detp" lemma="de" lwtype="bep" naamval="stan" npagr="rest" pos="det" postag="LID(bep,stan,rest)" pt="lid" rel="det" root="de" sense="de" word="de"/>
          <node begin="9" end="10" frame="noun(de,count,sg)" gen="de" genus="zijd" getal="ev" graad="basis" his="normal" his_1="normal" id="18" lcat="np" lemma="tafel" naamval="stan" ntype="soort" num="sg" pos="noun" postag="N(soort,ev,basis,zijd,stan)" pt="n" rel="hd" rnum="sg" root="tafel" sense="tafel" word="tafel"/>
        </node>
      </node>
    </node>
    <node begin="10" end="11" frame="punct(punt)" his="normal" his_1="normal" id="19" lcat="punct" lemma="." pos="punct" postag="LET()" pt="let" rel="--" root="." sense="." special="punt" word="."/>
  </node>
  <sentence sentid="1041">Er liggen een paar sinaasappels en clementines op de tafel .</sentence>
  <comments>
    <comment>Q#1041|Er liggen een paar sinaasappels en clementines op de tafel .|1|1|-2.6069633980000013</comment>
  </comments>
</alpino_ds>
