<?xml version="1.0" encoding="UTF-8"?>
<alpino_ds version="1.15">
  <parser build="Alpino-x86_64-linux-glibc2.5-git1006-sicstus" date="2023-09-07T13:17" cats="1" skips="0" />
  <node begin="0" cat="top" end="8" id="0" rel="top">
    <node begin="0" cat="smain" end="7" id="1" rel="--">
      <node begin="0" cat="np" end="4" id="2" rel="su">
        <node begin="0" end="1" frame="modal_adverb" his="normal" his_1="decap" his_1_1="normal" id="3" lcat="advp" lemma="alleen" pos="adv" postag="BW()" pt="bw" rel="mod" root="alleen" sc="modal" sense="alleen" word="Alleen"/>
        <node begin="1" end="2" frame="number(hoofd(pl_num))" his="normal" his_1="number_expression" id="4" infl="pl_num" lcat="detp" lemma="12" naamval="stan" numtype="hoofd" pos="num" positie="prenom" postag="TW(hoofd,prenom,stan)" pt="tw" rel="det" root="12" sense="12" word="12"/>
        <node aform="base" begin="2" buiging="met-e" end="3" frame="adjective(e)" graad="basis" his="normal" his_1="normal" id="5" infl="e" lcat="ap" lemma="buitenaards" naamval="stan" pos="adj" positie="prenom" postag="ADJ(prenom,basis,met-e,stan)" pt="adj" rel="mod" root="buitenaards" sense="buitenaards" vform="adj" word="buitenaardse"/>
        <node begin="3" end="4" frame="noun(het,count,pl)" gen="het" getal="mv" graad="basis" his="normal" his_1="normal" id="6" lcat="np" lemma="wezen" ntype="soort" num="pl" pos="noun" postag="N(soort,mv,basis)" pt="n" rel="hd" rnum="pl" root="wezen" sense="wezen" word="wezens"/>
      </node>
      <node begin="4" end="5" frame="verb(hebben,past(pl),transitive)" his="normal" his_1="normal" id="7" infl="pl" lcat="smain" lemma="kopen" pos="verb" postag="WW(pv,verl,mv)" pt="ww" pvagr="mv" pvtijd="verl" rel="hd" root="koop" sc="transitive" sense="koop" stype="declarative" tense="past" v_per="thi" word="kochten" wvorm="pv"/>
      <node begin="5" cat="np" end="7" id="8" rel="obj1">
        <node begin="5" buiging="met-e" end="6" frame="determiner(welke)" his="normal" his_1="normal" id="9" infl="welke" lcat="detp" lemma="enig" naamval="stan" npagr="rest" pdtype="det" pos="det" positie="prenom" postag="VNW(onbep,det,stan,prenom,met-e,rest)" pt="vnw" rel="det" root="enig" sense="enig" vwtype="onbep" word="enige"/>
        <node begin="6" end="7" frame="noun(het,count,pl)" gen="het" getal="mv" graad="basis" his="normal" his_1="normal" id="10" lcat="np" lemma="kleren" ntype="soort" num="pl" pos="noun" postag="N(soort,mv,basis)" pt="n" rel="hd" rnum="pl" root="kleren" sense="kleren" word="kleren"/>
      </node>
    </node>
    <node begin="7" end="8" frame="punct(punt)" his="normal" his_1="normal" id="11" lcat="punct" lemma="." pos="punct" postag="LET()" pt="let" rel="--" root="." sense="." special="punt" word="."/>
  </node>
  <sentence sentid="106">Alleen 12 buitenaardse wezens kochten enige kleren .</sentence>
  <comments>
    <comment>Q#106|Alleen 12 buitenaardse wezens kochten enige kleren .|1|1|-4.298255815799999</comment>
  </comments>
</alpino_ds>
