<?xml version="1.0" encoding="UTF-8"?>
<alpino_ds version="1.15">
  <parser build="Alpino-x86_64-linux-glibc2.5-git1006-sicstus" date="2023-09-07T13:21" cats="1" skips="0" />
  <node begin="0" cat="top" end="7" id="0" rel="top">
    <node begin="0" cat="smain" end="6" id="1" rel="--">
      <node begin="1" end="2" frame="verb(unacc,past(sg),copula)" his="normal" his_1="normal" id="2" infl="sg" lcat="smain" lemma="zijn" pos="verb" postag="WW(pv,verl,ev)" pt="ww" pvagr="ev" pvtijd="verl" rel="hd" root="ben" sc="copula" sense="ben" stype="declarative" tense="past" v_per="thi" word="was" wvorm="pv"/>
      <node begin="2" cat="np" end="4" id="3" rel="su">
        <node begin="2" buiging="zonder" end="3" frame="determiner(geen,nwh,mod,pro,yparg,nwkpro,geen)" his="normal" his_1="normal" id="4" infl="geen" lcat="detp" lemma="geen" naamval="stan" npagr="agr" pdtype="det" pos="det" positie="prenom" postag="VNW(onbep,det,stan,prenom,zonder,agr)" pt="vnw" rel="det" root="geen" sense="geen" vwtype="onbep" wh="nwh" word="geen"/>
        <node begin="3" end="4" frame="noun(het,count,sg)" gen="het" genus="onz" getal="ev" graad="basis" his="normal" his_1="normal" id="5" lcat="np" lemma="genie" naamval="stan" ntype="soort" num="sg" pos="noun" postag="N(soort,ev,basis,onz,stan)" pt="n" rel="hd" rnum="sg" root="genie" sense="genie" word="genie"/>
      </node>
      <node begin="0" cat="ap" end="6" id="6" rel="predc">
        <node begin="0" cat="pp" end="5" id="7" rel="pc">
          <node begin="0" end="1" frame="er_vp_adverb" getal="getal" his="normal" his_1="decap" his_1_1="normal" id="8" lcat="advp" lemma="er" naamval="stan" pdtype="adv-pron" persoon="3" pos="adv" postag="VNW(aanw,adv-pron,stan,red,3,getal)" pt="vnw" rel="obj1" root="er" sense="er" special="er" status="red" vwtype="aanw" word="Er"/>
          <node begin="4" end="5" frame="preposition(voor,[aan,door,uit,[in,de,plaats]])" his="normal" his_1="normal" id="9" lcat="pp" lemma="voor" pos="prep" postag="VZ(fin)" pt="vz" rel="hd" root="voor" sense="voor" vztype="fin" word="voor"/>
        </node>
        <node aform="base" begin="5" buiging="zonder" end="6" frame="adjective(no_e(adv),pp(voor))" graad="basis" his="normal" his_1="normal" id="10" infl="no_e" lcat="ap" lemma="nodig" pos="adj" positie="vrij" postag="ADJ(vrij,basis,zonder)" pt="adj" rel="hd" root="nodig" sc="pp(voor)" sense="nodig-voor" vform="adj" word="nodig"/>
      </node>
    </node>
    <node begin="6" end="7" frame="punct(punt)" his="normal" his_1="normal" id="11" lcat="punct" lemma="." pos="punct" postag="LET()" pt="let" rel="--" root="." sense="." special="punt" word="."/>
  </node>
  <sentence sentid="1064">Er was geen genie voor nodig .</sentence>
  <comments>
    <comment>Q#1064|Er was geen genie voor nodig .|1|1|-5.583261457100001</comment>
  </comments>
</alpino_ds>
