<?xml version="1.0" encoding="UTF-8"?>
<alpino_ds version="1.15">
  <parser build="Alpino-x86_64-linux-glibc2.5-git1006-sicstus" date="2023-09-07T13:21" cats="1" skips="0" />
  <node begin="0" cat="top" end="6" id="0" rel="top">
    <node begin="0" cat="smain" end="5" id="1" rel="--">
      <node begin="0" end="1" frame="er_vp_adverb" getal="getal" his="normal" his_1="decap" his_1_1="normal" id="2" lcat="advp" lemma="er" naamval="stan" pdtype="adv-pron" persoon="3" pos="adv" postag="VNW(aanw,adv-pron,stan,red,3,getal)" pt="vnw" rel="mod" root="er" sense="er" special="er" status="red" vwtype="aanw" word="Er"/>
      <node begin="1" end="2" frame="verb(unacc,pl,intransitive)" his="normal" his_1="normal" id="3" infl="pl" lcat="smain" lemma="zijn" pos="verb" postag="WW(pv,tgw,mv)" pt="ww" pvagr="mv" pvtijd="tgw" rel="hd" root="ben" sc="intransitive" sense="ben" stype="declarative" tense="present" v_per="thi" word="zijn" wvorm="pv"/>
      <node begin="2" cat="np" end="5" id="4" rel="su">
        <node begin="2" buiging="zonder" end="3" frame="determiner(geen,nwh,mod,pro,yparg,nwkpro,geen)" his="normal" his_1="normal" id="5" infl="geen" lcat="detp" lemma="geen" naamval="stan" npagr="agr" pdtype="det" pos="det" positie="prenom" postag="VNW(onbep,det,stan,prenom,zonder,agr)" pt="vnw" rel="det" root="geen" sense="geen" vwtype="onbep" wh="nwh" word="geen"/>
        <node aform="compar" begin="3" buiging="met-e" end="4" frame="adjective(ere)" graad="basis" his="normal" his_1="normal" id="6" infl="e" lcat="ap" lemma="ander" naamval="stan" pos="adj" positie="prenom" postag="ADJ(prenom,basis,met-e,stan)" pt="adj" rel="mod" root="ander" sense="ander" vform="adj" word="andere"/>
        <node begin="4" end="5" frame="noun(het,count,pl)" gen="het" getal="mv" graad="basis" his="normal" his_1="normal" id="7" lcat="np" lemma="alternatief" ntype="soort" num="pl" pos="noun" postag="N(soort,mv,basis)" pt="n" rel="hd" rnum="pl" root="alternatief" sense="alternatief" word="alternatieven"/>
      </node>
    </node>
    <node begin="5" end="6" frame="punct(punt)" his="normal" his_1="normal" id="8" lcat="punct" lemma="." pos="punct" postag="LET()" pt="let" rel="--" root="." sense="." special="punt" word="."/>
  </node>
  <sentence sentid="1078">Er zijn geen andere alternatieven .</sentence>
  <comments>
    <comment>Q#1078|Er zijn geen andere alternatieven .|1|1|-5.952066344100001</comment>
  </comments>
</alpino_ds>
