<?xml version="1.0" encoding="UTF-8"?>
<alpino_ds version="1.15">
  <parser build="Alpino-x86_64-linux-glibc2.5-git1006-sicstus" date="2023-09-07T13:21" cats="1" skips="0" />
  <node begin="0" cat="top" end="7" id="0" rel="top">
    <node begin="0" cat="smain" end="6" id="1" rel="--">
      <node begin="0" end="1" frame="er_vp_adverb" getal="getal" his="normal" his_1="decap" his_1_1="normal" id="2" lcat="advp" lemma="er" naamval="stan" pdtype="adv-pron" persoon="3" pos="adv" postag="VNW(aanw,adv-pron,stan,red,3,getal)" pt="vnw" rel="mod" root="er" sense="er" special="er" status="red" vwtype="aanw" word="Er"/>
      <node begin="1" end="2" frame="verb(unacc,pl,copula)" his="normal" his_1="normal" id="3" infl="pl" lcat="smain" lemma="zijn" pos="verb" postag="WW(pv,tgw,mv)" pt="ww" pvagr="mv" pvtijd="tgw" rel="hd" root="ben" sc="copula" sense="ben" stype="declarative" tense="present" v_per="thi" word="zijn" wvorm="pv"/>
      <node begin="2" buiging="zonder" end="3" frame="determiner(geen,nwh,mod,pro,yparg,nwkpro,geen)" getal-n="zonder-n" his="normal" his_1="normal" id="4" infl="geen" lcat="np" lemma="geen" naamval="stan" pdtype="det" pos="det" positie="nom" postag="VNW(onbep,det,stan,nom,zonder,zonder-n)" pt="vnw" rel="su" rnum="pl" root="geen" sense="geen" vwtype="onbep" wh="nwh" word="geen"/>
      <node begin="3" cat="np" end="6" id="5" rel="predc">
        <node aform="compar" begin="3" buiging="met-e" end="4" frame="adjective(ere)" graad="basis" his="normal" his_1="normal" id="6" infl="e" lcat="ap" lemma="ander" naamval="stan" pos="adj" positie="prenom" postag="ADJ(prenom,basis,met-e,stan)" pt="adj" rel="mod" root="ander" sense="ander" vform="adj" word="andere"/>
        <node begin="4" end="5" frame="noun(both,count,sg,measure)" gen="both" genus="zijd" getal="ev" graad="basis" his="normal" his_1="normal" id="7" lcat="np" lemma="soort" naamval="stan" ntype="soort" num="sg" pos="noun" postag="N(soort,ev,basis,zijd,stan)" pt="n" rel="hd" rnum="sg" root="soort" sc="measure" sense="soort" word="soort"/>
        <node begin="5" end="6" frame="noun(de,count,pl)" gen="de" getal="mv" graad="basis" his="normal" his_1="normal" id="8" lcat="np" lemma="optie" ntype="soort" num="pl" pos="noun" postag="N(soort,mv,basis)" pt="n" rel="mod" rnum="pl" root="optie" sense="optie" word="opties"/>
      </node>
    </node>
    <node begin="6" end="7" frame="punct(punt)" his="normal" his_1="normal" id="9" lcat="punct" lemma="." pos="punct" postag="LET()" pt="let" rel="--" root="." sense="." special="punt" word="."/>
  </node>
  <sentence sentid="1084">Er zijn geen andere soort opties .</sentence>
  <comments>
    <comment>Q#1084|Er zijn geen andere soort opties .|1|1|-1.6849787125000004</comment>
  </comments>
</alpino_ds>
