<?xml version="1.0" encoding="UTF-8"?>
<alpino_ds version="1.15">
  <parser build="Alpino-x86_64-linux-glibc2.5-git1006-sicstus" date="2023-09-07T13:21" cats="1" skips="0" />
  <node begin="0" cat="top" end="8" id="0" rel="top">
    <node begin="0" cat="smain" end="7" id="1" rel="--">
      <node begin="0" end="1" frame="er_vp_adverb" getal="getal" his="normal" his_1="decap" his_1_1="normal" id="2" lcat="advp" lemma="er" naamval="stan" pdtype="adv-pron" persoon="3" pos="adv" postag="VNW(aanw,adv-pron,stan,red,3,getal)" pt="vnw" rel="mod" root="er" sense="er" special="er" status="red" vwtype="aanw" word="Er"/>
      <node begin="1" end="2" frame="verb(unacc,pl,intransitive)" his="normal" his_1="normal" id="3" infl="pl" lcat="smain" lemma="zijn" pos="verb" postag="WW(pv,tgw,mv)" pt="ww" pvagr="mv" pvtijd="tgw" rel="hd" root="ben" sc="intransitive" sense="ben" stype="declarative" tense="present" v_per="thi" word="zijn" wvorm="pv"/>
      <node begin="2" cat="np" end="7" id="4" rel="su">
        <node aform="base" begin="2" buiging="zonder" end="3" frame="adjective(no_e(odet_adv))" graad="basis" his="normal" his_1="normal" id="5" infl="no_e" lcat="detp" lemma="veel" naamval="stan" npagr="agr" pdtype="grad" pos="adj" positie="prenom" postag="VNW(onbep,grad,stan,prenom,zonder,agr,basis)" pt="vnw" rel="det" root="veel" sense="veel" vform="adj" vwtype="onbep" word="veel"/>
        <node aform="base" begin="3" buiging="met-e" end="4" frame="adjective(e)" graad="basis" his="normal" his_1="normal" id="6" infl="e" lcat="ap" lemma="elektronisch" naamval="stan" pos="adj" positie="prenom" postag="ADJ(prenom,basis,met-e,stan)" pt="adj" rel="mod" root="elektronisch" sense="elektronisch" vform="adj" word="elektronische"/>
        <node begin="4" end="5" frame="noun(de,count,pl)" gen="de" getal="mv" graad="basis" his="normal" his_1="normal" id="7" lcat="np" lemma="fabriek" ntype="soort" num="pl" pos="noun" postag="N(soort,mv,basis)" pt="n" rel="hd" rnum="pl" root="fabriek" sense="fabriek" word="fabrieken"/>
        <node begin="5" cat="pp" end="7" id="8" rel="mod">
          <node begin="5" end="6" frame="preposition(in,[])" his="normal" his_1="normal" id="9" lcat="pp" lemma="in" pos="prep" postag="VZ(init)" pt="vz" rel="hd" root="in" sense="in" vztype="init" word="in"/>
          <node begin="6" end="7" frame="proper_name(both,'LOC')" genus="onz" getal="ev" graad="basis" his="name" his_1="not_begin" id="10" lcat="np" lemma="Kawasaki" naamval="stan" neclass="LOC" ntype="eigen" num="both" pos="name" postag="N(eigen,ev,basis,onz,stan)" pt="n" rel="obj1" root="Kawasaki" sense="Kawasaki" word="Kawasaki"/>
        </node>
      </node>
    </node>
    <node begin="7" end="8" frame="punct(punt)" his="normal" his_1="normal" id="11" lcat="punct" lemma="." pos="punct" postag="LET()" pt="let" rel="--" root="." sense="." special="punt" word="."/>
  </node>
  <sentence sentid="1087">Er zijn veel elektronische fabrieken in Kawasaki .</sentence>
  <comments>
    <comment>Q#1087|Er zijn veel elektronische fabrieken in Kawasaki .|1|1|-3.359521410100001</comment>
  </comments>
</alpino_ds>
