<?xml version="1.0" encoding="UTF-8"?>
<alpino_ds version="1.15">
  <parser build="Alpino-x86_64-linux-glibc2.5-git1006-sicstus" date="2023-09-07T13:22" cats="1" skips="0" />
  <node begin="0" cat="top" end="13" id="0" rel="top">
    <node begin="0" cat="conj" end="12" id="1" rel="--">
      <node begin="0" cat="smain" end="7" id="2" rel="cnj">
        <node begin="0" cat="np" end="5" id="3" index="1" rel="su">
          <node aform="base" begin="0" buiging="zonder" end="1" frame="adjective(no_e(adv))" graad="basis" his="normal" his_1="decap" his_1_1="normal" id="4" infl="no_e" lcat="ap" lemma="erg" pos="adj" positie="vrij" postag="ADJ(vrij,basis,zonder)" pt="adj" rel="mod" root="erg" sense="erg" vform="adj" word="Erg"/>
          <node aform="base" begin="1" buiging="zonder" end="2" frame="adjective(no_e(odet_adv))" graad="basis" his="normal" his_1="normal" id="5" infl="no_e" lcat="np" lemma="weinig" naamval="stan" pdtype="grad" pos="adj" positie="vrij" postag="VNW(onbep,grad,stan,vrij,zonder,basis)" pt="vnw" rel="hd" rnum="pl" root="weinig" sense="weinig" vform="adj" vwtype="onbep" word="weinig"/>
          <node begin="2" cat="pp" end="5" id="6" rel="mod">
            <node begin="2" end="3" frame="preposition(van,[af,uit,vandaan,[af,aan]])" his="normal" his_1="normal" id="7" lcat="pp" lemma="van" pos="prep" postag="VZ(init)" pt="vz" rel="hd" root="van" sense="van" vztype="init" word="van"/>
            <node begin="3" cat="np" end="5" id="8" rel="obj1">
              <node begin="3" end="4" frame="determiner(de)" his="normal" his_1="normal" id="9" infl="de" lcat="detp" lemma="de" lwtype="bep" naamval="stan" npagr="rest" pos="det" postag="LID(bep,stan,rest)" pt="lid" rel="det" root="de" sense="de" word="de"/>
              <node begin="4" end="5" frame="noun(het,count,pl)" gen="het" getal="mv" graad="basis" his="normal" his_1="normal" id="10" lcat="np" lemma="kind" ntype="soort" num="pl" pos="noun" postag="N(soort,mv,basis)" pt="n" rel="hd" rnum="pl" root="kind" sense="kind" word="kinderen"/>
            </node>
          </node>
        </node>
        <node begin="5" end="6" frame="verb(hebben,past(pl),transitive)" his="normal" his_1="normal" id="11" infl="pl" lcat="smain" lemma="kiezen" pos="verb" postag="WW(pv,verl,mv)" pt="ww" pvagr="mv" pvtijd="verl" rel="hd" root="kies" sc="transitive" sense="kies" tense="past" v_per="thi" word="kozen" wvorm="pv"/>
        <node begin="6" end="7" frame="noun(het,count,pl)" gen="het" getal="mv" graad="dim" his="compound" his_1="2" id="12" lcat="np" lemma="mint_chocola" ntype="soort" num="pl" pos="noun" postag="N(soort,mv,dim)" pt="n" rel="obj1" rnum="pl" root="mint_chocola_DIM" sense="mint_chocola_DIM" word="mintchocolaatjes"/>
      </node>
      <node begin="7" conjtype="neven" end="8" frame="conj(of)" his="normal" his_1="normal" id="13" lcat="vg" lemma="of" pos="vg" postag="VG(neven)" pt="vg" rel="crd" root="of" sense="of" word="of"/>
      <node begin="0" cat="smain" end="12" id="14" rel="cnj">
        <node begin="0" end="5" id="15" index="1" rel="su"/>
        <node begin="8" end="9" frame="verb(zijn,past(pl),pc_pp(voor))" his="normal" his_1="normal" id="16" infl="pl" lcat="smain" lemma="gaan" pos="verb" postag="WW(pv,verl,mv)" pt="ww" pvagr="mv" pvtijd="verl" rel="hd" root="ga" sc="pc_pp(voor)" sense="ga-voor" tense="past" v_per="thi" word="gingen" wvorm="pv"/>
        <node begin="9" cat="pp" end="12" id="17" rel="pc">
          <node begin="9" end="10" frame="preposition(voor,[aan,door,uit,[in,de,plaats]])" his="normal" his_1="normal" id="18" lcat="pp" lemma="voor" pos="prep" postag="VZ(init)" pt="vz" rel="hd" root="voor" sense="voor" vztype="init" word="voor"/>
          <node begin="10" cat="np" end="12" id="19" rel="obj1">
            <node begin="10" end="11" frame="determiner(de)" his="normal" his_1="normal" id="20" infl="de" lcat="detp" lemma="de" lwtype="bep" naamval="stan" npagr="rest" pos="det" postag="LID(bep,stan,rest)" pt="lid" rel="det" root="de" sense="de" word="de"/>
            <node begin="11" end="12" frame="noun(de,count,sg)" gen="de" genus="zijd" getal="ev" graad="basis" his="normal" his_1="normal" id="21" lcat="np" lemma="suiker_spin" naamval="stan" ntype="soort" num="sg" pos="noun" postag="N(soort,ev,basis,zijd,stan)" pt="n" rel="hd" rnum="sg" root="suiker_spin" sense="suiker_spin" word="suikerspin"/>
          </node>
        </node>
      </node>
    </node>
    <node begin="12" end="13" frame="punct(punt)" his="normal" his_1="normal" id="22" lcat="punct" lemma="." pos="punct" postag="LET()" pt="let" rel="--" root="." sense="." special="punt" word="."/>
  </node>
  <sentence sentid="1125">Erg weinig van de kinderen kozen mintchocolaatjes of gingen voor de suikerspin .</sentence>
  <comments>
    <comment>Q#1125|Erg weinig van de kinderen kozen mintchocolaatjes of gingen voor de suikerspin .|1|1|2.3217595139000005</comment>
  </comments>
</alpino_ds>
