<?xml version="1.0" encoding="UTF-8"?>
<alpino_ds version="1.15">
  <parser build="Alpino-x86_64-linux-glibc2.5-git1006-sicstus" date="2023-09-07T13:22" cats="1" skips="0" />
  <node begin="0" cat="top" end="14" id="0" rel="top">
    <node begin="7" end="8" frame="punct(komma)" his="normal" his_1="normal" id="1" lcat="punct" lemma="," pos="punct" postag="LET()" pt="let" rel="--" root="," sense="," special="komma" word=","/>
    <node begin="0" cat="du" end="13" id="2" rel="--">
      <node begin="0" cat="sv1" end="7" id="3" rel="tag">
        <node begin="0" end="1" frame="verb(zijn,sg1,aux(inf))" his="normal" his_1="decap" his_1_1="normal" id="4" infl="sg1" lcat="sv1" lemma="gaan" pos="verb" postag="WW(pv,tgw,ev)" pt="ww" pvagr="ev" pvtijd="tgw" rel="hd" root="ga" sc="aux(inf)" sense="ga" stype="imparative" tense="present" v_per="invje" word="Ga" wvorm="pv"/>
        <node begin="1" cat="inf" end="7" id="5" rel="vc">
          <node begin="1" end="2" frame="adverb" his="normal" his_1="normal" id="6" lcat="advp" lemma="niet" pos="adv" postag="BW()" pt="bw" rel="mod" root="niet" sense="niet" word="niet"/>
          <node begin="2" cat="pp" end="6" id="7" rel="ld">
            <node begin="2" end="3" frame="preposition(op,[af,na])" his="normal" his_1="normal" id="8" lcat="pp" lemma="op" pos="prep" postag="VZ(init)" pt="vz" rel="hd" root="op" sense="op" vztype="init" word="op"/>
            <node begin="3" cat="np" end="6" id="9" rel="obj1">
              <node begin="3" buiging="zonder" end="4" frame="determiner(de,nwh,nmod,pro,nparg)" his="normal" his_1="normal" id="10" infl="de" lcat="detp" lemma="die" naamval="stan" npagr="rest" pdtype="det" pos="det" positie="prenom" postag="VNW(aanw,det,stan,prenom,zonder,rest)" pt="vnw" rel="det" root="die" sense="die" vwtype="aanw" wh="nwh" word="die"/>
              <node aform="base" begin="4" buiging="met-e" end="5" frame="adjective(e)" graad="basis" his="normal" his_1="normal" id="11" infl="e" lcat="ap" lemma="fragiel" naamval="stan" pos="adj" positie="prenom" postag="ADJ(prenom,basis,met-e,stan)" pt="adj" rel="mod" root="fragiel" sense="fragiel" vform="adj" word="fragiele"/>
              <node begin="5" end="6" frame="noun(de,count,sg)" gen="de" genus="zijd" getal="ev" graad="basis" his="normal" his_1="normal" id="12" lcat="np" lemma="doos" naamval="stan" ntype="soort" num="sg" pos="noun" postag="N(soort,ev,basis,zijd,stan)" pt="n" rel="hd" rnum="sg" root="doos" sense="doos" word="doos"/>
            </node>
          </node>
          <node begin="6" buiging="zonder" end="7" frame="verb(hebben,inf,ld_pp)" his="normal" his_1="normal" id="13" infl="inf" lcat="inf" lemma="zitten" pos="verb" positie="vrij" postag="WW(inf,vrij,zonder)" pt="ww" rel="hd" root="zit" sc="ld_pp" sense="zit" word="zitten" wvorm="inf"/>
        </node>
      </node>
      <node begin="8" cat="smain" end="13" id="14" rel="nucl">
        <node begin="8" case="both" def="def" end="9" frame="pronoun(nwh,je,sg,de,both,def,wkpro)" gen="de" getal="ev" his="normal" his_1="normal" id="15" index="1" lcat="np" lemma="je" naamval="nomin" num="sg" pdtype="pron" per="je" persoon="2v" pos="pron" postag="VNW(pers,pron,nomin,red,2v,ev)" pt="vnw" rel="su" rnum="sg" root="je" sense="je" special="wkpro" status="red" vwtype="pers" wh="nwh" word="je"/>
        <node begin="9" end="10" frame="verb(hebben,modal_not_u,aux(inf))" his="normal" his_1="normal" id="16" infl="modal_not_u" lcat="smain" lemma="zullen" pos="verb" postag="WW(pv,tgw,ev)" pt="ww" pvagr="ev" pvtijd="tgw" rel="hd" root="zal" sc="aux(inf)" sense="zal" stype="declarative" tense="present" v_per="ninvje" word="zal" wvorm="pv"/>
        <node begin="8" cat="inf" end="13" id="17" rel="vc">
          <node begin="8" end="9" id="18" index="1" rel="su"/>
          <node begin="10" end="11" frame="determiner(het,nwh,nmod,pro,nparg,wkpro)" genus="onz" getal="ev" his="normal" his_1="normal" id="19" infl="het" lcat="np" lemma="het" naamval="stan" pdtype="pron" persoon="3" pos="det" postag="VNW(pers,pron,stan,red,3,ev,onz)" pt="vnw" rel="obj1" rnum="sg" root="het" sense="het" status="red" vwtype="pers" wh="nwh" word="het"/>
          <node aform="base" begin="11" buiging="zonder" end="12" frame="adjective(no_e(padv))" graad="basis" his="normal" his_1="normal" id="20" infl="no_e" lcat="ap" lemma="kapot" pos="adj" positie="vrij" postag="ADJ(vrij,basis,zonder)" pt="adj" rel="predc" root="kapot" sense="kapot" vform="adj" word="kapot"/>
          <node begin="12" buiging="zonder" end="13" frame="verb(hebben,inf,pred_np)" his="normal" his_1="normal" id="21" infl="inf" lcat="inf" lemma="maken" pos="verb" positie="vrij" postag="WW(inf,vrij,zonder)" pt="ww" rel="hd" root="maak" sc="pred_np" sense="maak" word="maken" wvorm="inf"/>
        </node>
      </node>
    </node>
    <node begin="13" end="14" frame="punct(uitroep)" his="normal" his_1="normal" id="22" lcat="punct" lemma="!" pos="punct" postag="LET()" pt="let" rel="--" root="!" sense="!" special="uitroep" word="!"/>
  </node>
  <sentence sentid="1134">Ga niet op die fragiele doos zitten , je zal het kapot maken !</sentence>
  <comments>
    <comment>Q#1134|Ga niet op die fragiele doos zitten , je zal het kapot maken !|1|1|-6.5694857429</comment>
  </comments>
</alpino_ds>
