<?xml version="1.0" encoding="UTF-8"?>
<alpino_ds version="1.15">
  <parser build="Alpino-x86_64-linux-glibc2.5-git1006-sicstus" date="2023-09-07T13:22" cats="1" skips="0" />
  <node begin="0" cat="top" end="13" id="0" rel="top">
    <node begin="5" end="6" frame="punct(komma)" his="normal" his_1="normal" id="1" lcat="punct" lemma="," pos="punct" postag="LET()" pt="let" rel="--" root="," sense="," special="komma" word=","/>
    <node begin="0" cat="du" end="12" id="2" rel="--">
      <node begin="0" cat="sv1" end="5" id="3" rel="sat">
        <node begin="0" end="1" frame="verb(zijn,subjunctive,ld_pp)" his="normal" his_1="decap" his_1_1="normal" id="4" infl="subjunctive" lcat="sv1" lemma="gaan" pos="verb" postag="WW(pv,conj,ev)" pt="ww" pvagr="ev" pvtijd="conj" rel="hd" root="ga" sc="ld_pp" sense="ga" tense="subjunctive" v_per="thi" word="Ga" wvorm="pv"/>
        <node begin="1" end="2" frame="adverb" his="normal" his_1="normal" id="5" lcat="advp" lemma="niet" pos="adv" postag="BW()" pt="bw" rel="mod" root="niet" sense="niet" word="niet"/>
        <node begin="2" cat="pp" end="4" id="6" rel="ld">
          <node begin="2" end="3" frame="preposition(tot,[toe,[aan,toe]])" his="normal" his_1="normal" id="7" lcat="pp" lemma="tot" pos="prep" postag="VZ(init)" pt="vz" rel="hd" root="tot" sense="tot" vztype="init" word="tot"/>
          <node begin="3" buiging="met-e" end="4" frame="determiner(zulke,nwh,nmod,pro,yparg)" getal-n="zonder-n" his="normal" his_1="normal" id="8" infl="zulke" lcat="np" lemma="zulk" naamval="stan" pdtype="det" pos="det" positie="nom" postag="VNW(aanw,det,stan,nom,met-e,zonder-n)" pt="vnw" rel="obj1" rnum="sg" root="zulk" sense="zulk" vwtype="aanw" wh="nwh" word="zulke"/>
        </node>
        <node aform="base" begin="4" buiging="met-e" end="5" frame="nominalized_adjective" getal-n="mv-n" graad="basis" his="normal" his_1="normal" id="9" lcat="np" lemma="uiterst" num="pl" personalized="true" pos="adj" positie="nom" postag="ADJ(nom,basis,met-e,mv-n)" pt="adj" rel="su" rnum="pl" root="uiterst" sense="uiterst" special="a_noun" word="uitersten"/>
      </node>
      <node begin="6" cat="smain" end="12" id="10" rel="nucl">
        <node begin="6" cat="np" end="8" id="11" rel="su">
          <node aform="base" begin="6" buiging="zonder" end="7" frame="adjective(ge_no_e(adv))" his="normal" his_1="normal" id="12" infl="no_e" lcat="ppart" lemma="matigen" pos="adj" positie="vrij" postag="WW(vd,vrij,zonder)" pt="ww" rel="predc" root="matigen" sense="matigen" vform="psp" word="gematigd" wvorm="vd"/>
          <node begin="7" buiging="zonder" end="8" frame="v_noun(copula)" getal-n="zonder-n" his="normal" his_1="normal" id="13" lcat="np" lemma="zijn" pos="verb" positie="nom" postag="WW(inf,nom,zonder,zonder-n)" pt="ww" rel="hd" rnum="sg" root="ben" sc="copula" sense="ben" special="v_noun" word="zijn" wvorm="inf"/>
        </node>
        <node begin="8" end="9" frame="verb(unacc,sg_is,copula)" his="normal" his_1="normal" id="14" infl="sg_is" lcat="smain" lemma="zijn" pos="verb" postag="WW(pv,tgw,ev)" pt="ww" pvagr="ev" pvtijd="tgw" rel="hd" root="ben" sc="copula" sense="ben" stype="declarative" tense="present" v_per="thi" word="is" wvorm="pv"/>
        <node aform="base" begin="9" buiging="zonder" end="10" frame="adjective(no_e(adv))" graad="basis" his="normal" his_1="normal" id="15" infl="no_e" lcat="ap" lemma="belangrijk" pos="adj" positie="vrij" postag="ADJ(vrij,basis,zonder)" pt="adj" rel="predc" root="belangrijk" sense="belangrijk" vform="adj" word="belangrijk"/>
        <node begin="10" cat="pp" end="12" id="16" rel="mod">
          <node begin="10" end="11" frame="preposition(in,[])" his="normal" his_1="normal" id="17" lcat="pp" lemma="in" pos="prep" postag="VZ(init)" pt="vz" rel="hd" root="in" sense="in" vztype="init" word="in"/>
          <node begin="11" end="12" frame="noun(het,mass,sg)" gen="het" getal="ev" his="normal" his_1="normal" id="18" lcat="np" lemma="alles" naamval="stan" num="sg" pdtype="pron" persoon="3o" pos="noun" postag="VNW(onbep,pron,stan,vol,3o,ev)" pt="vnw" rel="obj1" rnum="sg" root="alles" sense="alles" status="vol" vwtype="onbep" word="alles"/>
        </node>
      </node>
    </node>
    <node begin="12" end="13" frame="punct(punt)" his="normal" his_1="normal" id="19" lcat="punct" lemma="." pos="punct" postag="LET()" pt="let" rel="--" root="." sense="." special="punt" word="."/>
  </node>
  <sentence sentid="1139">Ga niet tot zulke uitersten , gematigd zijn is belangrijk in alles .</sentence>
  <comments>
    <comment>Q#1139|Ga niet tot zulke uitersten , gematigd zijn is belangrijk in alles .|1|1|3.3678009410999983</comment>
  </comments>
</alpino_ds>
