<?xml version="1.0" encoding="UTF-8"?>
<alpino_ds version="1.15">
  <parser build="Alpino-x86_64-linux-glibc2.5-git1006-sicstus" date="2023-09-07T13:22" cats="1" skips="0" />
  <node begin="0" cat="top" end="7" id="0" rel="top">
    <node begin="0" cat="smain" end="6" id="1" rel="--">
      <node begin="0" cat="np" end="2" id="2" rel="su">
        <node begin="0" buiging="zonder" end="1" frame="determiner(geen,nwh,mod,pro,yparg,nwkpro,geen)" his="normal" his_1="decap" his_1_1="normal" id="3" infl="geen" lcat="detp" lemma="geen" naamval="stan" npagr="agr" pdtype="det" pos="det" positie="prenom" postag="VNW(onbep,det,stan,prenom,zonder,agr)" pt="vnw" rel="det" root="geen" sense="geen" vwtype="onbep" wh="nwh" word="Geen"/>
        <node aform="base" begin="1" buiging="met-e" end="2" frame="adjective(ge_e)" getal-n="zonder-n" his="normal" his_1="normal" id="4" infl="e" lcat="np" lemma="af_vaardigen" pos="adj" positie="nom" postag="WW(vd,nom,met-e,zonder-n)" pt="ww" rel="hd" rnum="sg" root="af_vaardigen" sense="af_vaardigen" vform="psp" word="afgevaardigde" wvorm="vd"/>
      </node>
      <node begin="2" end="3" frame="verb(hebben,past(sg),part_transitive(af))" his="normal" his_1="normal" id="5" infl="sg" lcat="smain" lemma="af_hebben" pos="verb" postag="WW(pv,verl,ev)" pt="ww" pvagr="ev" pvtijd="verl" rel="hd" root="heb_af" sc="part_transitive(af)" sense="heb_af" stype="declarative" tense="past" v_per="thi" word="had" wvorm="pv"/>
      <node begin="3" cat="np" end="5" id="6" rel="obj1">
        <node begin="3" end="4" frame="determiner(het,nwh,nmod,pro,nparg,wkpro)" his="normal" his_1="normal" id="7" infl="het" lcat="detp" lemma="het" lwtype="bep" naamval="stan" npagr="evon" pos="det" postag="LID(bep,stan,evon)" pt="lid" rel="det" root="het" sense="het" wh="nwh" word="het"/>
        <node begin="4" end="5" frame="noun(het,count,sg)" gen="het" genus="onz" getal="ev" graad="basis" his="normal" his_1="normal" id="8" lcat="np" lemma="verslag" naamval="stan" ntype="soort" num="sg" pos="noun" postag="N(soort,ev,basis,onz,stan)" pt="n" rel="hd" rnum="sg" root="verslag" sense="verslag" word="verslag"/>
      </node>
      <node begin="5" end="6" frame="particle(af)" his="normal" his_1="normal" id="9" lcat="part" lemma="af" pos="part" postag="VZ(fin)" pt="vz" rel="svp" root="af" sense="af" vztype="fin" word="af"/>
    </node>
    <node begin="6" end="7" frame="punct(punt)" his="normal" his_1="normal" id="10" lcat="punct" lemma="." pos="punct" postag="LET()" pt="let" rel="--" root="." sense="." special="punt" word="."/>
  </node>
  <sentence sentid="1141">Geen afgevaardigde had het verslag af .</sentence>
  <comments>
    <comment>Q#1141|Geen afgevaardigde had het verslag af .|1|1|-0.8233500376999996</comment>
  </comments>
</alpino_ds>
