<?xml version="1.0" encoding="UTF-8"?>
<alpino_ds version="1.15">
  <parser build="Alpino-x86_64-linux-glibc2.5-git1006-sicstus" date="2023-09-07T13:22" cats="1" skips="0" />
  <node begin="0" cat="top" end="9" id="0" rel="top">
    <node begin="3" end="4" frame="punct(komma)" his="normal" his_1="normal" id="1" lcat="punct" lemma="," pos="punct" postag="LET()" pt="let" rel="--" root="," sense="," special="komma" word=","/>
    <node begin="0" cat="smain" end="8" id="2" rel="--">
      <node begin="4" end="5" frame="verb(unacc,sg1,aux_psp_zijn)" his="normal" his_1="normal" id="3" infl="sg1" lcat="smain" lemma="zijn" pos="verb" postag="WW(pv,tgw,ev)" pt="ww" pvagr="ev" pvtijd="tgw" rel="hd" root="ben" sc="aux_psp_zijn" sense="ben" stype="declarative" tense="present" v_per="fir" word="ben" wvorm="pv"/>
      <node begin="5" case="nom" def="def" end="6" frame="pronoun(nwh,fir,sg,de,nom,def)" gen="de" getal="ev" his="normal" his_1="normal" id="4" index="1" lcat="np" lemma="ik" naamval="nomin" num="sg" pdtype="pron" per="fir" persoon="1" pos="pron" postag="VNW(pers,pron,nomin,vol,1,ev)" pt="vnw" rel="su" rnum="sg" root="ik" sense="ik" status="vol" vwtype="pers" wh="nwh" word="ik"/>
      <node begin="0" cat="ppart" end="8" id="5" rel="vc">
        <node begin="0" cat="np" end="3" id="6" rel="obj1">
          <node begin="0" buiging="zonder" end="1" frame="determiner(geen,nwh,mod,pro,yparg,nwkpro,geen)" his="normal" his_1="decap" his_1_1="normal" id="7" infl="geen" lcat="detp" lemma="geen" naamval="stan" npagr="agr" pdtype="det" pos="det" positie="prenom" postag="VNW(onbep,det,stan,prenom,zonder,agr)" pt="vnw" rel="det" root="geen" sense="geen" vwtype="onbep" wh="nwh" word="Geen"/>
          <node begin="1" end="2" frame="noun(de,count,sg)" gen="de" genus="zijd" getal="ev" graad="basis" his="normal" his_1="normal" id="8" lcat="np" lemma="bestemming" naamval="stan" ntype="soort" num="sg" pos="noun" postag="N(soort,ev,basis,zijd,stan)" pt="n" rel="hd" rnum="sg" root="bestemming" sense="bestemming" word="bestemming"/>
          <node aform="base" begin="2" buiging="zonder" end="3" frame="adjective(ende(padv))" his="normal" his_1="V-de" his_1_1="normal" id="9" infl="e" lcat="ppres" lemma="hebben" pos="adj" positie="vrij" postag="WW(od,vrij,zonder)" pt="ww" rel="mod" root="heb" sense="heb" vform="gerund" word="hebbende" wvorm="od"/>
        </node>
        <node begin="5" end="6" id="10" index="1" rel="su"/>
        <node begin="6" end="7" frame="tmp_adverb" his="normal" his_1="normal" id="11" lcat="advp" lemma="nooit" pos="adv" postag="BW()" pt="bw" rel="mod" root="nooit" sense="nooit" special="tmp" word="nooit"/>
        <node begin="7" buiging="zonder" end="8" frame="verb('hebben/zijn',psp,transitive)" his="normal" his_1="normal" id="12" infl="psp" lcat="ppart" lemma="verliezen" pos="verb" positie="vrij" postag="WW(vd,vrij,zonder)" pt="ww" rel="hd" root="verlies" sc="transitive" sense="verlies" word="verloren" wvorm="vd"/>
      </node>
    </node>
    <node begin="8" end="9" frame="punct(punt)" his="normal" his_1="normal" id="13" lcat="punct" lemma="." pos="punct" postag="LET()" pt="let" rel="--" root="." sense="." special="punt" word="."/>
  </node>
  <sentence sentid="1145">Geen bestemming hebbende , ben ik nooit verloren .</sentence>
  <comments>
    <comment>Q#1145|Geen bestemming hebbende , ben ik nooit verloren .|1|1|-4.5055028687</comment>
  </comments>
</alpino_ds>
