<?xml version="1.0" encoding="UTF-8"?>
<alpino_ds version="1.15">
  <parser build="Alpino-x86_64-linux-glibc2.5-git1006-sicstus" date="2023-09-07T13:22" cats="1" skips="0" />
  <node begin="0" cat="top" end="7" id="0" rel="top">
    <node begin="0" cat="smain" end="6" id="1" rel="--">
      <node begin="0" cat="np" end="3" id="2" rel="su">
        <node begin="0" buiging="zonder" end="1" frame="determiner(geen,nwh,mod,pro,yparg,nwkpro,geen)" his="normal" his_1="decap" his_1_1="normal" id="3" infl="geen" lcat="detp" lemma="geen" naamval="stan" npagr="agr" pdtype="det" pos="det" positie="prenom" postag="VNW(onbep,det,stan,prenom,zonder,agr)" pt="vnw" rel="det" root="geen" sense="geen" vwtype="onbep" wh="nwh" word="Geen"/>
        <node aform="base" begin="1" buiging="zonder" end="2" frame="adjective(no_e(nonadv))" graad="basis" his="normal" his_1="normal" id="4" infl="no_e" lcat="ap" lemma="buitenaards" pos="adj" positie="prenom" postag="ADJ(prenom,basis,zonder)" pt="adj" rel="mod" root="buitenaards" sense="buitenaards" vform="adj" word="buitenaards"/>
        <node begin="2" end="3" frame="noun(het,count,sg)" gen="het" genus="onz" getal="ev" graad="basis" his="normal" his_1="normal" id="5" lcat="np" lemma="wezen" naamval="stan" ntype="soort" num="sg" pos="noun" postag="N(soort,ev,basis,onz,stan)" pt="n" rel="hd" rnum="sg" root="wezen" sense="wezen" word="wezen"/>
      </node>
      <node begin="3" end="4" frame="verb(hebben,past(sg),transitive)" his="normal" his_1="normal" id="6" infl="sg" lcat="smain" lemma="lezen" pos="verb" postag="WW(pv,verl,ev)" pt="ww" pvagr="ev" pvtijd="verl" rel="hd" root="lees" sc="transitive" sense="lees" stype="declarative" tense="past" v_per="thi" word="las" wvorm="pv"/>
      <node begin="4" cat="np" end="6" id="7" rel="obj1">
        <node begin="4" buiging="met-e" end="5" frame="determiner(welke)" his="normal" his_1="normal" id="8" infl="welke" lcat="detp" lemma="enig" naamval="stan" npagr="rest" pdtype="det" pos="det" positie="prenom" postag="VNW(onbep,det,stan,prenom,met-e,rest)" pt="vnw" rel="det" root="enig" sense="enig" vwtype="onbep" word="enige"/>
        <node begin="5" end="6" frame="noun(het,count,pl)" gen="het" getal="mv" graad="basis" his="normal" his_1="normal" id="9" lcat="np" lemma="tijdschrift" ntype="soort" num="pl" pos="noun" postag="N(soort,mv,basis)" pt="n" rel="hd" rnum="pl" root="tijdschrift" sense="tijdschrift" word="tijdschriften"/>
      </node>
    </node>
    <node begin="6" end="7" frame="punct(punt)" his="normal" his_1="normal" id="10" lcat="punct" lemma="." pos="punct" postag="LET()" pt="let" rel="--" root="." sense="." special="punt" word="."/>
  </node>
  <sentence sentid="1184">Geen buitenaards wezen las enige tijdschriften .</sentence>
  <comments>
    <comment>Q#1184|Geen buitenaards wezen las enige tijdschriften .|1|1|-4.9576678101</comment>
  </comments>
</alpino_ds>
