<?xml version="1.0" encoding="UTF-8"?>
<alpino_ds version="1.15">
  <parser build="Alpino-x86_64-linux-glibc2.5-git1006-sicstus" date="2023-09-07T13:22" cats="1" skips="0" />
  <node begin="0" cat="top" end="7" id="0" rel="top">
    <node begin="0" cat="smain" end="6" id="1" rel="--">
      <node begin="0" cat="np" end="3" id="2" rel="su">
        <node begin="0" buiging="zonder" end="1" frame="determiner(geen,nwh,mod,pro,yparg,nwkpro,geen)" his="normal" his_1="decap" his_1_1="normal" id="3" infl="geen" lcat="detp" lemma="geen" naamval="stan" npagr="agr" pdtype="det" pos="det" positie="prenom" postag="VNW(onbep,det,stan,prenom,zonder,agr)" pt="vnw" rel="det" root="geen" sense="geen" vwtype="onbep" wh="nwh" word="Geen"/>
        <node aform="base" begin="1" buiging="zonder" end="2" frame="adjective(no_e(nonadv))" graad="basis" his="normal" his_1="normal" id="4" infl="no_e" lcat="ap" lemma="buitenaards" pos="adj" positie="prenom" postag="ADJ(prenom,basis,zonder)" pt="adj" rel="mod" root="buitenaards" sense="buitenaards" vform="adj" word="buitenaards"/>
        <node begin="2" end="3" frame="noun(het,count,sg)" gen="het" genus="onz" getal="ev" graad="basis" his="normal" his_1="normal" id="5" lcat="np" lemma="wezen" naamval="stan" ntype="soort" num="sg" pos="noun" postag="N(soort,ev,basis,onz,stan)" pt="n" rel="hd" rnum="sg" root="wezen" sense="wezen" word="wezen"/>
      </node>
      <node begin="3" end="4" frame="verb(hebben,past(sg),pc_pp(met))" his="normal" his_1="normal" id="6" infl="sg" lcat="smain" lemma="spelen" pos="verb" postag="WW(pv,verl,ev)" pt="ww" pvagr="ev" pvtijd="verl" rel="hd" root="speel" sc="pc_pp(met)" sense="speel-met" stype="declarative" tense="past" v_per="thi" word="speelde" wvorm="pv"/>
      <node begin="4" cat="pp" end="6" id="7" rel="pc">
        <node begin="4" end="5" frame="preposition(met,[mee,[en,al]])" his="normal" his_1="normal" id="8" lcat="pp" lemma="met" pos="prep" postag="VZ(init)" pt="vz" rel="hd" root="met" sense="met" vztype="init" word="met"/>
        <node begin="5" end="6" frame="noun(both,both,both)" gen="both" genus="zijd" getal="ev" graad="basis" his="noun" id="9" lcat="np" lemma="speelgoedauto’s" naamval="stan" ntype="soort" num="both" pos="noun" postag="N(soort,ev,basis,zijd,stan)" pt="n" rel="obj1" rnum="sg" root="speelgoedauto’s" sense="speelgoedauto’s" word="speelgoedauto’s"/>
      </node>
    </node>
    <node begin="6" end="7" frame="punct(punt)" his="normal" his_1="normal" id="10" lcat="punct" lemma="." pos="punct" postag="LET()" pt="let" rel="--" root="." sense="." special="punt" word="."/>
  </node>
  <sentence sentid="1194">Geen buitenaards wezen speelde met speelgoedauto’s .</sentence>
  <comments>
    <comment>Q#1194|Geen buitenaards wezen speelde met speelgoedauto’s .|1|1|-2.969266789899999</comment>
  </comments>
</alpino_ds>
