<?xml version="1.0" encoding="UTF-8"?>
<alpino_ds version="1.15">
  <parser build="Alpino-x86_64-linux-glibc2.5-git1006-sicstus" date="2023-09-07T13:22" cats="1" skips="0" />
  <node begin="0" cat="top" end="9" id="0" rel="top">
    <node begin="0" cat="smain" end="8" id="1" rel="--">
      <node begin="0" cat="np" end="3" id="2" rel="su">
        <node begin="0" buiging="zonder" end="1" frame="determiner(geen,nwh,mod,pro,yparg,nwkpro,geen)" his="normal" his_1="decap" his_1_1="normal" id="3" infl="geen" lcat="detp" lemma="geen" naamval="stan" npagr="agr" pdtype="det" pos="det" positie="prenom" postag="VNW(onbep,det,stan,prenom,zonder,agr)" pt="vnw" rel="det" root="geen" sense="geen" vwtype="onbep" wh="nwh" word="Geen"/>
        <node aform="base" begin="1" buiging="zonder" end="2" frame="adjective(no_e(nonadv))" graad="basis" his="normal" his_1="normal" id="4" infl="no_e" lcat="ap" lemma="buitenaards" pos="adj" positie="prenom" postag="ADJ(prenom,basis,zonder)" pt="adj" rel="mod" root="buitenaards" sense="buitenaards" vform="adj" word="buitenaards"/>
        <node begin="2" end="3" frame="noun(het,count,sg)" gen="het" genus="onz" getal="ev" graad="basis" his="normal" his_1="normal" id="5" lcat="np" lemma="wezen" naamval="stan" ntype="soort" num="sg" pos="noun" postag="N(soort,ev,basis,onz,stan)" pt="n" rel="hd" rnum="sg" root="wezen" sense="wezen" word="wezen"/>
      </node>
      <node begin="3" end="4" frame="verb(unacc,past(sg),intransitive)" his="normal" his_1="normal" id="6" infl="sg" lcat="smain" lemma="sterven" pos="verb" postag="WW(pv,verl,ev)" pt="ww" pvagr="ev" pvtijd="verl" rel="hd" root="sterf" sc="intransitive" sense="sterf" stype="declarative" tense="past" v_per="thi" word="stierf" wvorm="pv"/>
      <node begin="4" cat="cp" end="8" id="7" rel="mod">
        <node begin="4" end="5" frame="complementizer(inf)" his="normal" his_1="normal" id="8" lcat="cp" lemma="zonder" pos="comp" postag="VZ(init)" pt="vz" rel="cmp" root="zonder" sc="inf" sense="zonder" vztype="init" word="zonder"/>
        <node begin="5" cat="ti" end="8" id="9" rel="body">
          <node begin="6" end="7" frame="complementizer(te)" his="normal" his_1="normal" id="10" lcat="ti" lemma="te" pos="comp" postag="VZ(init)" pt="vz" rel="cmp" root="te" sc="te" sense="te" vztype="init" word="te"/>
          <node begin="5" cat="inf" end="8" id="11" rel="body">
            <node begin="5" end="6" frame="noun(de,count,pl)" gen="de" getal="mv" graad="basis" his="normal" his_1="variant" his_1_1="variant" his_1_1_1="auto&apos;s" his_1_1_2="auto’s" his_1_2="normal" id="12" lcat="np" lemma="auto" ntype="soort" num="pl" pos="noun" postag="N(soort,mv,basis)" pt="n" rel="obj1" rnum="pl" root="auto" sense="auto" word="auto’s"/>
            <node begin="7" buiging="zonder" end="8" frame="verb(hebben,inf,transitive)" his="normal" his_1="normal" id="13" infl="inf" lcat="inf" lemma="rijden" pos="verb" positie="vrij" postag="WW(inf,vrij,zonder)" pt="ww" rel="hd" root="rijd" sc="transitive" sense="rijd" word="rijden" wvorm="inf"/>
          </node>
        </node>
      </node>
    </node>
    <node begin="8" end="9" frame="punct(punt)" his="normal" his_1="normal" id="14" lcat="punct" lemma="." pos="punct" postag="LET()" pt="let" rel="--" root="." sense="." special="punt" word="."/>
  </node>
  <sentence sentid="1196">Geen buitenaards wezen stierf zonder auto’s te rijden .</sentence>
  <comments>
    <comment>Q#1196|Geen buitenaards wezen stierf zonder auto’s te rijden .|1|1|-5.377606409899999</comment>
  </comments>
</alpino_ds>
