<?xml version="1.0" encoding="UTF-8"?>
<alpino_ds version="1.15">
  <parser build="Alpino-x86_64-linux-glibc2.5-git1006-sicstus" date="2023-09-07T13:17" cats="1" skips="0" />
  <node begin="0" cat="top" end="5" id="0" rel="top">
    <node begin="0" cat="smain" end="4" id="1" rel="--">
      <node begin="0" end="1" frame="proper_name(sg,'PER')" genus="zijd" getal="ev" graad="basis" his="normal" his_1="names_dictionary" id="2" lcat="np" lemma="Aldo" naamval="stan" neclass="PER" ntype="eigen" num="sg" pos="name" postag="N(eigen,ev,basis,zijd,stan)" pt="n" rel="su" rnum="sg" root="Aldo" sense="Aldo" word="Aldo"/>
      <node begin="1" end="2" frame="verb(hebben,past(sg),part_transitive(aan))" his="normal" his_1="normal" id="3" infl="sg" lcat="smain" lemma="aan_raken" pos="verb" postag="WW(pv,verl,ev)" pt="ww" pvagr="ev" pvtijd="verl" rel="hd" root="raak_aan" sc="part_transitive(aan)" sense="raak_aan" stype="declarative" tense="past" v_per="thi" word="raakte" wvorm="pv"/>
      <node begin="2" end="3" frame="proper_name(sg,'PER')" genus="zijd" getal="ev" graad="basis" his="normal" his_1="names_dictionary" id="4" lcat="np" lemma="Nina" naamval="stan" neclass="PER" ntype="eigen" num="sg" pos="name" postag="N(eigen,ev,basis,zijd,stan)" pt="n" rel="obj1" rnum="sg" root="Nina" sense="Nina" word="Nina"/>
      <node begin="3" end="4" frame="particle(aan)" his="normal" his_1="normal" id="5" lcat="part" lemma="aan" pos="part" postag="VZ(fin)" pt="vz" rel="svp" root="aan" sense="aan" vztype="fin" word="aan"/>
    </node>
    <node begin="4" end="5" frame="punct(punt)" his="normal" his_1="normal" id="6" lcat="punct" lemma="." pos="punct" postag="LET()" pt="let" rel="--" root="." sense="." special="punt" word="."/>
  </node>
  <sentence sentid="12">Aldo raakte Nina aan .</sentence>
  <comments>
    <comment>Q#12|Aldo raakte Nina aan .|1|1|1.5894470959999998</comment>
  </comments>
</alpino_ds>
