<?xml version="1.0" encoding="UTF-8"?>
<alpino_ds version="1.15">
  <parser build="Alpino-x86_64-linux-glibc2.5-git1006-sicstus" date="2023-09-07T13:22" cats="1" skips="0" />
  <node begin="0" cat="top" end="11" id="0" rel="top">
    <node begin="0" cat="smain" end="10" id="1" rel="--">
      <node begin="0" cat="np" end="3" id="2" rel="su">
        <node begin="0" buiging="zonder" end="1" frame="determiner(geen,nwh,mod,pro,yparg,nwkpro,geen)" his="normal" his_1="decap" his_1_1="normal" id="3" infl="geen" lcat="detp" lemma="geen" naamval="stan" npagr="agr" pdtype="det" pos="det" positie="prenom" postag="VNW(onbep,det,stan,prenom,zonder,agr)" pt="vnw" rel="det" root="geen" sense="geen" vwtype="onbep" wh="nwh" word="Geen"/>
        <node aform="base" begin="1" buiging="zonder" end="2" frame="adjective(no_e(nonadv))" graad="basis" his="normal" his_1="normal" id="4" infl="no_e" lcat="ap" lemma="buitenaards" pos="adj" positie="prenom" postag="ADJ(prenom,basis,zonder)" pt="adj" rel="mod" root="buitenaards" sense="buitenaards" vform="adj" word="buitenaards"/>
        <node begin="2" end="3" frame="noun(het,count,sg)" gen="het" genus="onz" getal="ev" graad="basis" his="normal" his_1="normal" id="5" lcat="np" lemma="wezen" naamval="stan" ntype="soort" num="sg" pos="noun" postag="N(soort,ev,basis,onz,stan)" pt="n" rel="hd" rnum="sg" root="wezen" sense="wezen" word="wezen"/>
      </node>
      <node begin="3" end="4" frame="verb(unacc,past(sg),intransitive)" his="normal" his_1="normal" id="6" infl="sg" lcat="smain" lemma="sterven" pos="verb" postag="WW(pv,verl,ev)" pt="ww" pvagr="ev" pvtijd="verl" rel="hd" root="sterf" sc="intransitive" sense="sterf" stype="declarative" tense="past" v_per="thi" word="stierf" wvorm="pv"/>
      <node begin="4" cat="cp" end="10" id="7" rel="mod">
        <node begin="4" end="5" frame="complementizer(inf)" his="normal" his_1="normal" id="8" lcat="cp" lemma="zonder" pos="comp" postag="VZ(init)" pt="vz" rel="cmp" root="zonder" sc="inf" sense="zonder" vztype="init" word="zonder"/>
        <node begin="5" cat="ti" end="10" id="9" rel="body">
          <node begin="8" end="9" frame="complementizer(te)" his="normal" his_1="normal" id="10" lcat="ti" lemma="te" pos="comp" postag="VZ(init)" pt="vz" rel="cmp" root="te" sc="te" sense="te" vztype="init" word="te"/>
          <node begin="5" cat="inf" end="10" id="11" rel="body">
            <node begin="5" cat="np" end="8" id="12" rel="obj1">
              <node begin="5" cat="np" end="7" his="normal" his_1="normal" id="13" rel="det">
                <node begin="5" end="6" frame="determiner(een)" id="14" infl="een" lcat="detp" lemma="een" lwtype="onbep" naamval="stan" npagr="agr" pos="det" postag="LID(onbep,stan,agr)" pt="lid" rel="det" root="een" sense="een" word="een"/>
                <node begin="6" end="7" frame="noun(both,both,sg)" gen="both" genus="onz" getal="ev" graad="basis" id="15" lcat="np" lemma="paar" naamval="stan" ntype="soort" num="sg" pos="noun" postag="N(soort,ev,basis,onz,stan)" pt="n" rel="hd" root="paar" sense="paar" word="paar"/>
              </node>
              <node begin="7" end="8" frame="tmp_noun(de,count,pl)" gen="de" getal="mv" graad="basis" his="compound" his_1="2" id="16" lcat="np" lemma="honkbal_wedstrijd" ntype="soort" num="pl" pos="noun" postag="N(soort,mv,basis)" pt="n" rel="hd" rnum="pl" root="honkbal_wedstrijd" sense="honkbal_wedstrijd" special="tmp" word="honkbalwedstrijden"/>
            </node>
            <node begin="9" buiging="zonder" end="10" frame="verb(hebben,inf,transitive)" his="normal" his_1="normal" id="17" infl="inf" lcat="inf" lemma="kijken" pos="verb" positie="vrij" postag="WW(inf,vrij,zonder)" pt="ww" rel="hd" root="kijk" sc="transitive" sense="kijk" word="kijken" wvorm="inf"/>
          </node>
        </node>
      </node>
    </node>
    <node begin="10" end="11" frame="punct(punt)" his="normal" his_1="normal" id="18" lcat="punct" lemma="." pos="punct" postag="LET()" pt="let" rel="--" root="." sense="." special="punt" word="."/>
  </node>
  <sentence sentid="1210">Geen buitenaards wezen stierf zonder een paar honkbalwedstrijden te kijken .</sentence>
  <comments>
    <comment>Q#1210|Geen buitenaards wezen stierf zonder een paar honkbalwedstrijden te kijken .|1|1|-6.740815972999999</comment>
  </comments>
</alpino_ds>
