<?xml version="1.0" encoding="UTF-8"?>
<alpino_ds version="1.15">
  <parser build="Alpino-x86_64-linux-glibc2.5-git1006-sicstus" date="2023-09-07T13:17" cats="1" skips="0" />
  <node begin="0" cat="top" end="9" id="0" rel="top">
    <node begin="0" cat="smain" end="8" id="1" rel="--">
      <node begin="0" cat="np" end="4" id="2" rel="su">
        <node begin="0" end="1" frame="modal_adverb" his="normal" his_1="decap" his_1_1="normal" id="3" lcat="advp" lemma="alleen" pos="adv" postag="BW()" pt="bw" rel="mod" root="alleen" sc="modal" sense="alleen" word="Alleen"/>
        <node begin="1" end="2" frame="number(hoofd(pl_num))" his="normal" his_1="number_expression" id="4" infl="pl_num" lcat="detp" lemma="12" naamval="stan" numtype="hoofd" pos="num" positie="prenom" postag="TW(hoofd,prenom,stan)" pt="tw" rel="det" root="12" sense="12" word="12"/>
        <node aform="base" begin="2" buiging="met-e" end="3" frame="adjective(e)" graad="basis" his="normal" his_1="normal" id="5" infl="e" lcat="ap" lemma="buitenaards" naamval="stan" pos="adj" positie="prenom" postag="ADJ(prenom,basis,met-e,stan)" pt="adj" rel="mod" root="buitenaards" sense="buitenaards" vform="adj" word="buitenaardse"/>
        <node begin="3" end="4" frame="noun(het,count,pl)" gen="het" getal="mv" graad="basis" his="normal" his_1="normal" id="6" lcat="np" lemma="wezen" ntype="soort" num="pl" pos="noun" postag="N(soort,mv,basis)" pt="n" rel="hd" rnum="pl" root="wezen" sense="wezen" word="wezens"/>
      </node>
      <node begin="4" end="5" frame="verb(hebben,past(pl),transitive)" his="normal" his_1="normal" id="7" infl="pl" lcat="smain" lemma="rijden" pos="verb" postag="WW(pv,verl,mv)" pt="ww" pvagr="mv" pvtijd="verl" rel="hd" root="rijd" sc="transitive" sense="rijd" stype="declarative" tense="past" v_per="thi" word="reden" wvorm="pv"/>
      <node begin="5" cat="np" end="8" id="8" rel="obj1">
        <node begin="5" cat="np" end="7" his="normal" his_1="normal" id="9" rel="det">
          <node begin="5" end="6" frame="determiner(een)" id="10" infl="een" lcat="detp" lemma="een" lwtype="onbep" naamval="stan" npagr="agr" pos="det" postag="LID(onbep,stan,agr)" pt="lid" rel="det" root="een" sense="een" word="een"/>
          <node begin="6" end="7" frame="noun(both,both,sg)" gen="both" genus="onz" getal="ev" graad="basis" id="11" lcat="np" lemma="paar" naamval="stan" ntype="soort" num="sg" pos="noun" postag="N(soort,ev,basis,onz,stan)" pt="n" rel="hd" root="paar" sense="paar" word="paar"/>
        </node>
        <node begin="7" end="8" frame="noun(de,count,pl)" gen="de" getal="mv" graad="basis" his="normal" his_1="variant" his_1_1="variant" his_1_1_1="auto&apos;s" his_1_1_2="auto’s" his_1_2="normal" id="12" lcat="np" lemma="auto" ntype="soort" num="pl" pos="noun" postag="N(soort,mv,basis)" pt="n" rel="hd" rnum="pl" root="auto" sense="auto" word="auto’s"/>
      </node>
    </node>
    <node begin="8" end="9" frame="punct(punt)" his="normal" his_1="normal" id="13" lcat="punct" lemma="." pos="punct" postag="LET()" pt="let" rel="--" root="." sense="." special="punt" word="."/>
  </node>
  <sentence sentid="125">Alleen 12 buitenaardse wezens reden een paar auto’s .</sentence>
  <comments>
    <comment>Q#125|Alleen 12 buitenaardse wezens reden een paar auto’s .|1|1|-4.6257171787999996</comment>
  </comments>
</alpino_ds>
