<?xml version="1.0" encoding="UTF-8"?>
<alpino_ds version="1.15">
  <parser build="Alpino-x86_64-linux-glibc2.5-git1006-sicstus" date="2023-09-07T13:22" cats="1" skips="0" />
  <node begin="0" cat="top" end="10" id="0" rel="top">
    <node begin="0" cat="smain" end="9" id="1" rel="--">
      <node begin="0" cat="np" end="3" id="2" rel="su">
        <node begin="0" buiging="zonder" end="1" frame="determiner(geen,nwh,mod,pro,yparg,nwkpro,geen)" his="normal" his_1="decap" his_1_1="normal" id="3" infl="geen" lcat="detp" lemma="geen" naamval="stan" npagr="agr" pdtype="det" pos="det" positie="prenom" postag="VNW(onbep,det,stan,prenom,zonder,agr)" pt="vnw" rel="det" root="geen" sense="geen" vwtype="onbep" wh="nwh" word="Geen"/>
        <node aform="base" begin="1" buiging="zonder" end="2" frame="adjective(no_e(nonadv))" graad="basis" his="normal" his_1="normal" id="4" infl="no_e" lcat="ap" lemma="buitenaards" pos="adj" positie="prenom" postag="ADJ(prenom,basis,zonder)" pt="adj" rel="mod" root="buitenaards" sense="buitenaards" vform="adj" word="buitenaards"/>
        <node begin="2" end="3" frame="noun(het,count,sg)" gen="het" genus="onz" getal="ev" graad="basis" his="normal" his_1="normal" id="5" lcat="np" lemma="wezen" naamval="stan" ntype="soort" num="sg" pos="noun" postag="N(soort,ev,basis,onz,stan)" pt="n" rel="hd" rnum="sg" root="wezen" sense="wezen" word="wezen"/>
      </node>
      <node begin="3" end="4" frame="verb(unacc,past(sg),intransitive)" his="normal" his_1="normal" id="6" infl="sg" lcat="smain" lemma="sterven" pos="verb" postag="WW(pv,verl,ev)" pt="ww" pvagr="ev" pvtijd="verl" rel="hd" root="sterf" sc="intransitive" sense="sterf" stype="declarative" tense="past" v_per="thi" word="stierf" wvorm="pv"/>
      <node begin="4" cat="cp" end="9" id="7" rel="mod">
        <node begin="4" end="5" frame="complementizer(inf)" his="normal" his_1="normal" id="8" lcat="cp" lemma="zonder" pos="comp" postag="VZ(init)" pt="vz" rel="cmp" root="zonder" sc="inf" sense="zonder" vztype="init" word="zonder"/>
        <node begin="5" cat="ti" end="9" id="9" rel="body">
          <node begin="7" end="8" frame="complementizer(te)" his="normal" his_1="normal" id="10" lcat="ti" lemma="te" pos="comp" postag="VZ(init)" pt="vz" rel="cmp" root="te" sc="te" sense="te" vztype="init" word="te"/>
          <node begin="5" cat="inf" end="9" id="11" rel="body">
            <node begin="5" cat="np" end="7" id="12" rel="obj1">
              <node begin="5" end="6" frame="determiner(wat,nwh,mod,pro,nparg,ntopicpro)" getal="ev" his="normal" his_1="normal" id="13" infl="wat" lcat="detp" lemma="wat" naamval="stan" pdtype="pron" persoon="3o" pos="det" postag="VNW(onbep,pron,stan,vol,3o,ev)" pt="vnw" rel="det" root="wat" sense="wat" status="vol" vwtype="onbep" wh="nwh" word="wat"/>
              <node begin="6" end="7" frame="noun(de,count,sg)" gen="de" genus="zijd" getal="ev" graad="basis" his="normal" his_1="normal" id="14" lcat="np" lemma="cola" naamval="stan" ntype="soort" num="sg" pos="noun" postag="N(soort,ev,basis,zijd,stan)" pt="n" rel="hd" rnum="sg" root="cola" sense="cola" word="cola"/>
            </node>
            <node begin="8" buiging="zonder" end="9" frame="verb(hebben,inf,transitive)" his="normal" his_1="normal" id="15" infl="inf" lcat="inf" lemma="drinken" pos="verb" positie="vrij" postag="WW(inf,vrij,zonder)" pt="ww" rel="hd" root="drink" sc="transitive" sense="drink" word="drinken" wvorm="inf"/>
          </node>
        </node>
      </node>
    </node>
    <node begin="9" end="10" frame="punct(punt)" his="normal" his_1="normal" id="16" lcat="punct" lemma="." pos="punct" postag="LET()" pt="let" rel="--" root="." sense="." special="punt" word="."/>
  </node>
  <sentence sentid="1252">Geen buitenaards wezen stierf zonder wat cola te drinken .</sentence>
  <comments>
    <comment>Q#1252|Geen buitenaards wezen stierf zonder wat cola te drinken .|1|1|-7.343340551399999</comment>
  </comments>
</alpino_ds>
