<?xml version="1.0" encoding="UTF-8"?>
<alpino_ds version="1.15">
  <parser build="Alpino-x86_64-linux-glibc2.5-git1006-sicstus" date="2023-09-07T13:22" cats="1" skips="0" />
  <node begin="0" cat="top" end="8" id="0" rel="top">
    <node begin="0" cat="smain" end="7" id="1" rel="--">
      <node begin="0" cat="np" end="3" id="2" index="1" rel="su">
        <node begin="0" buiging="zonder" end="1" frame="determiner(geen,nwh,mod,pro,yparg,nwkpro,geen)" his="normal" his_1="decap" his_1_1="normal" id="3" infl="geen" lcat="detp" lemma="geen" naamval="stan" npagr="agr" pdtype="det" pos="det" positie="prenom" postag="VNW(onbep,det,stan,prenom,zonder,agr)" pt="vnw" rel="det" root="geen" sense="geen" vwtype="onbep" wh="nwh" word="Geen"/>
        <node aform="base" begin="1" buiging="zonder" end="2" frame="adjective(no_e(adv))" graad="basis" his="normal" his_1="normal" id="4" infl="no_e" lcat="ap" lemma="klein" pos="adj" positie="prenom" postag="ADJ(prenom,basis,zonder)" pt="adj" rel="mod" root="klein" sense="klein" vform="adj" word="klein"/>
        <node begin="2" end="3" frame="noun(het,count,sg)" gen="het" genus="onz" getal="ev" graad="basis" his="normal" his_1="normal" id="5" lcat="np" lemma="kind" naamval="stan" ntype="soort" num="sg" pos="noun" postag="N(soort,ev,basis,onz,stan)" pt="n" rel="hd" rnum="sg" root="kind" sense="kind" word="kind"/>
      </node>
      <node begin="3" end="4" frame="verb(hebben,past(sg),aux(inf))" his="normal" his_1="normal" id="6" infl="sg" lcat="smain" lemma="zullen" pos="verb" postag="WW(pv,verl,ev)" pt="ww" pvagr="ev" pvtijd="verl" rel="hd" root="zal" sc="aux(inf)" sense="zal" stype="declarative" tense="past" v_per="thi" word="zou" wvorm="pv"/>
      <node begin="0" cat="inf" end="7" id="7" rel="vc">
        <node begin="0" end="3" id="8" index="1" rel="su"/>
        <node begin="5" buiging="zonder" end="6" frame="verb('hebben/zijn',inf,modifier(aux(inf)))" his="normal" his_1="normal" id="9" infl="inf" lcat="inf" lemma="moeten" pos="verb" positie="vrij" postag="WW(inf,vrij,zonder)" pt="ww" rel="hd" root="moet" sc="modifier(aux(inf))" sense="moet" word="moeten" wvorm="inf"/>
        <node begin="0" cat="inf" end="7" id="10" rel="vc">
          <node begin="0" end="3" id="11" index="1" rel="su"/>
          <node begin="0" cat="ppart" end="5" id="12" rel="vc">
            <node begin="0" end="3" id="13" index="1" rel="obj1"/>
            <node begin="4" buiging="zonder" end="5" frame="verb(hebben,psp,ninv(transitive,part_transitive(achter)))" his="normal" his_1="part-V" id="14" infl="psp" lcat="ppart" lemma="achter_laten" pos="verb" positie="vrij" postag="WW(vd,vrij,zonder)" pt="ww" rel="hd" root="laat_achter" sc="part_transitive(achter)" sense="laat_achter" word="achtergelaten" wvorm="vd"/>
          </node>
          <node begin="6" buiging="zonder" end="7" frame="verb(unacc,inf,passive)" his="normal" his_1="normal" id="15" infl="inf" lcat="inf" lemma="worden" pos="verb" positie="vrij" postag="WW(inf,vrij,zonder)" pt="ww" rel="hd" root="word" sc="passive" sense="word" word="worden" wvorm="inf"/>
        </node>
      </node>
    </node>
    <node begin="7" end="8" frame="punct(punt)" his="normal" his_1="normal" id="16" lcat="punct" lemma="." pos="punct" postag="LET()" pt="let" rel="--" root="." sense="." special="punt" word="."/>
  </node>
  <sentence sentid="1267">Geen klein kind zou achtergelaten moeten worden .</sentence>
  <comments>
    <comment>Q#1267|Geen klein kind zou achtergelaten moeten worden .|1|1|-9.2712313436</comment>
  </comments>
</alpino_ds>
