<?xml version="1.0" encoding="UTF-8"?>
<alpino_ds version="1.15">
  <parser build="Alpino-x86_64-linux-glibc2.5-git1006-sicstus" date="2023-09-07T13:22" cats="1" skips="0" />
  <node begin="0" cat="top" end="11" id="0" rel="top">
    <node begin="0" cat="smain" end="10" id="1" rel="--">
      <node begin="0" cat="np" end="6" id="2" index="1" rel="su">
        <node begin="0" buiging="zonder" end="1" frame="determiner(geen,nwh,mod,pro,yparg,nwkpro,geen)" his="normal" his_1="decap" his_1_1="normal" id="3" infl="geen" lcat="detp" lemma="geen" naamval="stan" npagr="agr" pdtype="det" pos="det" positie="prenom" postag="VNW(onbep,det,stan,prenom,zonder,agr)" pt="vnw" rel="det" root="geen" sense="geen" vwtype="onbep" wh="nwh" word="Geen"/>
        <node aform="base" begin="1" buiging="zonder" end="2" frame="adjective(end(both))" his="normal" his_1="normal" id="4" infl="no_e" lcat="ppres" lemma="leven" pos="adj" positie="prenom" postag="WW(od,prenom,zonder)" pt="ww" rel="mod" root="leven" sense="leven" vform="gerund" word="levend" wvorm="od"/>
        <node begin="2" end="3" frame="noun(het,count,sg)" gen="het" genus="onz" getal="ev" graad="basis" his="normal" his_1="normal" id="5" lcat="np" lemma="wezen" naamval="stan" ntype="soort" num="sg" pos="noun" postag="N(soort,ev,basis,onz,stan)" pt="n" rel="hd" rnum="sg" root="wezen" sense="wezen" word="wezen"/>
        <node begin="3" cat="cp" end="6" id="6" rel="mod">
          <node begin="3" conjtype="onder" end="4" frame="complementizer(zoals)" his="normal" his_1="normal" id="7" lcat="cp" lemma="zoals" pos="comp" postag="VG(onder)" pt="vg" rel="cmp" root="zoals" sc="zoals" sense="zoals" word="zoals"/>
          <node begin="4" cat="ssub" end="6" id="8" rel="body">
            <node begin="4" case="nom" def="def" end="5" frame="pronoun(nwh,fir,sg,de,nom,def)" gen="de" getal="ev" his="normal" his_1="normal" id="9" lcat="np" lemma="ik" naamval="nomin" num="sg" pdtype="pron" per="fir" persoon="1" pos="pron" postag="VNW(pers,pron,nomin,vol,1,ev)" pt="vnw" rel="su" rnum="sg" root="ik" sense="ik" status="vol" vwtype="pers" wh="nwh" word="ik"/>
            <node begin="5" end="6" frame="verb(hebben,sg,tr_sbar)" his="normal" his_1="normal" id="10" infl="sg" lcat="ssub" lemma="weten" pos="verb" postag="WW(pv,tgw,ev)" pt="ww" pvagr="ev" pvtijd="tgw" rel="hd" root="weet" sc="tr_sbar" sense="weet" tense="present" v_per="fir" word="weet" wvorm="pv"/>
          </node>
        </node>
      </node>
      <node begin="6" end="7" frame="verb('hebben/zijn',modal_not_u,aux(inf))" his="normal" his_1="normal" id="11" infl="modal_not_u" lcat="smain" lemma="kunnen" pos="verb" postag="WW(pv,tgw,ev)" pt="ww" pvagr="ev" pvtijd="tgw" rel="hd" root="kan" sc="aux(inf)" sense="kan" stype="declarative" tense="present" v_per="thi" word="kan" wvorm="pv"/>
      <node begin="0" cat="inf" end="10" id="12" rel="vc">
        <node begin="0" end="6" id="13" index="1" rel="su"/>
        <node begin="7" buiging="zonder" end="8" frame="verb(hebben,inf,intransitive)" his="normal" his_1="normal" id="14" infl="inf" lcat="inf" lemma="leven" pos="verb" positie="vrij" postag="WW(inf,vrij,zonder)" pt="ww" rel="hd" root="leef" sc="intransitive" sense="leef" word="leven" wvorm="inf"/>
        <node begin="8" cat="pp" end="10" id="15" rel="mod">
          <node begin="8" end="9" frame="preposition(zonder,[])" his="normal" his_1="normal" id="16" lcat="pp" lemma="zonder" pos="prep" postag="VZ(init)" pt="vz" rel="hd" root="zonder" sense="zonder" vztype="init" word="zonder"/>
          <node begin="9" end="10" frame="noun(de,count,sg)" gen="de" genus="zijd" getal="ev" graad="basis" his="normal" his_1="normal" id="17" lcat="np" lemma="lucht" naamval="stan" ntype="soort" num="sg" pos="noun" postag="N(soort,ev,basis,zijd,stan)" pt="n" rel="obj1" rnum="sg" root="lucht" sense="lucht" word="lucht"/>
        </node>
      </node>
    </node>
    <node begin="10" end="11" frame="punct(punt)" his="normal" his_1="normal" id="18" lcat="punct" lemma="." pos="punct" postag="LET()" pt="let" rel="--" root="." sense="." special="punt" word="."/>
  </node>
  <sentence sentid="1271">Geen levend wezen zoals ik weet kan leven zonder lucht .</sentence>
  <comments>
    <comment>Q#1271|Geen levend wezen zoals ik weet kan leven zonder lucht .|1|1|-8.3665504539</comment>
  </comments>
</alpino_ds>
