<?xml version="1.0" encoding="UTF-8"?>
<alpino_ds version="1.15">
  <parser build="Alpino-x86_64-linux-glibc2.5-git1006-sicstus" date="2023-09-07T13:22" cats="1" skips="0" />
  <node begin="0" cat="top" end="11" id="0" rel="top">
    <node begin="0" cat="smain" end="10" id="1" rel="--">
      <node begin="0" cat="np" end="5" id="2" rel="su">
        <node begin="0" buiging="zonder" end="1" frame="determiner(geen,nwh,mod,pro,yparg,nwkpro,geen)" getal-n="zonder-n" his="normal" his_1="decap" his_1_1="normal" id="3" infl="geen" lcat="np" lemma="geen" naamval="stan" pdtype="det" pos="det" positie="nom" postag="VNW(onbep,det,stan,nom,zonder,zonder-n)" pt="vnw" rel="hd" rnum="sg" root="geen" sense="geen" vwtype="onbep" wh="nwh" word="Geen"/>
        <node begin="1" cat="pp" end="5" id="4" rel="mod">
          <node begin="1" end="2" frame="preposition(van,[af,uit,vandaan,[af,aan]])" his="normal" his_1="normal" id="5" lcat="pp" lemma="van" pos="prep" postag="VZ(init)" pt="vz" rel="hd" root="van" sense="van" vztype="init" word="van"/>
          <node begin="2" cat="np" end="5" id="6" rel="obj1">
            <node begin="2" buiging="met-e" end="3" frame="adj_number(pl_num)" getal="mv" graad="basis" his="normal" his_1="normal" id="7" infl="pl_num" lcat="detp" lemma="beide" naamval="stan" pdtype="grad" pos="det" positie="prenom" postag="VNW(onbep,grad,stan,prenom,met-e,mv,basis)" pt="vnw" rel="det" root="beide" sense="beide" special="adj_number" vwtype="onbep" word="beide"/>
            <node aform="base" begin="3" buiging="met-e" end="4" frame="adjective(e)" graad="basis" his="normal" his_1="normal" id="8" infl="e" lcat="ap" lemma="vrouwelijk" naamval="stan" pos="adj" positie="prenom" postag="ADJ(prenom,basis,met-e,stan)" pt="adj" rel="mod" root="vrouwelijk" sense="vrouwelijk" vform="adj" word="vrouwelijke"/>
            <node begin="4" end="5" frame="noun(de,count,pl)" gen="de" getal="mv" graad="basis" his="normal" his_1="normal" id="9" lcat="np" lemma="commissaris" ntype="soort" num="pl" pos="noun" postag="N(soort,mv,basis)" pt="n" rel="hd" rnum="pl" root="commissaris" sense="commissaris" word="commissarissen"/>
          </node>
        </node>
      </node>
      <node begin="5" end="6" frame="verb(hebben,sg3,part_transitive(door))" his="normal" his_1="normal" id="10" infl="sg3" lcat="smain" lemma="door_brengen" pos="verb" postag="WW(pv,tgw,met-t)" pt="ww" pvagr="met-t" pvtijd="tgw" rel="hd" root="breng_door" sc="part_transitive(door)" sense="breng_door" stype="declarative" tense="present" v_per="thi" word="brengt" wvorm="pv"/>
      <node begin="6" cat="np" end="8" id="11" rel="obj1">
        <node aform="base" begin="6" buiging="zonder" end="7" frame="adjective(no_e(odet_adv))" graad="basis" his="normal" his_1="normal" id="12" infl="no_e" lcat="detp" lemma="veel" naamval="stan" npagr="agr" pdtype="grad" pos="adj" positie="prenom" postag="VNW(onbep,grad,stan,prenom,zonder,agr,basis)" pt="vnw" rel="det" root="veel" sense="veel" vform="adj" vwtype="onbep" word="veel"/>
        <node begin="7" end="8" frame="tmp_noun(de,count,sg)" gen="de" genus="zijd" getal="ev" graad="basis" his="normal" his_1="normal" id="13" lcat="np" lemma="tijd" naamval="stan" ntype="soort" num="sg" pos="noun" postag="N(soort,ev,basis,zijd,stan)" pt="n" rel="hd" rnum="sg" root="tijd" sense="tijd" special="tmp" word="tijd"/>
      </node>
      <node begin="8" end="9" frame="loc_adverb" his="normal" his_1="normal" id="14" lcat="advp" lemma="thuis" pos="adv" postag="BW()" pt="bw" rel="mod" root="thuis" sense="thuis" special="loc" word="thuis"/>
      <node begin="9" end="10" frame="particle(door)" his="normal" his_1="normal" id="15" lcat="part" lemma="door" pos="part" postag="VZ(fin)" pt="vz" rel="svp" root="door" sense="door" vztype="fin" word="door"/>
    </node>
    <node begin="10" end="11" frame="punct(punt)" his="normal" his_1="normal" id="16" lcat="punct" lemma="." pos="punct" postag="LET()" pt="let" rel="--" root="." sense="." special="punt" word="."/>
  </node>
  <sentence sentid="1297">Geen van beide vrouwelijke commissarissen brengt veel tijd thuis door .</sentence>
  <comments>
    <comment>Q#1297|Geen van beide vrouwelijke commissarissen brengt veel tijd thuis door .|1|1|-6.066924908</comment>
  </comments>
</alpino_ds>
