<?xml version="1.0" encoding="UTF-8"?>
<alpino_ds version="1.15">
  <parser build="Alpino-x86_64-linux-glibc2.5-git1006-sicstus" date="2023-09-07T13:22" cats="1" skips="0" />
  <node begin="0" cat="top" end="13" id="0" rel="top">
    <node begin="0" cat="smain" end="12" id="1" rel="--">
      <node begin="0" cat="np" end="4" id="2" rel="su">
        <node begin="0" buiging="zonder" end="1" frame="determiner(geen,nwh,mod,pro,yparg,nwkpro,geen)" getal-n="zonder-n" his="normal" his_1="decap" his_1_1="normal" id="3" infl="geen" lcat="np" lemma="geen" naamval="stan" pdtype="det" pos="det" positie="nom" postag="VNW(onbep,det,stan,nom,zonder,zonder-n)" pt="vnw" rel="hd" rnum="sg" root="geen" sense="geen" vwtype="onbep" wh="nwh" word="Geen"/>
        <node begin="1" cat="pp" end="4" id="4" rel="mod">
          <node begin="1" end="2" frame="preposition(van,[af,uit,vandaan,[af,aan]])" his="normal" his_1="normal" id="5" lcat="pp" lemma="van" pos="prep" postag="VZ(init)" pt="vz" rel="hd" root="van" sense="van" vztype="init" word="van"/>
          <node begin="2" cat="np" end="4" id="6" rel="obj1">
            <node begin="2" end="3" frame="determiner(de)" his="normal" his_1="normal" id="7" infl="de" lcat="detp" lemma="de" lwtype="bep" naamval="stan" npagr="rest" pos="det" postag="LID(bep,stan,rest)" pt="lid" rel="det" root="de" sense="de" word="de"/>
            <node begin="3" end="4" frame="noun(de,count,pl)" gen="de" getal="mv" graad="basis" his="normal" his_1="normal" id="8" lcat="np" lemma="sopraan" ntype="soort" num="pl" pos="noun" postag="N(soort,mv,basis)" pt="n" rel="hd" rnum="pl" root="sopraan" sense="sopraan" word="sopranen"/>
          </node>
        </node>
      </node>
      <node begin="4" end="5" frame="verb(hebben,past(sg),intransitive)" his="normal" his_1="normal" id="9" infl="sg" lcat="smain" lemma="zingen" pos="verb" postag="WW(pv,verl,ev)" pt="ww" pvagr="ev" pvtijd="verl" rel="hd" root="zing" sc="intransitive" sense="zing" stype="declarative" tense="past" v_per="thi" word="zong" wvorm="pv"/>
      <node begin="5" cat="pp" end="12" id="10" rel="mod">
        <node begin="5" end="6" frame="preposition(met,[mee,[en,al]])" his="normal" his_1="normal" id="11" lcat="pp" lemma="met" pos="prep" postag="VZ(init)" pt="vz" rel="hd" root="met" sense="met" vztype="init" word="met"/>
        <node begin="6" cat="np" end="12" id="12" rel="obj1">
          <node begin="6" cat="mwu" end="8" his="normal" his_1="normal" id="13" rel="mod">
            <node begin="6" buiging="zonder" end="7" frame="pre_num_adv(both)" graad="comp" id="14" infl="both" lcat="advp" lemma="weinig" naamval="stan" pdtype="grad" pos="det" positie="vrij" postag="VNW(onbep,grad,stan,vrij,zonder,comp)" pt="vnw" rel="mwp" root="minder" sense="minder" special="pre_num_adv" vwtype="onbep" word="minder"/>
            <node begin="7" conjtype="onder" end="8" frame="pre_num_adv(both)" id="15" infl="both" lcat="advp" lemma="dan" pos="det" postag="VG(onder)" pt="vg" rel="mwp" root="dan" sense="dan" special="pre_num_adv" word="dan"/>
          </node>
          <node begin="8" end="9" frame="number(hoofd(pl_num))" getal-n="zonder-n" graad="basis" his="normal" his_1="number_expression" id="16" infl="pl_num" lcat="np" lemma="drie" numtype="hoofd" pos="num" positie="nom" postag="TW(hoofd,nom,zonder-n,basis)" pt="tw" rel="hd" root="drie" sense="drie" word="drie"/>
          <node begin="9" cat="pp" end="12" id="17" rel="mod">
            <node begin="9" end="10" frame="preposition(van,[af,uit,vandaan,[af,aan]])" his="normal" his_1="normal" id="18" lcat="pp" lemma="van" pos="prep" postag="VZ(init)" pt="vz" rel="hd" root="van" sense="van" vztype="init" word="van"/>
            <node begin="10" cat="np" end="12" id="19" rel="obj1">
              <node begin="10" end="11" frame="determiner(de)" his="normal" his_1="normal" id="20" infl="de" lcat="detp" lemma="de" lwtype="bep" naamval="stan" npagr="rest" pos="det" postag="LID(bep,stan,rest)" pt="lid" rel="det" root="de" sense="de" word="de"/>
              <node begin="11" end="12" frame="noun(de,count,pl)" gen="de" getal="mv" graad="basis" his="normal" his_1="normal" id="21" lcat="np" lemma="tenor" ntype="soort" num="pl" pos="noun" postag="N(soort,mv,basis)" pt="n" rel="hd" rnum="pl" root="tenor" sense="tenor" word="tenoren"/>
            </node>
          </node>
        </node>
      </node>
    </node>
    <node begin="12" end="13" frame="punct(punt)" his="normal" his_1="normal" id="22" lcat="punct" lemma="." pos="punct" postag="LET()" pt="let" rel="--" root="." sense="." special="punt" word="."/>
  </node>
  <sentence sentid="1299">Geen van de sopranen zong met minder dan drie van de tenoren .</sentence>
  <comments>
    <comment>Q#1299|Geen van de sopranen zong met minder dan drie van de tenoren .|1|1|0.03192877240000058</comment>
  </comments>
</alpino_ds>
