<?xml version="1.0" encoding="UTF-8"?>
<alpino_ds version="1.15">
  <parser build="Alpino-x86_64-linux-glibc2.5-git1006-sicstus" date="2023-09-07T13:22" cats="1" skips="0" />
  <node begin="0" cat="top" end="8" id="0" rel="top">
    <node begin="0" cat="smain" end="7" id="1" rel="--">
      <node begin="0" cat="np" end="2" id="2" index="1" rel="su">
        <node begin="0" buiging="zonder" end="1" frame="determiner(geen,nwh,mod,pro,yparg,nwkpro,geen)" his="normal" his_1="decap" his_1_1="normal" id="3" infl="geen" lcat="detp" lemma="geen" naamval="stan" npagr="agr" pdtype="det" pos="det" positie="prenom" postag="VNW(onbep,det,stan,prenom,zonder,agr)" pt="vnw" rel="det" root="geen" sense="geen" vwtype="onbep" wh="nwh" word="Geen"/>
        <node begin="1" end="2" frame="noun(de,count,sg)" gen="de" genus="zijd" getal="ev" graad="basis" his="normal" his_1="normal" id="4" lcat="np" lemma="vrouw" naamval="stan" ntype="soort" num="sg" pos="noun" postag="N(soort,ev,basis,zijd,stan)" pt="n" rel="hd" rnum="sg" root="vrouw" sense="vrouw" word="vrouw"/>
      </node>
      <node begin="2" end="3" frame="verb(hebben,sg_heeft,aux_psp_hebben)" his="normal" his_1="normal" id="5" infl="sg_heeft" lcat="smain" lemma="hebben" pos="verb" postag="WW(pv,tgw,met-t)" pt="ww" pvagr="met-t" pvtijd="tgw" rel="hd" root="heb" sc="aux_psp_hebben" sense="heb" stype="declarative" tense="present" v_per="thi" word="heeft" wvorm="pv"/>
      <node begin="0" cat="ppart" end="7" id="6" rel="vc">
        <node begin="0" end="2" id="7" index="1" rel="su"/>
        <node begin="3" end="4" frame="determiner(het,nwh,nmod,pro,nparg)" getal="ev" his="normal" his_1="normal" id="8" infl="het" lcat="np" lemma="dit" naamval="stan" pdtype="pron" persoon="3o" pos="det" postag="VNW(aanw,pron,stan,vol,3o,ev)" pt="vnw" rel="obj1" rnum="sg" root="dit" sense="dit" status="vol" vwtype="aanw" wh="nwh" word="dit"/>
        <node begin="4" end="5" frame="tmp_adverb" his="normal" his_1="normal" id="9" lcat="advp" lemma="ooit" pos="adv" postag="BW()" pt="bw" rel="mod" root="ooit" sense="ooit" special="tmp" word="ooit"/>
        <node aform="compar" begin="5" buiging="zonder" end="6" frame="adjective(er(adv))" graad="comp" his="normal" his_1="normal" id="10" infl="no_e" lcat="ap" lemma="eerder" pos="adj" positie="vrij" postag="ADJ(vrij,comp,zonder)" pt="adj" rel="mod" root="eerder" sense="eerder" vform="adj" word="eerder"/>
        <node begin="6" buiging="zonder" end="7" frame="verb(hebben,psp,transitive_ndev)" his="normal" his_1="normal" id="11" infl="psp" lcat="ppart" lemma="doen" pos="verb" positie="vrij" postag="WW(vd,vrij,zonder)" pt="ww" rel="hd" root="doe" sc="transitive_ndev" sense="doe" word="gedaan" wvorm="vd"/>
      </node>
    </node>
    <node begin="7" end="8" frame="punct(punt)" his="normal" his_1="normal" id="12" lcat="punct" lemma="." pos="punct" postag="LET()" pt="let" rel="--" root="." sense="." special="punt" word="."/>
  </node>
  <sentence sentid="1303">Geen vrouw heeft dit ooit eerder gedaan .</sentence>
  <comments>
    <comment>Q#1303|Geen vrouw heeft dit ooit eerder gedaan .|1|1|-7.7415616208</comment>
  </comments>
</alpino_ds>
