<?xml version="1.0" encoding="UTF-8"?>
<alpino_ds version="1.15">
  <parser build="Alpino-x86_64-linux-glibc2.5-git1006-sicstus" date="2023-09-07T13:22" cats="1" skips="0" />
  <node begin="0" cat="top" end="10" id="0" rel="top">
    <node begin="0" cat="smain" end="9" id="1" rel="--">
      <node begin="0" cat="np" end="2" id="2" index="1" rel="su">
        <node begin="0" buiging="zonder" end="1" frame="determiner(geen,nwh,mod,pro,yparg,nwkpro,geen)" his="normal" his_1="decap" his_1_1="normal" id="3" infl="geen" lcat="detp" lemma="geen" naamval="stan" npagr="agr" pdtype="det" pos="det" positie="prenom" postag="VNW(onbep,det,stan,prenom,zonder,agr)" pt="vnw" rel="det" root="geen" sense="geen" vwtype="onbep" wh="nwh" word="Geen"/>
        <node begin="1" end="2" frame="noun(het,count,sg)" gen="het" genus="onz" getal="ev" graad="basis" his="normal" his_1="normal" id="4" lcat="np" lemma="wezen" naamval="stan" ntype="soort" num="sg" pos="noun" postag="N(soort,ev,basis,onz,stan)" pt="n" rel="hd" rnum="sg" root="wezen" sense="wezen" word="wezen"/>
      </node>
      <node begin="2" end="3" frame="verb('hebben/zijn',modal_not_u,aux(inf))" his="normal" his_1="normal" id="5" infl="modal_not_u" lcat="smain" lemma="kunnen" pos="verb" postag="WW(pv,tgw,ev)" pt="ww" pvagr="ev" pvtijd="tgw" rel="hd" root="kan" sc="aux(inf)" sense="kan" stype="declarative" tense="present" v_per="thi" word="kan" wvorm="pv"/>
      <node begin="0" cat="inf" end="9" id="6" rel="vc">
        <node begin="0" end="2" id="7" index="1" rel="su"/>
        <node begin="3" buiging="zonder" end="4" frame="verb(hebben,inf,ld_pp)" his="normal" his_1="normal" id="8" infl="inf" lcat="inf" lemma="leven" pos="verb" positie="vrij" postag="WW(inf,vrij,zonder)" pt="ww" rel="hd" root="leef" sc="ld_pp" sense="leef" word="leven" wvorm="inf"/>
        <node begin="4" cat="pp" end="6" id="9" rel="mod">
          <node begin="4" end="5" frame="preposition(zonder,[])" his="normal" his_1="normal" id="10" lcat="pp" lemma="zonder" pos="prep" postag="VZ(init)" pt="vz" rel="hd" root="zonder" sense="zonder" vztype="init" word="zonder"/>
          <node begin="5" end="6" frame="noun(de,count,sg)" gen="de" genus="zijd" getal="ev" graad="basis" his="normal" his_1="normal" id="11" lcat="np" lemma="lucht" naamval="stan" ntype="soort" num="sg" pos="noun" postag="N(soort,ev,basis,zijd,stan)" pt="n" rel="obj1" rnum="sg" root="lucht" sense="lucht" word="lucht"/>
        </node>
        <node begin="6" cat="pp" end="9" id="12" rel="ld">
          <node begin="6" end="7" frame="preposition(in,[])" his="normal" his_1="normal" id="13" lcat="pp" lemma="in" pos="prep" postag="VZ(init)" pt="vz" rel="hd" root="in" sense="in" vztype="init" word="in"/>
          <node begin="7" cat="np" end="9" id="14" rel="obj1">
            <node begin="7" end="8" frame="determiner(de)" his="normal" his_1="normal" id="15" infl="de" lcat="detp" lemma="de" lwtype="bep" naamval="stan" npagr="rest" pos="det" postag="LID(bep,stan,rest)" pt="lid" rel="det" root="de" sense="de" word="de"/>
            <node begin="8" end="9" frame="noun(de,count,sg)" gen="de" genus="zijd" getal="ev" graad="basis" his="normal" his_1="normal" id="16" lcat="np" lemma="zee" naamval="stan" ntype="soort" num="sg" pos="noun" postag="N(soort,ev,basis,zijd,stan)" pt="n" rel="hd" rnum="sg" root="zee" sense="zee" word="zee"/>
          </node>
        </node>
      </node>
    </node>
    <node begin="9" end="10" frame="punct(punt)" his="normal" his_1="normal" id="17" lcat="punct" lemma="." pos="punct" postag="LET()" pt="let" rel="--" root="." sense="." special="punt" word="."/>
  </node>
  <sentence sentid="1306">Geen wezen kan leven zonder lucht in de zee .</sentence>
  <comments>
    <comment>Q#1306|Geen wezen kan leven zonder lucht in de zee .|1|1|-4.9501276164</comment>
  </comments>
</alpino_ds>
