<?xml version="1.0" encoding="UTF-8"?>
<alpino_ds version="1.15">
  <parser build="Alpino-x86_64-linux-glibc2.5-git1006-sicstus" date="2023-09-07T13:22" cats="1" skips="0" />
  <node begin="0" cat="top" end="8" id="0" rel="top">
    <node begin="0" cat="smain" end="7" id="1" rel="--">
      <node begin="0" end="1" frame="proper_name(sg,'PER')" genus="zijd" getal="ev" graad="basis" his="normal" his_1="names_dictionary" id="2" lcat="np" lemma="George" naamval="stan" neclass="PER" ntype="eigen" num="sg" pos="name" postag="N(eigen,ev,basis,zijd,stan)" pt="n" rel="su" rnum="sg" root="George" sense="George" word="George"/>
      <node begin="1" end="2" frame="verb(hebben,sg3,intransitive)" his="normal" his_1="normal" id="3" infl="sg3" lcat="smain" lemma="wegen" pos="verb" postag="WW(pv,tgw,met-t)" pt="ww" pvagr="met-t" pvtijd="tgw" rel="hd" root="weeg" sc="intransitive" sense="weeg" stype="declarative" tense="present" v_per="thi" word="weegt" wvorm="pv"/>
      <node begin="2" end="3" frame="adverb" his="normal" his_1="normal" id="4" lcat="advp" lemma="niet" pos="adv" postag="BW()" pt="bw" rel="mod" root="niet" sense="niet" word="niet"/>
      <node begin="3" cat="ap" end="7" id="5" rel="mod">
        <node aform="compar" begin="3" buiging="zonder" end="4" frame="adjective(er(adv))" graad="comp" his="normal" his_1="normal" id="6" infl="no_e" lcat="ap" lemma="klein" pos="adj" positie="vrij" postag="ADJ(vrij,comp,zonder)" pt="adj" rel="hd" root="klein" sense="klein" vform="adj" word="kleiner"/>
        <node begin="4" cat="cp" end="7" id="7" rel="obcomp">
          <node begin="4" conjtype="onder" end="5" frame="comparative(dan)" his="normal" his_1="normal" id="8" lcat="comparative" lemma="dan" pos="comparative" postag="VG(onder)" pt="vg" rel="cmp" root="dan" sense="dan" word="dan"/>
          <node begin="5" cat="np" end="7" id="9" rel="body">
            <node begin="5" end="6" frame="number(hoofd(pl_num))" his="normal" his_1="number_expression" id="10" infl="pl_num" lcat="detp" lemma="70" naamval="stan" numtype="hoofd" pos="num" positie="prenom" postag="TW(hoofd,prenom,stan)" pt="tw" rel="det" root="70" sense="70" word="70"/>
            <node begin="6" end="7" frame="meas_mod_noun(both,count,meas)" gen="both" genus="zijd" getal="ev" graad="basis" his="normal" his_1="normal" id="11" lcat="np" lemma="kilo_gram" naamval="stan" ntype="soort" num="meas" pos="noun" postag="N(soort,ev,basis,zijd,stan)" pt="n" rel="hd" rnum="sg" root="kilo_gram" sense="kilo_gram" special="meas_mod" word="kilogram"/>
          </node>
        </node>
      </node>
    </node>
    <node begin="7" end="8" frame="punct(punt)" his="normal" his_1="normal" id="12" lcat="punct" lemma="." pos="punct" postag="LET()" pt="let" rel="--" root="." sense="." special="punt" word="."/>
  </node>
  <sentence sentid="1323">George weegt niet kleiner dan 70 kilogram .</sentence>
  <comments>
    <comment>Q#1323|George weegt niet kleiner dan 70 kilogram .|1|1|-1.0769287135000007</comment>
  </comments>
</alpino_ds>
