<?xml version="1.0" encoding="UTF-8"?>
<alpino_ds version="1.15">
  <parser build="Alpino-x86_64-linux-glibc2.5-git1006-sicstus" date="2023-09-07T13:22" cats="1" skips="0" />
  <node begin="0" cat="top" end="6" id="0" rel="top">
    <node begin="0" cat="sv1" end="5" id="1" rel="--">
      <node begin="0" end="1" frame="verb(hebben,past(pl),transitive_ndev)" his="normal" his_1="decap" his_1_1="normal" id="2" infl="pl" lcat="sv1" lemma="hebben" pos="verb" postag="WW(pv,verl,mv)" pt="ww" pvagr="mv" pvtijd="verl" rel="hd" root="heb" sc="transitive_ndev" sense="heb" stype="ynquestion" tense="past" v_per="fir" word="Hadden" wvorm="pv"/>
      <node begin="1" case="nom" def="def" end="2" frame="pronoun(nwh,fir,pl,de,nom,def,wkpro)" gen="de" getal="mv" his="normal" his_1="normal" id="3" lcat="np" lemma="we" naamval="nomin" num="pl" pdtype="pron" per="fir" persoon="1" pos="pron" postag="VNW(pers,pron,nomin,red,1,mv)" pt="vnw" rel="su" rnum="pl" root="we" sense="we" special="wkpro" status="red" vwtype="pers" wh="nwh" word="we"/>
      <node begin="2" end="3" frame="adverb" his="normal" his_1="normal" id="4" lcat="advp" lemma="maar" pos="adv" postag="BW()" pt="bw" rel="mod" root="maar" sense="maar" word="maar"/>
      <node begin="3" cat="np" end="5" id="5" rel="obj1">
        <node begin="3" end="4" frame="determiner(een)" his="normal" his_1="normal" id="6" infl="een" lcat="detp" lemma="een" lwtype="onbep" naamval="stan" npagr="agr" pos="det" postag="LID(onbep,stan,agr)" pt="lid" rel="det" root="een" sense="een" word="een"/>
        <node begin="4" end="5" frame="noun(de,count,sg)" gen="de" genus="zijd" getal="ev" graad="basis" his="normal" his_1="normal" id="7" lcat="np" lemma="tuin" naamval="stan" ntype="soort" num="sg" pos="noun" postag="N(soort,ev,basis,zijd,stan)" pt="n" rel="hd" rnum="sg" root="tuin" sense="tuin" word="tuin"/>
      </node>
    </node>
    <node begin="5" end="6" frame="punct(uitroep)" his="normal" his_1="normal" id="8" lcat="punct" lemma="!" pos="punct" postag="LET()" pt="let" rel="--" root="!" sense="!" special="uitroep" word="!"/>
  </node>
  <sentence sentid="1333">Hadden we maar een tuin !</sentence>
  <comments>
    <comment>Q#1333|Hadden we maar een tuin !|1|1|-1.9909385268000002</comment>
  </comments>
</alpino_ds>
