<?xml version="1.0" encoding="UTF-8"?>
<alpino_ds version="1.15">
  <parser build="Alpino-x86_64-linux-glibc2.5-git1006-sicstus" date="2023-09-07T13:22" cats="1" skips="0" />
  <node begin="0" cat="top" end="9" id="0" rel="top">
    <node begin="0" cat="smain" end="8" id="1" rel="--">
      <node begin="0" cat="np" end="4" id="2" rel="su">
        <node begin="0" end="1" frame="determiner(het,nwh,nmod,pro,nparg,wkpro)" his="normal" his_1="decap" his_1_1="normal" id="3" infl="het" lcat="detp" lemma="het" lwtype="bep" naamval="stan" npagr="evon" pos="det" postag="LID(bep,stan,evon)" pt="lid" rel="det" root="het" sense="het" wh="nwh" word="Het"/>
        <node aform="base" begin="1" buiging="met-e" end="2" frame="adjective(e)" graad="basis" his="normal" his_1="normal" id="4" infl="e" lcat="ap" lemma="blauw" naamval="stan" pos="adj" positie="prenom" postag="ADJ(prenom,basis,met-e,stan)" pt="adj" rel="mod" root="blauw" sense="blauw" vform="adj" word="blauwe"/>
        <node aform="base" begin="2" buiging="met-e" end="3" frame="adjective(e)" graad="basis" his="normal" his_1="normal" id="5" infl="e" lcat="ap" lemma="buitenaards" naamval="stan" pos="adj" positie="prenom" postag="ADJ(prenom,basis,met-e,stan)" pt="adj" rel="mod" root="buitenaards" sense="buitenaards" vform="adj" word="buitenaardse"/>
        <node begin="3" end="4" frame="noun(het,count,sg)" gen="het" genus="onz" getal="ev" graad="basis" his="normal" his_1="normal" id="6" lcat="np" lemma="wezen" naamval="stan" ntype="soort" num="sg" pos="noun" postag="N(soort,ev,basis,onz,stan)" pt="n" rel="hd" rnum="sg" root="wezen" sense="wezen" word="wezen"/>
      </node>
      <node begin="4" end="5" frame="verb(hebben,past(sg),transitive)" his="normal" his_1="normal" id="7" infl="sg" lcat="smain" lemma="gebruiken" pos="verb" postag="WW(pv,verl,ev)" pt="ww" pvagr="ev" pvtijd="verl" rel="hd" root="gebruik" sc="transitive" sense="gebruik" stype="declarative" tense="past" v_per="thi" word="gebruikte" wvorm="pv"/>
      <node begin="5" cat="np" end="8" id="8" rel="obj1">
        <node begin="5" buiging="zonder" end="6" frame="determiner(geen,nwh,mod,pro,yparg,nwkpro,geen)" his="normal" his_1="normal" id="9" infl="geen" lcat="detp" lemma="geen" naamval="stan" npagr="agr" pdtype="det" pos="det" positie="prenom" postag="VNW(onbep,det,stan,prenom,zonder,agr)" pt="vnw" rel="det" root="geen" sense="geen" vwtype="onbep" wh="nwh" word="geen"/>
        <node begin="6" buiging="zonder" end="7" frame="adj_number(enkel)" his="normal" his_1="normal" id="10" infl="enkel" lcat="detp" lemma="enkel" naamval="stan" npagr="evon" pdtype="det" pos="det" positie="prenom" postag="VNW(onbep,det,stan,prenom,zonder,evon)" pt="vnw" rel="det" root="enkel" sense="enkel" special="adj_number" vwtype="onbep" word="enkel"/>
        <node begin="7" end="8" frame="meas_mod_noun(het,count,sg)" gen="het" genus="onz" getal="ev" graad="dim" his="normal" his_1="normal" id="11" lcat="np" lemma="kwart" naamval="stan" ntype="soort" num="sg" pos="noun" postag="N(soort,ev,dim,onz,stan)" pt="n" rel="hd" rnum="sg" root="kwart_DIM" sense="kwart_DIM" special="meas_mod" word="kwartje"/>
      </node>
    </node>
    <node begin="8" end="9" frame="punct(punt)" his="normal" his_1="normal" id="12" lcat="punct" lemma="." pos="punct" postag="LET()" pt="let" rel="--" root="." sense="." special="punt" word="."/>
  </node>
  <sentence sentid="1365">Het blauwe buitenaardse wezen gebruikte geen enkel kwartje .</sentence>
  <comments>
    <comment>Q#1365|Het blauwe buitenaardse wezen gebruikte geen enkel kwartje .|1|1|-5.7295652406999995</comment>
  </comments>
</alpino_ds>
