<?xml version="1.0" encoding="UTF-8"?>
<alpino_ds version="1.15">
  <parser build="Alpino-x86_64-linux-glibc2.5-git1006-sicstus" date="2023-09-07T13:17" cats="1" skips="0" />
  <node begin="0" cat="top" end="11" id="0" rel="top">
    <node begin="0" cat="smain" end="10" id="1" rel="--">
      <node begin="0" cat="np" end="3" id="2" index="1" rel="su">
        <node begin="0" end="1" frame="modal_adverb" his="normal" his_1="decap" his_1_1="normal" id="3" lcat="advp" lemma="alleen" pos="adv" postag="BW()" pt="bw" rel="mod" root="alleen" sc="modal" sense="alleen" word="Alleen"/>
        <node begin="1" end="2" frame="number(hoofd(pl_num))" his="normal" his_1="number_expression" id="4" infl="pl_num" lcat="detp" lemma="vijf" naamval="stan" numtype="hoofd" pos="num" positie="prenom" postag="TW(hoofd,prenom,stan)" pt="tw" rel="det" root="vijf" sense="vijf" word="vijf"/>
        <node begin="2" end="3" frame="noun(both,both,both)" gen="both" getal="mv" graad="basis" his="noun" id="5" lcat="np" lemma="kampeerders" ntype="soort" num="both" pos="noun" postag="N(soort,mv,basis)" pt="n" rel="hd" rnum="pl" root="kampeerders" sense="kampeerders" word="kampeerders"/>
      </node>
      <node begin="3" end="4" frame="verb(hebben,pl,aux_psp_hebben)" his="normal" his_1="normal" id="6" infl="pl" lcat="smain" lemma="hebben" pos="verb" postag="WW(pv,tgw,mv)" pt="ww" pvagr="mv" pvtijd="tgw" rel="hd" root="heb" sc="aux_psp_hebben" sense="heb" tense="present" v_per="thi" word="hebben" wvorm="pv"/>
      <node begin="0" cat="conj" end="10" id="7" rel="vc">
        <node begin="0" cat="ppart" end="7" id="8" rel="cnj">
          <node begin="0" end="3" id="9" index="1" rel="su"/>
          <node begin="4" cat="np" end="6" id="10" rel="obj1">
            <node begin="4" end="5" frame="determiner(een)" his="normal" his_1="normal" id="11" infl="een" lcat="detp" lemma="een" lwtype="onbep" naamval="stan" npagr="agr" pos="det" postag="LID(onbep,stan,agr)" pt="lid" rel="det" root="een" sense="een" word="een"/>
            <node begin="5" end="6" frame="noun(both,both,both)" gen="both" genus="zijd" getal="ev" graad="basis" his="noun" id="12" lcat="np" lemma="zonnebrand" naamval="stan" ntype="soort" num="both" pos="noun" postag="N(soort,ev,basis,zijd,stan)" pt="n" rel="hd" rnum="sg" root="zonnebrand" sense="zonnebrand" word="zonnebrand"/>
          </node>
          <node begin="6" buiging="zonder" end="7" frame="verb(hebben,psp,transitive_ndev)" his="normal" his_1="normal" id="13" infl="psp" lcat="ppart" lemma="hebben" pos="verb" positie="vrij" postag="WW(vd,vrij,zonder)" pt="ww" rel="hd" root="heb" sc="transitive_ndev" sense="heb" word="gehad" wvorm="vd"/>
        </node>
        <node begin="7" conjtype="neven" end="8" frame="conj(of)" his="normal" his_1="normal" id="14" lcat="vg" lemma="of" pos="vg" postag="VG(neven)" pt="vg" rel="crd" root="of" sense="of" word="of"/>
        <node begin="0" cat="ppart" end="10" id="15" rel="cnj">
          <node begin="0" end="3" id="16" index="1" rel="su"/>
          <node begin="8" end="9" frame="noun(de,mass,sg)" gen="de" genus="zijd" getal="ev" graad="basis" his="normal" his_1="normal" id="17" lcat="np" lemma="kou" naamval="stan" ntype="soort" num="sg" pos="noun" postag="N(soort,ev,basis,zijd,stan)" pt="n" rel="obj1" rnum="sg" root="kou" sense="kou" word="kou"/>
          <node begin="9" buiging="zonder" end="10" frame="verb(hebben,psp,transitive)" his="normal" his_1="normal" id="18" infl="psp" lcat="ppart" lemma="vatten" pos="verb" positie="vrij" postag="WW(vd,vrij,zonder)" pt="ww" rel="hd" root="vat" sc="transitive" sense="vat" word="gevat" wvorm="vd"/>
        </node>
      </node>
    </node>
    <node begin="10" end="11" frame="punct(punt)" his="normal" his_1="normal" id="19" lcat="punct" lemma="." pos="punct" postag="LET()" pt="let" rel="--" root="." sense="." special="punt" word="."/>
  </node>
  <sentence sentid="143">Alleen vijf kampeerders hebben een zonnebrand gehad of kou gevat .</sentence>
  <comments>
    <comment>Q#143|Alleen vijf kampeerders hebben een zonnebrand gehad of kou gevat .|1|1|-5.241341540100001</comment>
  </comments>
</alpino_ds>
