<?xml version="1.0" encoding="UTF-8"?>
<alpino_ds version="1.15">
  <parser build="Alpino-x86_64-linux-glibc2.5-git1006-sicstus" date="2023-09-07T13:22" cats="2" skips="2" />
  <node begin="0" cat="top" end="13" id="0" rel="top">
    <node begin="3" end="4" frame="noun(de,count,sg,vp)" gen="de" genus="zijd" getal="ev" graad="basis" his="robust_skip" id="1" lcat="--" lemma="zin" naamval="stan" ntype="soort" num="sg" pos="noun" postag="N(soort,ev,basis,zijd,stan)" pt="n" rel="--" root="zin" sc="vp" sense="zin" word="zin"/>
    <node begin="4" end="5" frame="complementizer(om)" his="robust_skip" id="2" lcat="--" lemma="om" pos="comp" postag="VZ(init)" pt="vz" rel="--" root="om" sc="om" sense="om" vztype="init" word="om"/>
    <node begin="0" cat="du" end="12" id="3" rel="--">
      <node begin="0" cat="smain" end="3" id="4" rel="dp">
        <node begin="0" end="1" frame="determiner(het,nwh,nmod,pro,nparg,wkpro)" genus="onz" getal="ev" his="normal" his_1="decap" his_1_1="normal" id="5" infl="het" lcat="np" lemma="het" naamval="stan" pdtype="pron" persoon="3" pos="det" postag="VNW(pers,pron,stan,red,3,ev,onz)" pt="vnw" rel="su" rnum="sg" root="het" sense="het" status="red" vwtype="pers" wh="nwh" word="Het"/>
        <node begin="1" end="2" frame="verb(hebben,sg_heeft,transitive_ndev)" his="normal" his_1="normal" id="6" infl="sg_heeft" lcat="smain" lemma="hebben" pos="verb" postag="WW(pv,tgw,met-t)" pt="ww" pvagr="met-t" pvtijd="tgw" rel="hd" root="heb" sc="transitive_ndev" sense="heb" stype="declarative" tense="present" v_per="thi" word="heeft" wvorm="pv"/>
        <node begin="2" buiging="zonder" end="3" frame="determiner(geen,nwh,mod,pro,yparg,nwkpro,geen)" getal-n="zonder-n" his="normal" his_1="normal" id="7" infl="geen" lcat="np" lemma="geen" naamval="stan" pdtype="det" pos="det" positie="nom" postag="VNW(onbep,det,stan,nom,zonder,zonder-n)" pt="vnw" rel="obj1" rnum="sg" root="geen" sense="geen" vwtype="onbep" wh="nwh" word="geen"/>
      </node>
      <node begin="5" cat="conj" end="12" id="8" rel="dp">
        <node begin="5" case="dat_acc" def="def" end="6" frame="pronoun(nwh,fir,sg,de,dat_acc,def)" gen="de" getal="ev" his="normal" his_1="normal" id="9" lcat="np" lemma="mij" naamval="obl" num="sg" pdtype="pron" per="fir" persoon="1" pos="pron" postag="VNW(pr,pron,obl,vol,1,ev)" pt="vnw" rel="cnj" rnum="sg" root="mij" sense="mij" status="vol" vwtype="pr" wh="nwh" word="mij"/>
        <node begin="6" conjtype="neven" end="7" frame="conj(en)" his="normal" his_1="normal" id="10" lcat="vg" lemma="en" pos="vg" postag="VG(neven)" pt="vg" rel="crd" root="en" sense="en" word="en"/>
        <node begin="7" cat="np" end="12" id="11" rel="cnj">
          <node begin="7" end="8" frame="proper_name(sg,'PER')" genus="zijd" getal="ev" graad="basis" his="normal" his_1="names_dictionary" id="12" lcat="np" lemma="Tom" naamval="stan" neclass="PER" ntype="eigen" num="sg" pos="name" postag="N(eigen,ev,basis,zijd,stan)" pt="n" rel="hd" rnum="sg" root="Tom" sense="Tom" word="Tom"/>
          <node begin="8" cat="oti" end="12" id="13" rel="mod">
            <node begin="8" end="9" frame="complementizer(om)" his="normal" his_1="normal" id="14" lcat="oti" lemma="om" pos="comp" postag="VZ(init)" pt="vz" rel="cmp" root="om" sc="om" sense="om" vztype="init" word="om"/>
            <node begin="9" cat="ti" end="12" id="15" rel="body">
              <node begin="10" end="11" frame="complementizer(te)" his="normal" his_1="normal" id="16" lcat="ti" lemma="te" pos="comp" postag="VZ(init)" pt="vz" rel="cmp" root="te" sc="te" sense="te" vztype="init" word="te"/>
              <node begin="9" cat="inf" end="12" id="17" rel="body">
                <node begin="9" end="10" frame="noun(het,count,sg)" gen="het" genus="onz" getal="ev" graad="basis" his="normal" his_1="normal" id="18" lcat="np" lemma="geld" naamval="stan" ntype="soort" num="sg" pos="noun" postag="N(soort,ev,basis,onz,stan)" pt="n" rel="obj1" rnum="sg" root="geld" sense="geld" word="geld"/>
                <node begin="11" buiging="zonder" end="12" frame="verb(hebben,inf,transitive)" his="normal" his_1="normal" id="19" infl="inf" lcat="inf" lemma="vragen" pos="verb" positie="vrij" postag="WW(inf,vrij,zonder)" pt="ww" rel="hd" root="vraag" sc="transitive" sense="vraag" word="vragen" wvorm="inf"/>
              </node>
            </node>
          </node>
        </node>
      </node>
    </node>
    <node begin="12" end="13" frame="punct(punt)" his="robust_skip" id="20" lcat="--" lemma="." pos="punct" postag="LET()" pt="let" rel="--" root="." sense="." special="punt" word="."/>
  </node>
  <sentence sentid="1479">Het heeft geen zin om mij en Tom om geld te vragen .</sentence>
  <comments>
    <comment>Q#1479|Het heeft geen zin om mij en Tom om geld te vragen .|1|4|0.15918416739999985</comment>
  </comments>
</alpino_ds>
