<?xml version="1.0" encoding="UTF-8"?>
<alpino_ds version="1.15">
  <parser build="Alpino-x86_64-linux-glibc2.5-git1006-sicstus" date="2023-09-07T13:22" cats="3" skips="2" />
  <node begin="0" cat="top" end="11" id="0" rel="top">
    <node begin="3" end="4" frame="noun(de,count,sg,vp)" gen="de" genus="zijd" getal="ev" graad="basis" his="robust_skip" id="1" lcat="--" lemma="zin" naamval="stan" ntype="soort" num="sg" pos="noun" postag="N(soort,ev,basis,zijd,stan)" pt="n" rel="--" root="zin" sc="vp" sense="zin" word="zin"/>
    <node begin="4" end="5" frame="complementizer(om)" his="robust_skip" id="2" lcat="--" lemma="om" pos="comp" postag="VZ(init)" pt="vz" rel="--" root="om" sc="om" sense="om" vztype="init" word="om"/>
    <node begin="0" cat="du" end="10" id="3" rel="--">
      <node begin="0" cat="smain" end="3" id="4" rel="dp">
        <node begin="0" end="1" frame="determiner(het,nwh,nmod,pro,nparg,wkpro)" genus="onz" getal="ev" his="normal" his_1="decap" his_1_1="normal" id="5" infl="het" lcat="np" lemma="het" naamval="stan" pdtype="pron" persoon="3" pos="det" postag="VNW(pers,pron,stan,red,3,ev,onz)" pt="vnw" rel="su" rnum="sg" root="het" sense="het" status="red" vwtype="pers" wh="nwh" word="Het"/>
        <node begin="1" end="2" frame="verb(hebben,sg_heeft,transitive_ndev)" his="normal" his_1="normal" id="6" infl="sg_heeft" lcat="smain" lemma="hebben" pos="verb" postag="WW(pv,tgw,met-t)" pt="ww" pvagr="met-t" pvtijd="tgw" rel="hd" root="heb" sc="transitive_ndev" sense="heb" stype="declarative" tense="present" v_per="thi" word="heeft" wvorm="pv"/>
        <node begin="2" buiging="zonder" end="3" frame="determiner(geen,nwh,mod,pro,yparg,nwkpro,geen)" getal-n="zonder-n" his="normal" his_1="normal" id="7" infl="geen" lcat="np" lemma="geen" naamval="stan" pdtype="det" pos="det" positie="nom" postag="VNW(onbep,det,stan,nom,zonder,zonder-n)" pt="vnw" rel="obj1" rnum="sg" root="geen" sense="geen" vwtype="onbep" wh="nwh" word="geen"/>
      </node>
      <node begin="5" case="dat_acc" def="def" end="6" frame="pronoun(nwh,fir,sg,de,dat_acc,def)" gen="de" getal="ev" his="normal" his_1="normal" id="8" lcat="np" lemma="mij" naamval="obl" num="sg" pdtype="pron" per="fir" persoon="1" pos="pron" postag="VNW(pr,pron,obl,vol,1,ev)" pt="vnw" rel="dp" rnum="sg" root="mij" sense="mij" status="vol" vwtype="pr" wh="nwh" word="mij"/>
      <node begin="6" cat="sv1" end="10" id="9" rel="dp">
        <node begin="6" dropped_agr="pl" end="7" frame="verb(hebben,pl,subj_control(te))" his="normal" his_1="normal" id="10" infl="pl" lcat="sv1" lemma="proberen" pos="verb" postag="WW(pv,tgw,mv)" pt="ww" pvagr="mv" pvtijd="tgw" rel="hd" root="probeer" sc="subj_control(te)" sense="probeer" stype="topic_drop" tense="present" v_per="thi;fir" word="proberen" wvorm="pv"/>
        <node begin="7" cat="ti" end="10" id="11" rel="vc">
          <node begin="8" end="9" frame="complementizer(te)" his="normal" his_1="normal" id="12" lcat="ti" lemma="te" pos="comp" postag="VZ(init)" pt="vz" rel="cmp" root="te" sc="te" sense="te" vztype="init" word="te"/>
          <node begin="7" cat="inf" end="10" id="13" rel="body">
            <node begin="7" end="8" frame="noun(de,count,sg)" gen="de" genus="zijd" getal="ev" graad="basis" his="normal" his_1="normal" id="14" lcat="np" lemma="pijn" naamval="stan" ntype="soort" num="sg" pos="noun" postag="N(soort,ev,basis,zijd,stan)" pt="n" rel="obj1" rnum="sg" root="pijn" sense="pijn" word="pijn"/>
            <node begin="9" buiging="zonder" end="10" frame="verb(hebben,inf(no_e),transitive_ndev)" his="normal" his_1="normal" id="15" infl="inf(no_e)" lcat="inf" lemma="doen" pos="verb" positie="vrij" postag="WW(inf,vrij,zonder)" pt="ww" rel="hd" root="doe" sc="transitive_ndev" sense="doe" word="doen" wvorm="inf"/>
          </node>
        </node>
      </node>
    </node>
    <node begin="10" end="11" frame="punct(punt)" his="robust_skip" id="16" lcat="--" lemma="." pos="punct" postag="LET()" pt="let" rel="--" root="." sense="." special="punt" word="."/>
  </node>
  <sentence sentid="1482">Het heeft geen zin om mij proberen pijn te doen .</sentence>
  <comments>
    <comment>Q#1482|Het heeft geen zin om mij proberen pijn te doen .|1|5|-0.6227311753</comment>
  </comments>
</alpino_ds>
