<?xml version="1.0" encoding="UTF-8"?>
<alpino_ds version="1.15">
  <parser build="Alpino-x86_64-linux-glibc2.5-git1006-sicstus" date="2023-09-07T13:22" cats="1" skips="0" />
  <node begin="0" cat="top" end="8" id="0" rel="top">
    <node begin="0" cat="smain" end="7" id="1" rel="--">
      <node begin="0" cat="np" end="2" id="2" index="1" rel="su">
        <node begin="0" end="1" frame="determiner(het,nwh,nmod,pro,nparg,wkpro)" his="normal" his_1="decap" his_1_1="normal" id="3" infl="het" lcat="detp" lemma="het" lwtype="bep" naamval="stan" npagr="evon" pos="det" postag="LID(bep,stan,evon)" pt="lid" rel="det" root="het" sense="het" wh="nwh" word="Het"/>
        <node begin="1" end="2" frame="noun(het,mass,sg)" gen="het" genus="onz" getal="ev" graad="basis" his="normal" his_1="normal" id="4" lcat="np" lemma="internet" naamval="stan" ntype="soort" num="sg" pos="noun" postag="N(soort,ev,basis,onz,stan)" pt="n" rel="hd" rnum="sg" root="internet" sense="internet" word="internet"/>
      </node>
      <node begin="2" end="3" frame="verb('hebben/zijn',modal_not_u,aux(inf))" his="normal" his_1="normal" id="5" infl="modal_not_u" lcat="smain" lemma="kunnen" pos="verb" postag="WW(pv,tgw,ev)" pt="ww" pvagr="ev" pvtijd="tgw" rel="hd" root="kan" sc="aux(inf)" sense="kan" stype="declarative" tense="present" v_per="thi" word="kan" wvorm="pv"/>
      <node begin="0" cat="inf" end="7" id="6" rel="vc">
        <node begin="0" end="2" id="7" index="1" rel="su"/>
        <node begin="3" cat="advp" end="5" his="normal" his_1="normal" id="8" rel="mod">
          <node begin="3" end="4" frame="adverb" id="9" lcat="advp" lemma="niet" pos="adv" postag="BW()" pt="bw" rel="mod" root="niet" sense="niet" word="niet"/>
          <node begin="4" end="5" frame="adverb" id="10" lcat="advp" lemma="altijd" pos="adv" postag="BW()" pt="bw" rel="hd" root="altijd" sense="altijd" word="altijd"/>
        </node>
        <node begin="5" end="6" frame="noun(de,count,pl)" gen="de" getal="mv" graad="basis" his="normal" his_1="normal" id="11" lcat="np" lemma="misdaad" ntype="soort" num="pl" pos="noun" postag="N(soort,mv,basis)" pt="n" rel="obj1" rnum="pl" root="misdaad" sense="misdaad" word="misdaden"/>
        <node begin="6" buiging="zonder" end="7" frame="verb(hebben,inf,transitive)" his="normal" his_1="normal" id="12" infl="inf" lcat="inf" lemma="plegen" pos="verb" positie="vrij" postag="WW(inf,vrij,zonder)" pt="ww" rel="hd" root="pleeg" sc="transitive" sense="pleeg" word="plegen" wvorm="inf"/>
      </node>
    </node>
    <node begin="7" end="8" frame="punct(uitroep)" his="normal" his_1="normal" id="13" lcat="punct" lemma="!" pos="punct" postag="LET()" pt="let" rel="--" root="!" sense="!" special="uitroep" word="!"/>
  </node>
  <sentence sentid="1491">Het internet kan niet altijd misdaden plegen !</sentence>
  <comments>
    <comment>Q#1491|Het internet kan niet altijd misdaden plegen !|1|1|-3.662917939</comment>
  </comments>
</alpino_ds>
