<?xml version="1.0" encoding="UTF-8"?>
<alpino_ds version="1.15">
  <parser build="Alpino-x86_64-linux-glibc2.5-git1006-sicstus" date="2023-09-07T13:22" cats="2" skips="0" />
  <node begin="0" cat="top" end="10" id="0" rel="top">
    <node begin="0" cat="du" end="9" id="1" rel="--">
      <node begin="0" cat="smain" end="4" id="2" rel="dp">
        <node begin="0" end="1" frame="determiner(het,nwh,nmod,pro,nparg,wkpro)" genus="onz" getal="ev" his="normal" his_1="decap" his_1_1="normal" id="3" infl="het" lcat="np" lemma="het" naamval="stan" pdtype="pron" persoon="3" pos="det" postag="VNW(pers,pron,stan,red,3,ev,onz)" pt="vnw" rel="su" rnum="sg" root="het" sense="het" status="red" vwtype="pers" wh="nwh" word="Het"/>
        <node begin="1" end="2" frame="verb(unacc,sg_is,copula)" his="normal" his_1="normal" id="4" infl="sg_is" lcat="smain" lemma="zijn" pos="verb" postag="WW(pv,tgw,ev)" pt="ww" pvagr="ev" pvtijd="tgw" rel="hd" root="ben" sc="copula" sense="ben" stype="declarative" tense="present" v_per="thi" word="is" wvorm="pv"/>
        <node begin="2" cat="np" end="4" id="5" rel="predc">
          <node begin="2" end="3" frame="determiner(een)" his="normal" his_1="normal" id="6" infl="een" lcat="detp" lemma="een" lwtype="onbep" naamval="stan" npagr="agr" pos="det" postag="LID(onbep,stan,agr)" pt="lid" rel="det" root="een" sense="een" word="een"/>
          <node begin="3" end="4" frame="noun(de,mass,sg)" gen="de" genus="zijd" getal="ev" graad="basis" his="normal" his_1="normal" id="7" lcat="np" lemma="toedracht" naamval="stan" ntype="soort" num="sg" pos="noun" postag="N(soort,ev,basis,zijd,stan)" pt="n" rel="hd" rnum="sg" root="toedracht" sense="toedracht" word="toedracht"/>
        </node>
      </node>
      <node begin="4" cat="cp" end="9" id="8" rel="dp">
        <node begin="4" conjtype="onder" end="5" frame="complementizer(dat)" his="normal" his_1="normal" id="9" lcat="cp" lemma="dat" pos="comp" postag="VG(onder)" pt="vg" rel="cmp" root="dat" sc="dat" sense="dat" word="dat"/>
        <node begin="5" cat="ssub" end="9" id="10" rel="body">
          <node begin="5" case="both" def="def" end="6" frame="pronoun(nwh,thi,both,de,both,def,wkpro)" gen="de" genus="fem" getal="ev" his="normal" his_1="normal" id="11" index="1" lcat="np" lemma="ze" naamval="stan" num="both" pdtype="pron" per="thi" persoon="3" pos="pron" postag="VNW(pers,pron,stan,red,3,ev,fem)" pt="vnw" rel="su" rnum="sg" root="ze" sense="ze" special="wkpro" status="red" vwtype="pers" wh="nwh" word="ze"/>
          <node begin="7" end="8" frame="verb('hebben/zijn',past(sg),aux(inf))" his="normal" his_1="normal" id="12" infl="sg" lcat="ssub" lemma="kunnen" pos="verb" postag="WW(pv,verl,ev)" pt="ww" pvagr="ev" pvtijd="verl" rel="hd" root="kan" sc="aux(inf)" sense="kan" tense="past" v_per="thi" word="kon" wvorm="pv"/>
          <node begin="5" cat="inf" end="9" id="13" rel="vc">
            <node begin="5" end="6" id="14" index="1" rel="su"/>
            <node begin="6" end="7" frame="adverb" his="normal" his_1="normal" id="15" lcat="advp" lemma="niet" pos="adv" postag="BW()" pt="bw" rel="mod" root="niet" sense="niet" word="niet"/>
            <node begin="8" buiging="zonder" end="9" frame="verb(unacc,inf,intransitive)" his="normal" his_1="normal" id="16" infl="inf" lcat="inf" lemma="komen" pos="verb" positie="vrij" postag="WW(inf,vrij,zonder)" pt="ww" rel="hd" root="kom" sc="intransitive" sense="kom" word="komen" wvorm="inf"/>
          </node>
        </node>
      </node>
    </node>
    <node begin="9" end="10" frame="punct(punt)" his="robust_skip" id="17" lcat="--" lemma="." pos="punct" postag="LET()" pt="let" rel="--" root="." sense="." special="punt" word="."/>
  </node>
  <sentence sentid="1501">Het is een toedracht dat ze niet kon komen .</sentence>
  <comments>
    <comment>Q#1501|Het is een toedracht dat ze niet kon komen .|1|2|-4.407784361300001</comment>
  </comments>
</alpino_ds>
