<?xml version="1.0" encoding="UTF-8"?>
<alpino_ds version="1.15">
  <parser build="Alpino-x86_64-linux-glibc2.5-git1006-sicstus" date="2023-09-07T13:22" cats="1" skips="0" />
  <node begin="0" cat="top" end="18" id="0" rel="top">
    <node begin="0" cat="smain" end="17" id="1" rel="--">
      <node begin="0" end="1" frame="het_noun" genus="onz" getal="ev" his="normal" his_1="decap" his_1_1="normal" id="2" lcat="np" lemma="het" naamval="stan" pdtype="pron" persoon="3" pos="noun" postag="VNW(pers,pron,stan,red,3,ev,onz)" pt="vnw" rel="sup" rnum="sg" root="het" sense="het" special="het" status="red" vwtype="pers" word="Het"/>
      <node begin="1" end="2" frame="verb(unacc,sg_is,copula_sbar)" his="normal" his_1="normal" id="3" infl="sg_is" lcat="smain" lemma="zijn" pos="verb" postag="WW(pv,tgw,ev)" pt="ww" pvagr="ev" pvtijd="tgw" rel="hd" root="ben" sc="copula_sbar" sense="ben" stype="declarative" tense="present" v_per="thi" word="is" wvorm="pv"/>
      <node begin="2" cat="np" end="9" id="4" rel="predc">
        <node begin="2" buiging="zonder" end="3" frame="determiner(geen,nwh,mod,pro,yparg,nwkpro,geen)" his="normal" his_1="normal" id="5" infl="geen" lcat="detp" lemma="geen" naamval="stan" npagr="agr" pdtype="det" pos="det" positie="prenom" postag="VNW(onbep,det,stan,prenom,zonder,agr)" pt="vnw" rel="det" root="geen" sense="geen" vwtype="onbep" wh="nwh" word="geen"/>
        <node begin="3" end="4" frame="noun(het,count,sg,subject_sbar)" gen="het" genus="onz" getal="ev" graad="basis" his="normal" his_1="normal" id="6" lcat="np" lemma="geheim" naamval="stan" ntype="soort" num="sg" pos="noun" postag="N(soort,ev,basis,onz,stan)" pt="n" rel="hd" rnum="sg" root="geheim" sc="subject_sbar" sense="geheim" word="geheim"/>
        <node begin="4" cat="pp" end="9" id="7" rel="mod">
          <node begin="4" end="5" frame="preposition(in,[])" his="normal" his_1="normal" id="8" lcat="pp" lemma="in" pos="prep" postag="VZ(init)" pt="vz" rel="hd" root="in" sense="in" vztype="init" word="in"/>
          <node begin="5" cat="np" end="9" id="9" rel="obj1">
            <node begin="5" buiging="met-e" end="6" frame="determiner(welke,rwh,nmod,pro,yparg)" his="normal" his_1="normal" id="10" infl="welke" lcat="detp" lemma="welk" naamval="stan" npagr="rest" pdtype="det" pos="det" positie="prenom" postag="VNW(vb,det,stan,prenom,met-e,rest)" pt="vnw" rel="det" root="welk" sense="welk" vwtype="vb" wh="rwh" word="welke"/>
            <node begin="6" end="7" frame="noun(de,count,sg)" gen="de" genus="zijd" getal="ev" graad="basis" his="normal" his_1="normal" id="11" lcat="np" lemma="vorm" naamval="stan" ntype="soort" num="sg" pos="noun" postag="N(soort,ev,basis,zijd,stan)" pt="n" rel="hd" rnum="sg" root="vorm" sense="vorm" word="vorm"/>
            <node begin="7" cat="mwu" end="9" his="normal" his_1="normal" id="12" rel="mod">
              <node begin="7" end="8" frame="post_wh_adverb" id="13" lcat="advp" lemma="dan" pos="adv" postag="BW()" pt="bw" rel="mwp" root="dan" sense="dan" special="post_wh" word="dan"/>
              <node begin="8" end="9" frame="post_wh_adverb" id="14" lcat="advp" lemma="ook" pos="adv" postag="BW()" pt="bw" rel="mwp" root="ook" sense="ook" special="post_wh" word="ook"/>
            </node>
          </node>
        </node>
      </node>
      <node begin="9" cat="cp" end="17" id="15" rel="su">
        <node begin="9" conjtype="onder" end="10" frame="complementizer(dat)" his="normal" his_1="normal" id="16" lcat="cp" lemma="dat" pos="comp" postag="VG(onder)" pt="vg" rel="cmp" root="dat" sc="dat" sense="dat" word="dat"/>
        <node begin="10" cat="ssub" end="17" id="17" rel="body">
          <node begin="10" end="11" frame="proper_name(sg,'PER')" genus="zijd" getal="ev" graad="basis" his="normal" his_1="names_dictionary" id="18" lcat="np" lemma="Tom" naamval="stan" neclass="PER" ntype="eigen" num="sg" pos="name" postag="N(eigen,ev,basis,zijd,stan)" pt="n" rel="su" rnum="sg" root="Tom" sense="Tom" word="Tom"/>
          <node begin="12" end="13" frame="adverb" his="normal" his_1="normal" id="19" lcat="advp" lemma="niet" pos="adv" postag="BW()" pt="bw" rel="mod" root="niet" sense="niet" word="niet"/>
          <node begin="11" cat="ap" end="16" id="20" rel="predc">
            <node begin="11" end="12" frame="determiner(het,nwh,nmod,pro,nparg,wkpro)" genus="onz" getal="ev" his="normal" his_1="normal" id="21" infl="het" lcat="np" lemma="het" naamval="stan" pdtype="pron" persoon="3" pos="det" postag="VNW(pers,pron,stan,red,3,ev,onz)" pt="vnw" rel="obj1" rnum="sg" root="het" sense="het" status="red" vwtype="pers" wh="nwh" word="het"/>
            <node begin="13" cat="pp" end="15" id="22" rel="pc">
              <node begin="13" end="14" frame="preposition(met,[mee,[en,al]])" his="normal" his_1="normal" id="23" lcat="pp" lemma="met" pos="prep" postag="VZ(init)" pt="vz" rel="hd" root="met" sense="met" vztype="init" word="met"/>
              <node begin="14" case="both" def="def" end="15" frame="pronoun(nwh,je,sg,de,both,def,wkpro)" gen="de" getal="getal" his="normal" his_1="normal" id="24" lcat="np" lemma="je" naamval="obl" num="sg" pdtype="pron" per="je" persoon="2v" pos="pron" postag="VNW(pr,pron,obl,red,2v,getal)" pt="vnw" rel="obj1" rnum="sg" root="je" sense="je" special="wkpro" status="red" vwtype="pr" wh="nwh" word="je"/>
            </node>
            <node begin="15" end="16" frame="np_adjective(pp(met))" his="normal" his_1="normal" id="25" lcat="ap" lemma="eens" pos="adj" postag="BW()" pt="bw" rel="hd" root="eens" sc="pp(met)" sense="eens" special="np" word="eens"/>
          </node>
          <node begin="16" end="17" frame="verb(unacc,sg_is,copula_np)" his="normal" his_1="normal" id="26" infl="sg_is" lcat="ssub" lemma="zijn" pos="verb" postag="WW(pv,tgw,ev)" pt="ww" pvagr="ev" pvtijd="tgw" rel="hd" root="ben" sc="copula_np" sense="ben" tense="present" v_per="thi" word="is" wvorm="pv"/>
        </node>
      </node>
    </node>
    <node begin="17" end="18" frame="punct(punt)" his="normal" his_1="normal" id="27" lcat="punct" lemma="." pos="punct" postag="LET()" pt="let" rel="--" root="." sense="." special="punt" word="."/>
  </node>
  <sentence sentid="1508">Het is geen geheim in welke vorm dan ook dat Tom het niet met je eens is .</sentence>
  <comments>
    <comment>Q#1508|Het is geen geheim in welke vorm dan ook dat Tom het niet met je eens is .|1|1|-7.9232638608</comment>
  </comments>
</alpino_ds>
