<?xml version="1.0" encoding="UTF-8"?>
<alpino_ds version="1.15">
  <parser build="Alpino-x86_64-linux-glibc2.5-git1006-sicstus" date="2023-09-07T13:22" cats="1" skips="0" />
  <node begin="0" cat="top" end="11" id="0" rel="top">
    <node begin="0" cat="smain" end="10" id="1" rel="--">
      <node begin="0" end="1" frame="determiner(het,nwh,nmod,pro,nparg,wkpro)" genus="onz" getal="ev" his="normal" his_1="decap" his_1_1="normal" id="2" infl="het" lcat="np" lemma="het" naamval="stan" pdtype="pron" persoon="3" pos="det" postag="VNW(pers,pron,stan,red,3,ev,onz)" pt="vnw" rel="su" rnum="sg" root="het" sense="het" status="red" vwtype="pers" wh="nwh" word="Het"/>
      <node begin="1" end="2" frame="verb(unacc,sg_is,copula)" his="normal" his_1="normal" id="3" infl="sg_is" lcat="smain" lemma="zijn" pos="verb" postag="WW(pv,tgw,ev)" pt="ww" pvagr="ev" pvtijd="tgw" rel="hd" root="ben" sc="copula" sense="ben" stype="declarative" tense="present" v_per="thi" word="is" wvorm="pv"/>
      <node begin="2" cat="np" end="10" id="4" rel="predc">
        <node begin="2" buiging="zonder" end="3" frame="determiner(geen,nwh,mod,pro,yparg,nwkpro,geen)" his="normal" his_1="normal" id="5" infl="geen" lcat="detp" lemma="geen" naamval="stan" npagr="agr" pdtype="det" pos="det" positie="prenom" postag="VNW(onbep,det,stan,prenom,zonder,agr)" pt="vnw" rel="det" root="geen" sense="geen" vwtype="onbep" wh="nwh" word="geen"/>
        <node begin="3" end="4" frame="noun(de,count,sg,vp)" gen="de" genus="zijd" getal="ev" graad="basis" his="normal" his_1="normal" id="6" lcat="np" lemma="misdaad" naamval="stan" ntype="soort" num="sg" pos="noun" postag="N(soort,ev,basis,zijd,stan)" pt="n" rel="hd" rnum="sg" root="misdaad" sc="vp" sense="misdaad" word="misdaad"/>
        <node begin="4" cat="oti" end="10" id="7" rel="vc">
          <node begin="4" end="5" frame="complementizer(om)" his="normal" his_1="normal" id="8" lcat="oti" lemma="om" pos="comp" postag="VZ(init)" pt="vz" rel="cmp" root="om" sc="om" sense="om" vztype="init" word="om"/>
          <node begin="5" cat="ti" end="10" id="9" rel="body">
            <node begin="8" end="9" frame="complementizer(te)" his="normal" his_1="normal" id="10" lcat="ti" lemma="te" pos="comp" postag="VZ(init)" pt="vz" rel="cmp" root="te" sc="te" sense="te" vztype="init" word="te"/>
            <node begin="5" cat="inf" end="10" id="11" rel="body">
              <node begin="5" cat="pp" end="8" id="12" rel="mod">
                <node begin="5" end="6" frame="preposition(van,[af,uit,vandaan,[af,aan]])" his="normal" his_1="normal" id="13" lcat="pp" lemma="van" pos="prep" postag="VZ(init)" pt="vz" rel="hd" root="van" sense="van" vztype="init" word="van"/>
                <node begin="6" cat="np" end="8" id="14" rel="obj1">
                  <node begin="6" end="7" frame="determiner(een)" his="normal" his_1="normal" id="15" infl="een" lcat="detp" lemma="een" lwtype="onbep" naamval="stan" npagr="agr" pos="det" postag="LID(onbep,stan,agr)" pt="lid" rel="det" root="een" sense="een" word="een"/>
                  <node begin="7" end="8" frame="noun(de,count,sg)" gen="de" genus="zijd" getal="ev" graad="basis" his="normal" his_1="normal" id="16" lcat="np" lemma="dief" naamval="stan" ntype="soort" num="sg" pos="noun" postag="N(soort,ev,basis,zijd,stan)" pt="n" rel="hd" rnum="sg" root="dief" sense="dief" word="dief"/>
                </node>
              </node>
              <node begin="9" buiging="zonder" end="10" frame="verb(hebben,inf,intransitive)" his="normal" his_1="normal" id="17" infl="inf" lcat="inf" lemma="stelen" pos="verb" positie="vrij" postag="WW(inf,vrij,zonder)" pt="ww" rel="hd" root="steel" sc="intransitive" sense="steel" word="stelen" wvorm="inf"/>
            </node>
          </node>
        </node>
      </node>
    </node>
    <node begin="10" end="11" frame="punct(punt)" his="normal" his_1="normal" id="18" lcat="punct" lemma="." pos="punct" postag="LET()" pt="let" rel="--" root="." sense="." special="punt" word="."/>
  </node>
  <sentence sentid="1514">Het is geen misdaad om van een dief te stelen .</sentence>
  <comments>
    <comment>Q#1514|Het is geen misdaad om van een dief te stelen .|1|1|-4.311517239900001</comment>
  </comments>
</alpino_ds>
