<?xml version="1.0" encoding="UTF-8"?>
<alpino_ds version="1.15">
  <parser build="Alpino-x86_64-linux-glibc2.5-git1006-sicstus" date="2023-09-07T13:23" cats="1" skips="0" />
  <node begin="0" cat="top" end="8" id="0" rel="top">
    <node begin="0" cat="smain" end="7" id="1" rel="--">
      <node begin="0" end="1" frame="determiner(het,nwh,nmod,pro,nparg,wkpro)" genus="onz" getal="ev" his="normal" his_1="decap" his_1_1="normal" id="2" index="1" infl="het" lcat="np" lemma="het" naamval="stan" pdtype="pron" persoon="3" pos="det" postag="VNW(pers,pron,stan,red,3,ev,onz)" pt="vnw" rel="su" rnum="sg" root="het" sense="het" status="red" vwtype="pers" wh="nwh" word="Het"/>
      <node begin="1" end="2" frame="verb(unacc,sg_is,passive)" his="normal" his_1="normal" id="3" infl="sg_is" lcat="smain" lemma="zijn" pos="verb" postag="WW(pv,tgw,ev)" pt="ww" pvagr="ev" pvtijd="tgw" rel="hd" root="ben" sc="passive" sense="ben" stype="declarative" tense="present" v_per="thi" word="is" wvorm="pv"/>
      <node begin="0" cat="ppart" end="7" id="4" rel="vc">
        <node begin="0" end="1" id="5" index="1" rel="obj1"/>
        <node begin="2" end="3" frame="adverb" his="normal" his_1="normal" id="6" lcat="advp" lemma="niet" pos="adv" postag="BW()" pt="bw" rel="mod" root="niet" sense="niet" word="niet"/>
        <node begin="3" buiging="zonder" end="4" frame="verb(hebben,psp,transitive)" his="normal" his_1="normal" id="7" infl="psp" lcat="ppart" lemma="schrijven" pos="verb" positie="vrij" postag="WW(vd,vrij,zonder)" pt="ww" rel="hd" root="schrijf" sc="transitive" sense="schrijf" word="geschreven" wvorm="vd"/>
        <node begin="4" cat="pp" end="7" id="8" rel="mod">
          <node begin="4" end="5" frame="preposition(in,[])" his="normal" his_1="normal" id="9" lcat="pp" lemma="in" pos="prep" postag="VZ(init)" pt="vz" rel="hd" root="in" sense="in" vztype="init" word="in"/>
          <node begin="5" cat="np" end="7" id="10" rel="obj1">
            <node aform="base" begin="5" buiging="zonder" end="6" frame="adjective(no_e(adv))" graad="basis" his="normal" his_1="normal" id="11" infl="no_e" lcat="ap" lemma="leesbaar" pos="adj" positie="prenom" postag="ADJ(prenom,basis,zonder)" pt="adj" rel="mod" root="leesbaar" sense="leesbaar" vform="adj" word="leesbaar"/>
            <node begin="6" end="7" frame="noun(het,mass,sg)" gen="het" genus="onz" getal="ev" graad="basis" his="normal" his_1="normal" id="12" lcat="np" lemma="Frans" naamval="stan" ntype="eigen" num="sg" pos="noun" postag="N(eigen,ev,basis,onz,stan)" pt="n" rel="hd" rnum="sg" root="Frans" sense="Frans" word="Frans"/>
          </node>
        </node>
      </node>
    </node>
    <node begin="7" end="8" frame="punct(punt)" his="normal" his_1="normal" id="13" lcat="punct" lemma="." pos="punct" postag="LET()" pt="let" rel="--" root="." sense="." special="punt" word="."/>
  </node>
  <sentence sentid="1538">Het is niet geschreven in leesbaar Frans .</sentence>
  <comments>
    <comment>Q#1538|Het is niet geschreven in leesbaar Frans .|1|1|-2.5481305464999995</comment>
  </comments>
</alpino_ds>
