<?xml version="1.0" encoding="UTF-8"?>
<alpino_ds version="1.15">
  <parser build="Alpino-x86_64-linux-glibc2.5-git1006-sicstus" date="2023-09-07T13:23" cats="1" skips="0" />
  <node begin="0" cat="top" end="18" id="0" rel="top">
    <node begin="4" end="5" frame="punct(komma)" his="normal" his_1="normal" id="1" lcat="punct" lemma="," pos="punct" postag="LET()" pt="let" rel="--" root="," sense="," special="komma" word=","/>
    <node begin="7" end="8" frame="punct(komma)" his="normal" his_1="normal" id="2" lcat="punct" lemma="," pos="punct" postag="LET()" pt="let" rel="--" root="," sense="," special="komma" word=","/>
    <node begin="0" cat="du" end="17" id="3" rel="--">
      <node begin="0" cat="ppart" end="7" id="4" rel="sat">
        <node begin="0" cat="np" end="4" id="5" rel="obj1">
          <node begin="0" end="1" frame="determiner(het,nwh,nmod,pro,nparg,wkpro)" his="normal" his_1="decap" his_1_1="normal" id="6" infl="het" lcat="detp" lemma="het" lwtype="bep" naamval="stan" npagr="evon" pos="det" postag="LID(bep,stan,evon)" pt="lid" rel="det" root="het" sense="het" wh="nwh" word="Het"/>
          <node begin="1" buiging="met-e" end="2" frame="number(rang)" graad="sup" his="normal" his_1="normal" id="7" lcat="ap" lemma="laat" naamval="stan" numtype="rang" pos="num" positie="prenom" postag="ADJ(prenom,sup,met-e,stan)" pt="adj" rel="mod" root="laat" sense="laat" word="laatste"/>
          <node aform="base" begin="2" buiging="met-e" end="3" frame="adjective(e)" graad="basis" his="normal" his_1="normal" id="8" infl="e" lcat="ap" lemma="fataal" naamval="stan" pos="adj" positie="prenom" postag="ADJ(prenom,basis,met-e,stan)" pt="adj" rel="mod" root="fataal" sense="fataal" vform="adj" word="fatale"/>
          <node begin="3" end="4" frame="noun(het,count,sg)" gen="het" genus="onz" getal="ev" graad="basis" his="normal" his_1="normal" id="9" lcat="np" lemma="incident" naamval="stan" ntype="soort" num="sg" pos="noun" postag="N(soort,ev,basis,onz,stan)" pt="n" rel="hd" rnum="sg" root="incident" sense="incident" word="incident"/>
        </node>
        <node begin="5" end="6" frame="tmp_noun(de,count,sg)" gen="de" genus="zijd" getal="ev" graad="basis" his="normal" his_1="normal" id="10" lcat="np" lemma="maandag_ochtend" naamval="stan" ntype="soort" num="sg" pos="noun" postag="N(soort,ev,basis,zijd,stan)" pt="n" rel="mod" rnum="sg" root="maandag_ochtend" sense="maandag_ochtend" special="tmp" word="maandagochtend"/>
        <node begin="6" buiging="zonder" end="7" frame="verb(hebben,psp,ninv(transitive,part_transitive(aan)))" his="normal" his_1="part-V" id="11" infl="psp" lcat="ppart" lemma="aan_geven" pos="verb" positie="vrij" postag="WW(vd,vrij,zonder)" pt="ww" rel="hd" root="geef_aan" sc="part_transitive(aan)" sense="geef_aan" word="aangegeven" wvorm="vd"/>
      </node>
      <node begin="8" cat="sv1" end="17" id="12" rel="nucl">
        <node begin="8" end="9" frame="verb(hebben,past(sg),transitive)" his="normal" his_1="normal" id="13" infl="sg" lcat="sv1" lemma="doden" pos="verb" postag="WW(pv,verl,ev)" pt="ww" pvagr="ev" pvtijd="verl" rel="hd" root="dood" sc="transitive" sense="dood" tense="past" v_per="thi" word="doodde" wvorm="pv"/>
        <node begin="9" cat="conj" end="15" id="14" rel="su">
          <node begin="9" cat="np" end="13" id="15" rel="cnj">
            <node begin="9" end="10" frame="determiner(een)" his="normal" his_1="normal" id="16" infl="een" lcat="detp" lemma="een" lwtype="onbep" naamval="stan" npagr="agr" pos="det" postag="LID(onbep,stan,agr)" pt="lid" rel="det" root="een" sense="een" word="een"/>
            <node begin="10" cat="mwu" end="12" his="normal" his_1="numberjarig" id="17" rel="mod">
              <node aform="base" begin="10" end="11" frame="adjective(e)" id="18" infl="e" lcat="ap" lemma="17" numtype="hoofd" pos="adj" positie="vrij" postag="TW(hoofd,vrij)" pt="tw" rel="mwp" root="17" sense="17" vform="adj" word="17"/>
              <node aform="base" begin="11" buiging="met-e" end="12" frame="adjective(e)" graad="basis" id="19" infl="e" lcat="ap" lemma="jarig" naamval="stan" pos="adj" positie="prenom" postag="ADJ(prenom,basis,met-e,stan)" pt="adj" rel="mwp" root="jarig" sense="jarig" vform="adj" word="jarige"/>
            </node>
            <node begin="12" end="13" frame="noun(de,count,sg)" gen="de" genus="zijd" getal="ev" graad="basis" his="normal" his_1="normal" id="20" lcat="np" lemma="jongen" naamval="stan" ntype="soort" num="sg" pos="noun" postag="N(soort,ev,basis,zijd,stan)" pt="n" rel="hd" rnum="sg" root="jongen" sense="jongen" word="jongen"/>
          </node>
          <node begin="13" conjtype="neven" end="14" frame="conj(en)" his="normal" his_1="normal" id="21" lcat="vg" lemma="en" pos="vg" postag="VG(neven)" pt="vg" rel="crd" root="en" sense="en" word="en"/>
          <node aform="base" begin="14" buiging="met-e" end="15" frame="adjective(ge_e)" getal-n="zonder-n" his="normal" his_1="normal" id="22" infl="e" lcat="np" lemma="verwonden" pos="adj" positie="nom" postag="WW(vd,nom,met-e,zonder-n)" pt="ww" rel="cnj" rnum="sg" root="verwonden" sense="verwonden" vform="psp" word="verwonde" wvorm="vd"/>
        </node>
        <node begin="15" cat="np" end="17" id="23" rel="obj1">
          <node begin="15" end="16" frame="determiner(een)" his="normal" his_1="normal" id="24" infl="een" lcat="detp" lemma="een" lwtype="onbep" naamval="stan" npagr="agr" pos="det" postag="LID(onbep,stan,agr)" pt="lid" rel="det" root="een" sense="een" word="een"/>
          <node begin="16" end="17" frame="noun(de,count,sg)" gen="de" genus="zijd" getal="ev" graad="basis" his="normal" his_1="normal" id="25" lcat="np" lemma="vrouw" naamval="stan" ntype="soort" num="sg" pos="noun" postag="N(soort,ev,basis,zijd,stan)" pt="n" rel="hd" rnum="sg" root="vrouw" sense="vrouw" word="vrouw"/>
        </node>
      </node>
    </node>
    <node begin="17" end="18" frame="punct(punt)" his="normal" his_1="normal" id="26" lcat="punct" lemma="." pos="punct" postag="LET()" pt="let" rel="--" root="." sense="." special="punt" word="."/>
  </node>
  <sentence sentid="1552">Het laatste fatale incident , maandagochtend aangegeven , doodde een 17 jarige jongen en verwonde een vrouw .</sentence>
  <comments>
    <comment>Q#1552|Het laatste fatale incident , maandagochtend aangegeven , doodde een 17 jarige jongen en verwonde een vrouw .|1|1|-0.6110137005999996</comment>
  </comments>
</alpino_ds>
