<?xml version="1.0" encoding="UTF-8"?>
<alpino_ds version="1.15">
  <parser build="Alpino-x86_64-linux-glibc2.5-git1006-sicstus" date="2023-09-07T13:23" cats="1" skips="0" />
  <node begin="0" cat="top" end="11" id="0" rel="top">
    <node begin="0" cat="smain" end="10" id="1" rel="--">
      <node begin="0" cat="np" end="2" id="2" rel="su">
        <node begin="0" end="1" frame="determiner(het,nwh,nmod,pro,nparg,wkpro)" his="normal" his_1="decap" his_1_1="normal" id="3" infl="het" lcat="detp" lemma="het" lwtype="bep" naamval="stan" npagr="evon" pos="det" postag="LID(bep,stan,evon)" pt="lid" rel="det" root="het" sense="het" wh="nwh" word="Het"/>
        <node begin="1" end="2" frame="noun(both,count,sg)" gen="both" genus="onz" getal="ev" graad="basis" his="normal" his_1="normal" id="4" lcat="np" lemma="medicijn" naamval="stan" ntype="soort" num="sg" pos="noun" postag="N(soort,ev,basis,onz,stan)" pt="n" rel="hd" rnum="sg" root="medicijn" sense="medicijn" word="medicijn"/>
      </node>
      <node begin="2" end="3" frame="verb(hebben,past(sg),pc_pp(tegen))" his="normal" his_1="normal" id="5" infl="sg" lcat="smain" lemma="helpen" pos="verb" postag="WW(pv,verl,ev)" pt="ww" pvagr="ev" pvtijd="verl" rel="hd" root="help" sc="pc_pp(tegen)" sense="help-tegen" stype="declarative" tense="past" v_per="thi" word="hielp" wvorm="pv"/>
      <node begin="3" cat="pp" end="6" id="6" rel="mod">
        <node begin="3" end="4" frame="preposition(over,[heen])" his="normal" his_1="normal" id="7" lcat="pp" lemma="over" pos="prep" postag="VZ(init)" pt="vz" rel="hd" root="over" sense="over" vztype="init" word="over"/>
        <node begin="4" cat="np" end="6" id="8" rel="obj1">
          <node begin="4" end="5" frame="determiner(het,nwh,nmod,pro,nparg,wkpro)" his="normal" his_1="normal" id="9" infl="het" lcat="detp" lemma="het" lwtype="bep" naamval="stan" npagr="evon" pos="det" postag="LID(bep,stan,evon)" pt="lid" rel="det" root="het" sense="het" wh="nwh" word="het"/>
          <node begin="5" buiging="zonder" end="6" frame="noun(het,mass,sg)" gen="het" getal-n="zonder-n" graad="basis" his="normal" his_1="normal" id="10" lcat="np" lemma="algemeen" num="sg" pos="noun" positie="nom" postag="ADJ(nom,basis,zonder,zonder-n)" pt="adj" rel="hd" rnum="sg" root="algemeen" sense="algemeen" word="algemeen"/>
        </node>
      </node>
      <node begin="6" cat="advp" end="8" id="11" rel="mod">
        <node begin="6" end="7" frame="modal_adverb(adv_comp_prep)" his="normal" his_1="normal" id="12" lcat="advp" lemma="helemaal" pos="adv" postag="BW()" pt="bw" rel="mod" root="helemaal" sc="adv_comp_prep" sense="helemaal" word="helemaal"/>
        <node begin="7" end="8" frame="adverb" his="normal" his_1="normal" id="13" lcat="advp" lemma="niet" pos="adv" postag="BW()" pt="bw" rel="hd" root="niet" sense="niet" word="niet"/>
      </node>
      <node begin="8" cat="pp" end="10" id="14" rel="pc">
        <node begin="8" end="9" frame="preposition(tegen,[aan,in,op])" his="normal" his_1="normal" id="15" lcat="pp" lemma="tegen" pos="prep" postag="VZ(init)" pt="vz" rel="hd" root="tegen" sense="tegen" vztype="init" word="tegen"/>
        <node begin="9" end="10" frame="noun(de,count,sg)" gen="de" genus="zijd" getal="ev" graad="basis" his="normal" his_1="normal" id="16" lcat="np" lemma="koorts" naamval="stan" ntype="soort" num="sg" pos="noun" postag="N(soort,ev,basis,zijd,stan)" pt="n" rel="obj1" rnum="sg" root="koorts" sense="koorts" word="koorts"/>
      </node>
    </node>
    <node begin="10" end="11" frame="punct(punt)" his="normal" his_1="normal" id="17" lcat="punct" lemma="." pos="punct" postag="LET()" pt="let" rel="--" root="." sense="." special="punt" word="."/>
  </node>
  <sentence sentid="1558">Het medicijn hielp over het algemeen helemaal niet tegen koorts .</sentence>
  <comments>
    <comment>Q#1558|Het medicijn hielp over het algemeen helemaal niet tegen koorts .|1|1|-5.662461184299999</comment>
  </comments>
</alpino_ds>
