<?xml version="1.0" encoding="UTF-8"?>
<alpino_ds version="1.15">
  <parser build="Alpino-x86_64-linux-glibc2.5-git1006-sicstus" date="2023-09-07T13:17" cats="1" skips="0" />
  <node begin="0" cat="top" end="13" id="0" rel="top">
    <node begin="7" end="8" frame="punct(komma)" his="normal" his_1="normal" id="1" lcat="punct" lemma="," pos="punct" postag="LET()" pt="let" rel="--" root="," sense="," special="komma" word=","/>
    <node begin="0" cat="du" end="12" id="2" rel="--">
      <node begin="0" cat="smain" end="7" id="3" rel="dp">
        <node begin="0" end="1" frame="noun(het,mass,sg)" gen="het" getal="ev" his="normal" his_1="decap" his_1_1="normal" id="4" lcat="np" lemma="alles" naamval="stan" num="sg" pdtype="pron" persoon="3o" pos="noun" postag="VNW(onbep,pron,stan,vol,3o,ev)" pt="vnw" rel="su" rnum="sg" root="alles" sense="alles" status="vol" vwtype="onbep" word="Alles"/>
        <node begin="1" end="2" frame="verb(unacc,sg_is,copula)" his="normal" his_1="normal" id="5" infl="sg_is" lcat="smain" lemma="zijn" pos="verb" postag="WW(pv,tgw,ev)" pt="ww" pvagr="ev" pvtijd="tgw" rel="hd" root="ben" sc="copula" sense="ben" stype="declarative" tense="present" v_per="thi" word="is" wvorm="pv"/>
        <node begin="2" cat="pp" end="4" id="6" rel="predc">
          <node begin="2" end="3" frame="preposition(in,[])" his="normal" his_1="normal" id="7" lcat="pp" lemma="in" pos="prep" postag="VZ(init)" pt="vz" rel="hd" root="in" sense="in" vztype="init" word="in"/>
          <node begin="3" end="4" frame="noun(de,count,pl,pred_pp_pl(in))" gen="de" getal="mv" graad="basis" his="normal" his_1="normal" id="8" lcat="np" lemma="hand" ntype="soort" num="pl" pos="noun" postag="N(soort,mv,basis)" pt="n" rel="obj1" rnum="pl" root="hand" sc="pred_pp_pl(in)" sense="hand" word="handen"/>
        </node>
        <node begin="4" cat="pp" end="7" id="9" rel="mod">
          <node begin="4" end="5" frame="preposition(van,[af,uit,vandaan,[af,aan]])" his="normal" his_1="normal" id="10" lcat="pp" lemma="van" pos="prep" postag="VZ(init)" pt="vz" rel="hd" root="van" sense="van" vztype="init" word="van"/>
          <node begin="5" cat="np" end="7" id="11" rel="obj1">
            <node aform="compar" begin="5" buiging="met-e" end="6" frame="adjective(ere)" graad="basis" his="normal" his_1="normal" id="12" infl="e" lcat="ap" lemma="ander" naamval="stan" pos="adj" positie="prenom" postag="ADJ(prenom,basis,met-e,stan)" pt="adj" rel="mod" root="ander" sense="ander" vform="adj" word="andere"/>
            <node begin="6" end="7" frame="noun(de,count,sg)" gen="de" genus="zijd" getal="ev" graad="basis" his="normal" his_1="normal" id="13" lcat="np" lemma="entiteit" naamval="stan" ntype="soort" num="sg" pos="noun" postag="N(soort,ev,basis,zijd,stan)" pt="n" rel="hd" rnum="sg" root="entiteit" sense="entiteit" word="entiteit"/>
          </node>
        </node>
      </node>
      <node begin="8" cat="sv1" end="12" id="14" rel="dp">
        <node begin="8" end="9" frame="verb(unacc,past(sg),intransitive)" his="normal" his_1="normal" id="15" infl="sg" lcat="sv1" lemma="zijn" pos="verb" postag="WW(pv,verl,ev)" pt="ww" pvagr="ev" pvtijd="verl" rel="hd" root="ben" sc="intransitive" sense="ben" tense="past" v_per="thi" word="was" wvorm="pv"/>
        <node begin="9" case="both" def="def" end="10" frame="pronoun(nwh,thi,both,de,both,def,wkpro)" gen="de" genus="fem" getal="ev" his="normal" his_1="normal" id="16" lcat="np" lemma="ze" naamval="stan" num="both" pdtype="pron" per="thi" persoon="3" pos="pron" postag="VNW(pers,pron,stan,red,3,ev,fem)" pt="vnw" rel="su" rnum="sg" root="ze" sense="ze" special="wkpro" status="red" vwtype="pers" wh="nwh" word="ze"/>
        <node begin="10" end="11" frame="er_adverb(om)" his="normal" his_1="normal" id="17" lcat="pp" lemma="daarom" pos="pp" postag="BW()" pt="bw" rel="mod" root="daarom" sense="daarom" special="er" word="daarom"/>
        <node aform="base" begin="11" buiging="zonder" end="12" frame="adjective(no_e(adv))" graad="basis" his="normal" his_1="normal" id="18" infl="no_e" lcat="ap" lemma="vaak" pos="adj" positie="vrij" postag="ADJ(vrij,basis,zonder)" pt="adj" rel="mod" root="vaak" sense="vaak" vform="adj" word="vaak"/>
      </node>
    </node>
    <node begin="12" end="13" frame="punct(punt)" his="normal" his_1="normal" id="19" lcat="punct" lemma="." pos="punct" postag="LET()" pt="let" rel="--" root="." sense="." special="punt" word="."/>
  </node>
  <sentence sentid="156">Alles is in handen van andere entiteit , was ze daarom vaak .</sentence>
  <comments>
    <comment>Q#156|Alles is in handen van andere entiteit , was ze daarom vaak .|1|1|-4.8124664705999995</comment>
  </comments>
</alpino_ds>
