<?xml version="1.0" encoding="UTF-8"?>
<alpino_ds version="1.15">
  <parser build="Alpino-x86_64-linux-glibc2.5-git1006-sicstus" date="2023-09-07T13:23" cats="1" skips="0" />
  <node begin="0" cat="top" end="14" id="0" rel="top">
    <node begin="0" cat="smain" end="13" id="1" rel="--">
      <node begin="0" cat="np" end="9" id="2" rel="su">
        <node begin="0" end="1" frame="determiner(het,nwh,nmod,pro,nparg,wkpro)" his="normal" his_1="decap" his_1_1="normal" id="3" infl="het" lcat="detp" lemma="het" lwtype="bep" naamval="stan" npagr="evon" pos="det" postag="LID(bep,stan,evon)" pt="lid" rel="det" root="het" sense="het" wh="nwh" word="Het"/>
        <node begin="1" buiging="zonder" end="2" frame="v_noun(intransitive)" getal-n="zonder-n" his="normal" his_1="part-V" id="4" lcat="np" lemma="mee_nemen" pos="verb" positie="nom" postag="WW(inf,nom,zonder,zonder-n)" pt="ww" rel="hd" rnum="sg" root="neem_mee" sc="intransitive" sense="neem_mee" special="v_noun" word="meenemen" wvorm="inf"/>
        <node begin="2" cat="pp" end="6" id="5" rel="mod">
          <node begin="2" end="3" frame="preposition(van,[af,uit,vandaan,[af,aan]])" his="normal" his_1="normal" id="6" lcat="pp" lemma="van" pos="prep" postag="VZ(init)" pt="vz" rel="hd" root="van" sense="van" vztype="init" word="van"/>
          <node begin="3" cat="np" end="6" id="7" rel="obj1">
            <node begin="3" end="4" frame="determiner(de)" his="normal" his_1="normal" id="8" infl="de" lcat="detp" lemma="de" lwtype="bep" naamval="stan" npagr="rest" pos="det" postag="LID(bep,stan,rest)" pt="lid" rel="det" root="de" sense="de" word="de"/>
            <node begin="4" end="5" frame="noun(de,count,sg,app_measure)" gen="de" genus="zijd" getal="ev" graad="basis" his="normal" his_1="normal" id="9" lcat="np" lemma="groep" naamval="stan" ntype="soort" num="sg" pos="noun" postag="N(soort,ev,basis,zijd,stan)" pt="n" rel="hd" rnum="sg" root="groep" sc="app_measure" sense="groep" word="groep"/>
            <node begin="5" end="6" frame="noun(het,count,pl)" gen="het" getal="mv" graad="basis" his="normal" his_1="normal" id="10" lcat="np" lemma="kind" ntype="soort" num="pl" pos="noun" postag="N(soort,mv,basis)" pt="n" rel="app" rnum="pl" root="kind" sense="kind" word="kinderen"/>
          </node>
        </node>
        <node begin="6" cat="pp" end="9" id="11" rel="mod">
          <node begin="6" end="7" frame="preposition(naar,[toe])" his="normal" his_1="normal" id="12" lcat="pp" lemma="naar" pos="prep" postag="VZ(init)" pt="vz" rel="hd" root="naar" sense="naar" vztype="init" word="naar"/>
          <node begin="7" cat="np" end="9" id="13" rel="obj1">
            <node begin="7" end="8" frame="determiner(de)" his="normal" his_1="normal" id="14" infl="de" lcat="detp" lemma="de" lwtype="bep" naamval="stan" npagr="rest" pos="det" postag="LID(bep,stan,rest)" pt="lid" rel="det" root="de" sense="de" word="de"/>
            <node begin="8" end="9" frame="noun(de,count,sg)" gen="de" genus="zijd" getal="ev" graad="basis" his="normal" his_1="normal" id="15" lcat="np" lemma="bibliotheek" naamval="stan" ntype="soort" num="sg" pos="noun" postag="N(soort,ev,basis,zijd,stan)" pt="n" rel="hd" rnum="sg" root="bibliotheek" sense="bibliotheek" word="bibliotheek"/>
          </node>
        </node>
      </node>
      <node begin="9" end="10" frame="verb(unacc,past(sg),copula)" his="normal" his_1="normal" id="16" infl="sg" lcat="smain" lemma="zijn" pos="verb" postag="WW(pv,verl,ev)" pt="ww" pvagr="ev" pvtijd="verl" rel="hd" root="ben" sc="copula" sense="ben" stype="declarative" tense="past" v_per="thi" word="was" wvorm="pv"/>
      <node begin="10" cat="np" end="13" id="17" rel="predc">
        <node begin="10" cat="detp" end="12" id="18" rel="det">
          <node begin="10" end="11" frame="adverb" his="normal" his_1="normal" id="19" lcat="advp" lemma="helemaal" pos="adv" postag="BW()" pt="bw" rel="mod" root="helemaal" sense="helemaal" word="helemaal"/>
          <node begin="11" buiging="zonder" end="12" frame="determiner(geen,nwh,mod,pro,yparg,nwkpro,geen)" his="normal" his_1="normal" id="20" infl="geen" lcat="detp" lemma="geen" naamval="stan" npagr="agr" pdtype="det" pos="det" positie="prenom" postag="VNW(onbep,det,stan,prenom,zonder,agr)" pt="vnw" rel="hd" root="geen" sense="geen" vwtype="onbep" wh="nwh" word="geen"/>
        </node>
        <node begin="12" end="13" frame="noun(het,count,sg)" gen="het" genus="onz" getal="ev" graad="basis" his="normal" his_1="normal" id="21" lcat="np" lemma="probleem" naamval="stan" ntype="soort" num="sg" pos="noun" postag="N(soort,ev,basis,onz,stan)" pt="n" rel="hd" rnum="sg" root="probleem" sense="probleem" word="probleem"/>
      </node>
    </node>
    <node begin="13" end="14" frame="punct(punt)" his="normal" his_1="normal" id="22" lcat="punct" lemma="." pos="punct" postag="LET()" pt="let" rel="--" root="." sense="." special="punt" word="."/>
  </node>
  <sentence sentid="1564">Het meenemen van de groep kinderen naar de bibliotheek was helemaal geen probleem .</sentence>
  <comments>
    <comment>Q#1564|Het meenemen van de groep kinderen naar de bibliotheek was helemaal geen probleem .|1|1|-3.854214040599999</comment>
  </comments>
</alpino_ds>
