<?xml version="1.0" encoding="UTF-8"?>
<alpino_ds version="1.15">
  <parser build="Alpino-x86_64-linux-glibc2.5-git1006-sicstus" date="2023-09-07T13:23" cats="1" skips="0" />
  <node begin="0" cat="top" end="12" id="0" rel="top">
    <node begin="0" cat="smain" end="11" id="1" rel="--">
      <node begin="0" cat="np" end="4" id="2" rel="predc">
        <node begin="0" end="1" frame="determiner(het,nwh,nmod,pro,nparg,wkpro)" his="normal" his_1="decap" his_1_1="normal" id="3" infl="het" lcat="detp" lemma="het" lwtype="bep" naamval="stan" npagr="evon" pos="det" postag="LID(bep,stan,evon)" pt="lid" rel="det" root="het" sense="het" wh="nwh" word="Het"/>
        <node begin="1" end="2" frame="noun(het,count,sg,subject_sbar_no_het)" gen="het" genus="onz" getal="ev" graad="basis" his="normal" his_1="normal" id="4" lcat="np" lemma="probleem" naamval="stan" ntype="soort" num="sg" pos="noun" postag="N(soort,ev,basis,onz,stan)" pt="n" rel="hd" rnum="sg" root="probleem" sc="subject_sbar_no_het" sense="probleem" word="probleem"/>
        <node begin="2" cat="pp" end="4" id="5" rel="mod">
          <node begin="2" end="3" frame="preposition(met,[mee,[en,al]])" his="normal" his_1="normal" id="6" lcat="pp" lemma="met" pos="prep" postag="VZ(init)" pt="vz" rel="hd" root="met" sense="met" vztype="init" word="met"/>
          <node begin="3" case="dat_acc" def="def" end="4" frame="pronoun(nwh,fir,pl,de,dat_acc,def)" gen="de" getal="mv" his="normal" his_1="normal" id="7" lcat="np" lemma="ons" naamval="obl" num="pl" pdtype="pron" per="fir" persoon="1" pos="pron" postag="VNW(pr,pron,obl,vol,1,mv)" pt="vnw" rel="obj1" rnum="pl" root="ons" sense="ons" status="vol" vwtype="pr" wh="nwh" word="ons"/>
        </node>
      </node>
      <node begin="4" end="5" frame="verb(unacc,sg_is,copula_sbar)" his="normal" his_1="normal" id="8" infl="sg_is" lcat="smain" lemma="zijn" pos="verb" postag="WW(pv,tgw,ev)" pt="ww" pvagr="ev" pvtijd="tgw" rel="hd" root="ben" sc="copula_sbar" sense="ben" stype="declarative" tense="present" v_per="thi" word="is" wvorm="pv"/>
      <node begin="5" cat="cp" end="11" id="9" rel="su">
        <node begin="5" conjtype="onder" end="6" frame="complementizer(dat)" his="normal" his_1="normal" id="10" lcat="cp" lemma="dat" pos="comp" postag="VG(onder)" pt="vg" rel="cmp" root="dat" sc="dat" sense="dat" word="dat"/>
        <node begin="6" cat="ssub" end="11" id="11" rel="body">
          <node begin="6" case="nom" def="def" end="7" frame="pronoun(nwh,fir,pl,de,nom,def,wkpro)" gen="de" getal="mv" his="normal" his_1="normal" id="12" lcat="np" lemma="we" naamval="nomin" num="pl" pdtype="pron" per="fir" persoon="1" pos="pron" postag="VNW(pers,pron,nomin,red,1,mv)" pt="vnw" rel="su" rnum="pl" root="we" sense="we" special="wkpro" status="red" vwtype="pers" wh="nwh" word="we"/>
          <node begin="7" cat="np" end="10" id="13" rel="obj1">
            <node begin="7" buiging="zonder" end="8" frame="determiner(geen,nwh,mod,pro,yparg,nwkpro,geen)" his="normal" his_1="normal" id="14" infl="geen" lcat="detp" lemma="geen" naamval="stan" npagr="agr" pdtype="det" pos="det" positie="prenom" postag="VNW(onbep,det,stan,prenom,zonder,agr)" pt="vnw" rel="det" root="geen" sense="geen" vwtype="onbep" wh="nwh" word="geen"/>
            <node aform="base" begin="8" buiging="met-e" end="9" frame="adjective(e)" graad="basis" his="normal" his_1="normal" id="15" infl="e" lcat="ap" lemma="beschikbaar" naamval="stan" pos="adj" positie="prenom" postag="ADJ(prenom,basis,met-e,stan)" pt="adj" rel="mod" root="beschikbaar" sense="beschikbaar" vform="adj" word="beschikbare"/>
            <node begin="9" end="10" frame="noun(het,count,pl)" gen="het" getal="mv" graad="basis" his="normal" his_1="normal" id="16" lcat="np" lemma="fonds" ntype="soort" num="pl" pos="noun" postag="N(soort,mv,basis)" pt="n" rel="hd" rnum="pl" root="fonds" sense="fonds" word="fondsen"/>
          </node>
          <node begin="10" end="11" frame="verb(hebben,pl,transitive_ndev)" his="normal" his_1="normal" id="17" infl="pl" lcat="ssub" lemma="hebben" pos="verb" postag="WW(pv,tgw,mv)" pt="ww" pvagr="mv" pvtijd="tgw" rel="hd" root="heb" sc="transitive_ndev" sense="heb" tense="present" v_per="fir" word="hebben" wvorm="pv"/>
        </node>
      </node>
    </node>
    <node begin="11" end="12" frame="punct(punt)" his="normal" his_1="normal" id="18" lcat="punct" lemma="." pos="punct" postag="LET()" pt="let" rel="--" root="." sense="." special="punt" word="."/>
  </node>
  <sentence sentid="1624">Het probleem met ons is dat we geen beschikbare fondsen hebben .</sentence>
  <comments>
    <comment>Q#1624|Het probleem met ons is dat we geen beschikbare fondsen hebben .|1|1|-5.4682908896999995</comment>
  </comments>
</alpino_ds>
