<?xml version="1.0" encoding="UTF-8"?>
<alpino_ds version="1.15">
  <parser build="Alpino-x86_64-linux-glibc2.5-git1006-sicstus" date="2023-09-07T13:17" cats="1" skips="0" />
  <node begin="0" cat="top" end="16" id="0" rel="top">
    <node begin="0" cat="smain" end="15" id="1" rel="--">
      <node begin="0" cat="cp" end="6" id="2" rel="mod">
        <node begin="0" conjtype="onder" end="1" frame="complementizer(als)" his="normal" his_1="decap" his_1_1="normal" id="3" lcat="cp" lemma="als" pos="comp" postag="VG(onder)" pt="vg" rel="cmp" root="als" sc="als" sense="als" word="Als"/>
        <node begin="1" cat="ssub" end="6" id="4" rel="body">
          <node begin="1" end="2" frame="noun(het,mass,sg)" gen="het" genus="onz" getal="ev" graad="basis" his="normal" his_1="normal" id="5" lcat="np" lemma="Esperanto" naamval="stan" ntype="eigen" num="sg" pos="noun" postag="N(eigen,ev,basis,onz,stan)" pt="n" rel="su" rnum="sg" root="Esperanto" sense="Esperanto" word="Esperanto"/>
          <node begin="2" cat="np" end="5" id="6" rel="predc">
            <node begin="2" end="3" frame="determiner(een)" his="normal" his_1="normal" id="7" infl="een" lcat="detp" lemma="een" lwtype="onbep" naamval="stan" npagr="agr" pos="det" postag="LID(onbep,stan,agr)" pt="lid" rel="det" root="een" sense="een" word="een"/>
            <node aform="base" begin="3" buiging="met-e" end="4" frame="adjective(e)" graad="basis" his="normal" his_1="normal" id="8" infl="e" lcat="ap" lemma="makkelijk" naamval="stan" pos="adj" positie="prenom" postag="ADJ(prenom,basis,met-e,stan)" pt="adj" rel="mod" root="makkelijk" sense="makkelijk" vform="adj" word="makkelijke"/>
            <node begin="4" end="5" frame="noun(de,count,sg)" gen="de" genus="zijd" getal="ev" graad="basis" his="normal" his_1="normal" id="9" lcat="np" lemma="taal" naamval="stan" ntype="soort" num="sg" pos="noun" postag="N(soort,ev,basis,zijd,stan)" pt="n" rel="hd" rnum="sg" root="taal" sense="taal" word="taal"/>
          </node>
          <node begin="5" end="6" frame="verb(unacc,past(sg),copula)" his="normal" his_1="normal" id="10" infl="sg" lcat="ssub" lemma="zijn" pos="verb" postag="WW(pv,verl,ev)" pt="ww" pvagr="ev" pvtijd="verl" rel="hd" root="ben" sc="copula" sense="ben" tense="past" v_per="thi" word="was" wvorm="pv"/>
        </node>
      </node>
      <node begin="6" end="7" frame="verb(hebben,past(sg),fixed([ap_pred(nodig),meas,vp],no_passive))" his="normal" his_1="normal" id="11" infl="sg" lcat="smain" lemma="hebben" pos="verb" postag="WW(pv,verl,ev)" pt="ww" pvagr="ev" pvtijd="verl" rel="hd" root="heb" sc="fixed([ap_pred(nodig),meas,vp],no_passive)" sense="nodig-heb" stype="declarative" tense="past" v_per="fir" word="had" wvorm="pv"/>
      <node begin="7" case="nom" def="def" end="8" frame="pronoun(nwh,fir,sg,de,nom,def)" gen="de" getal="ev" his="normal" his_1="normal" id="12" index="1" lcat="np" lemma="ik" naamval="nomin" num="sg" pdtype="pron" per="fir" persoon="1" pos="pron" postag="VNW(pers,pron,nomin,vol,1,ev)" pt="vnw" rel="su" rnum="sg" root="ik" sense="ik" status="vol" vwtype="pers" wh="nwh" word="ik"/>
      <node begin="8" cat="np" end="10" id="13" rel="me">
        <node begin="8" buiging="zonder" end="9" frame="determiner(geen,nwh,mod,pro,yparg,nwkpro,geen)" his="normal" his_1="normal" id="14" infl="geen" lcat="detp" lemma="geen" naamval="stan" npagr="agr" pdtype="det" pos="det" positie="prenom" postag="VNW(onbep,det,stan,prenom,zonder,agr)" pt="vnw" rel="det" root="geen" sense="geen" vwtype="onbep" wh="nwh" word="geen"/>
        <node begin="9" end="10" frame="noun(de,count,sg)" gen="de" genus="zijd" getal="ev" graad="basis" his="compound" his_1="2" id="15" lcat="np" lemma="proef_lezer" naamval="stan" ntype="soort" num="sg" pos="noun" postag="N(soort,ev,basis,zijd,stan)" pt="n" rel="hd" rnum="sg" root="proef_lezer" sense="proef_lezer" word="proeflezer"/>
      </node>
      <node aform="base" begin="10" buiging="zonder" end="11" frame="adjective(no_e(adv))" graad="basis" his="normal" his_1="normal" id="16" infl="no_e" lcat="ap" lemma="nodig" pos="adj" positie="vrij" postag="ADJ(vrij,basis,zonder)" pt="adj" rel="predc" root="nodig" sense="nodig" vform="adj" word="nodig"/>
      <node begin="7" cat="oti" end="15" id="17" rel="vc">
        <node begin="11" end="12" frame="complementizer(om)" his="normal" his_1="normal" id="18" lcat="oti" lemma="om" pos="comp" postag="VZ(init)" pt="vz" rel="cmp" root="om" sc="om" sense="om" vztype="init" word="om"/>
        <node begin="7" cat="ti" end="15" id="19" rel="body">
          <node begin="13" end="14" frame="complementizer(te)" his="normal" his_1="normal" id="20" lcat="ti" lemma="te" pos="comp" postag="VZ(init)" pt="vz" rel="cmp" root="te" sc="te" sense="te" vztype="init" word="te"/>
          <node begin="7" cat="inf" end="15" id="21" rel="body">
            <node begin="7" end="8" id="22" index="1" rel="su"/>
            <node begin="12" case="dat_acc" def="def" end="13" frame="pronoun(nwh,fir,sg,de,dat_acc,def)" gen="de" getal="ev" his="normal" his_1="normal" id="23" lcat="np" lemma="mij" naamval="obl" num="sg" pdtype="pron" per="fir" persoon="1" pos="pron" postag="VNW(pr,pron,obl,vol,1,ev)" pt="vnw" rel="obj1" rnum="sg" root="mij" sense="mij" status="vol" vwtype="pr" wh="nwh" word="mij"/>
            <node begin="14" buiging="zonder" end="15" frame="verb(hebben,inf,transitive_ndev)" his="normal" his_1="normal" id="24" infl="inf" lcat="inf" lemma="helpen" pos="verb" positie="vrij" postag="WW(inf,vrij,zonder)" pt="ww" rel="hd" root="help" sc="transitive_ndev" sense="help" word="helpen" wvorm="inf"/>
          </node>
        </node>
      </node>
    </node>
    <node begin="15" end="16" frame="punct(punt)" his="normal" his_1="normal" id="25" lcat="punct" lemma="." pos="punct" postag="LET()" pt="let" rel="--" root="." sense="." special="punt" word="."/>
  </node>
  <sentence sentid="164">Als Esperanto een makkelijke taal was had ik geen proeflezer nodig om mij te helpen .</sentence>
  <comments>
    <comment>Q#164|Als Esperanto een makkelijke taal was had ik geen proeflezer nodig om mij te helpen .|1|1|-10.083593936700005</comment>
  </comments>
</alpino_ds>
