<?xml version="1.0" encoding="UTF-8"?>
<alpino_ds version="1.15">
  <parser build="Alpino-x86_64-linux-glibc2.5-git1006-sicstus" date="2023-09-07T13:17" cats="1" skips="0" />
  <node begin="0" cat="top" end="11" id="0" rel="top">
    <node begin="0" cat="smain" end="10" id="1" rel="--">
      <node begin="0" end="1" frame="noun(het,mass,sg)" gen="het" genus="onz" getal="ev" graad="basis" his="compound" his_1="1" id="2" lcat="np" lemma="Algida_ijs" naamval="stan" ntype="soort" num="sg" pos="noun" postag="N(soort,ev,basis,onz,stan)" pt="n" rel="su" rnum="sg" root="Algida_ijs" sense="Algida_ijs" word="Algida-ijs"/>
      <node begin="1" end="2" frame="verb(unacc,sg_is,copula)" his="normal" his_1="normal" id="3" infl="sg_is" lcat="smain" lemma="zijn" pos="verb" postag="WW(pv,tgw,ev)" pt="ww" pvagr="ev" pvtijd="tgw" rel="hd" root="ben" sc="copula" sense="ben" stype="declarative" tense="present" v_per="thi" word="is" wvorm="pv"/>
      <node begin="2" cat="np" end="10" id="4" rel="predc">
        <node begin="2" end="3" frame="iets_noun" getal="ev" his="normal" his_1="normal" id="5" lcat="np" lemma="niets" naamval="stan" pdtype="pron" persoon="3o" pos="pron" postag="VNW(onbep,pron,stan,vol,3o,ev)" pt="vnw" rel="hd" rnum="sg" root="niets" sc="iets" sense="niets" status="vol" vwtype="onbep" word="niets"/>
        <node begin="3" cat="ap" end="10" id="6" rel="mod">
          <node aform="compar" begin="3" buiging="met-s" end="4" frame="post_adjective(er)" graad="basis" his="normal" his_1="Adj-s" id="7" iets="true" infl="no_e" lcat="ap" lemma="ander" pos="adj" positie="postnom" postag="ADJ(postnom,basis,met-s)" pt="adj" rel="hd" root="ander" sense="ander" special="iets" vform="adj" word="anders"/>
          <node begin="4" cat="cp" end="10" id="8" rel="obcomp">
            <node begin="4" conjtype="onder" end="5" frame="comparative(dan)" his="normal" his_1="normal" id="9" lcat="comparative" lemma="dan" pos="comparative" postag="VG(onder)" pt="vg" rel="cmp" root="dan" sense="dan" word="dan"/>
            <node begin="5" cat="np" end="10" id="10" rel="body">
              <node begin="5" end="6" frame="determiner(een)" his="normal" his_1="normal" id="11" infl="een" lcat="detp" lemma="een" lwtype="onbep" naamval="stan" npagr="agr" pos="det" postag="LID(onbep,stan,agr)" pt="lid" rel="det" root="een" sense="een" word="een"/>
              <node aform="base" begin="6" buiging="zonder" end="7" frame="adjective(no_e(adv))" graad="basis" his="normal" his_1="normal" id="12" infl="no_e" lcat="ap" lemma="gewoon" pos="adj" positie="prenom" postag="ADJ(prenom,basis,zonder)" pt="adj" rel="mod" root="gewoon" sense="gewoon" vform="adj" word="gewoon"/>
              <node begin="7" end="8" frame="noun(het,count,sg)" gen="het" genus="onz" getal="ev" graad="dim" his="normal" his_1="normal" id="13" lcat="np" lemma="ijs" naamval="stan" ntype="soort" num="sg" pos="noun" postag="N(soort,ev,dim,onz,stan)" pt="n" rel="hd" rnum="sg" root="ijs_DIM" sense="ijs_DIM" word="ijsje"/>
              <node begin="8" cat="pp" end="10" id="14" rel="mod">
                <node begin="8" end="9" frame="preposition(met,[mee,[en,al]])" his="normal" his_1="normal" id="15" lcat="pp" lemma="met" pos="prep" postag="VZ(init)" pt="vz" rel="hd" root="met" sense="met" vztype="init" word="met"/>
                <node begin="9" end="10" frame="noun(de,count,pl)" gen="de" getal="mv" graad="basis" his="compound" his_1="2" id="16" lcat="np" lemma="chocolade_snipper" ntype="soort" num="pl" pos="noun" postag="N(soort,mv,basis)" pt="n" rel="obj1" rnum="pl" root="chocolade_snipper" sense="chocolade_snipper" word="chocoladesnippers"/>
              </node>
            </node>
          </node>
        </node>
      </node>
    </node>
    <node begin="10" end="11" frame="punct(punt)" his="normal" his_1="normal" id="17" lcat="punct" lemma="." pos="punct" postag="LET()" pt="let" rel="--" root="." sense="." special="punt" word="."/>
  </node>
  <sentence sentid="17">Algida-ijs is niets anders dan een gewoon ijsje met chocoladesnippers .</sentence>
  <comments>
    <comment>Q#17|Algida-ijs is niets anders dan een gewoon ijsje met chocoladesnippers .|1|1|-2.366497357800001</comment>
  </comments>
</alpino_ds>
