<?xml version="1.0" encoding="UTF-8"?>
<alpino_ds version="1.15">
  <parser build="Alpino-x86_64-linux-glibc2.5-git1006-sicstus" date="2023-09-07T13:17" cats="1" skips="0" />
  <node begin="0" cat="top" end="15" id="0" rel="top">
    <node begin="8" end="9" frame="punct(komma)" his="normal" his_1="normal" id="1" lcat="punct" lemma="," pos="punct" postag="LET()" pt="let" rel="--" root="," sense="," special="komma" word=","/>
    <node begin="0" cat="smain" end="14" id="2" rel="--">
      <node begin="0" cat="cp" end="8" id="3" rel="mod">
        <node begin="0" conjtype="onder" end="1" frame="complementizer(als)" his="normal" his_1="decap" his_1_1="normal" id="4" lcat="cp" lemma="als" pos="comp" postag="VG(onder)" pt="vg" rel="cmp" root="als" sc="als" sense="als" word="Als"/>
        <node begin="1" cat="ssub" end="8" id="5" rel="body">
          <node begin="1" end="2" frame="noun(het,mass,sg)" gen="het" genus="onz" getal="ev" graad="basis" his="normal" his_1="normal" id="6" lcat="np" lemma="Esperanto" naamval="stan" ntype="eigen" num="sg" pos="noun" postag="N(eigen,ev,basis,onz,stan)" pt="n" rel="su" rnum="sg" root="Esperanto" sense="Esperanto" word="Esperanto"/>
          <node begin="2" cat="np" end="5" id="7" rel="predc">
            <node begin="2" end="3" frame="determiner(een)" his="normal" his_1="normal" id="8" infl="een" lcat="detp" lemma="een" lwtype="onbep" naamval="stan" npagr="agr" pos="det" postag="LID(onbep,stan,agr)" pt="lid" rel="det" root="een" sense="een" word="een"/>
            <node aform="base" begin="3" buiging="met-e" end="4" frame="adjective(e)" graad="basis" his="normal" his_1="normal" id="9" infl="e" lcat="ap" lemma="makkelijk" naamval="stan" pos="adj" positie="prenom" postag="ADJ(prenom,basis,met-e,stan)" pt="adj" rel="mod" root="makkelijk" sense="makkelijk" vform="adj" word="makkelijke"/>
            <node begin="4" end="5" frame="noun(de,count,sg)" gen="de" genus="zijd" getal="ev" graad="basis" his="normal" his_1="normal" id="10" lcat="np" lemma="taal" naamval="stan" ntype="soort" num="sg" pos="noun" postag="N(soort,ev,basis,zijd,stan)" pt="n" rel="hd" rnum="sg" root="taal" sense="taal" word="taal"/>
          </node>
          <node begin="5" end="6" frame="verb(unacc,past(sg),copula)" his="normal" his_1="normal" id="11" infl="sg" lcat="ssub" lemma="zijn" pos="verb" postag="WW(pv,verl,ev)" pt="ww" pvagr="ev" pvtijd="verl" rel="hd" root="ben" sc="copula" sense="ben" tense="past" v_per="thi" word="was" wvorm="pv"/>
          <node begin="6" cat="pp" end="8" id="12" rel="mod">
            <node begin="6" end="7" frame="preposition(voor,[aan,door,uit,[in,de,plaats]])" his="normal" his_1="normal" id="13" lcat="pp" lemma="voor" pos="prep" postag="VZ(init)" pt="vz" rel="hd" root="voor" sense="voor" vztype="init" word="voor"/>
            <node begin="7" case="dat_acc" def="def" end="8" frame="pronoun(nwh,fir,sg,de,dat_acc,def)" gen="de" getal="ev" his="normal" his_1="normal" id="14" lcat="np" lemma="mij" naamval="obl" num="sg" pdtype="pron" per="fir" persoon="1" pos="pron" postag="VNW(pr,pron,obl,vol,1,ev)" pt="vnw" rel="obj1" rnum="sg" root="mij" sense="mij" status="vol" vwtype="pr" wh="nwh" word="mij"/>
          </node>
        </node>
      </node>
      <node begin="9" end="10" frame="verb(hebben,past(sg),nonp_pred_np_ndev)" his="normal" his_1="normal" id="15" infl="sg" lcat="smain" lemma="hebben" pos="verb" postag="WW(pv,verl,ev)" pt="ww" pvagr="ev" pvtijd="verl" rel="hd" root="heb" sc="nonp_pred_np_ndev" sense="heb" stype="declarative" tense="past" v_per="fir" word="had" wvorm="pv"/>
      <node begin="10" case="nom" def="def" end="11" frame="pronoun(nwh,fir,sg,de,nom,def)" gen="de" getal="ev" his="normal" his_1="normal" id="16" lcat="np" lemma="ik" naamval="nomin" num="sg" pdtype="pron" per="fir" persoon="1" pos="pron" postag="VNW(pers,pron,nomin,vol,1,ev)" pt="vnw" rel="su" rnum="sg" root="ik" sense="ik" status="vol" vwtype="pers" wh="nwh" word="ik"/>
      <node begin="11" cat="np" end="13" id="17" rel="obj1">
        <node begin="11" buiging="zonder" end="12" frame="determiner(geen,nwh,mod,pro,yparg,nwkpro,geen)" his="normal" his_1="normal" id="18" infl="geen" lcat="detp" lemma="geen" naamval="stan" npagr="agr" pdtype="det" pos="det" positie="prenom" postag="VNW(onbep,det,stan,prenom,zonder,agr)" pt="vnw" rel="det" root="geen" sense="geen" vwtype="onbep" wh="nwh" word="geen"/>
        <node begin="12" end="13" frame="noun(de,count,sg)" gen="de" genus="zijd" getal="ev" graad="basis" his="compound" his_1="2" id="19" lcat="np" lemma="proef_lezer" naamval="stan" ntype="soort" num="sg" pos="noun" postag="N(soort,ev,basis,zijd,stan)" pt="n" rel="hd" rnum="sg" root="proef_lezer" sense="proef_lezer" word="proeflezer"/>
      </node>
      <node aform="base" begin="13" buiging="zonder" end="14" frame="adjective(no_e(adv))" graad="basis" his="normal" his_1="normal" id="20" infl="no_e" lcat="ap" lemma="nodig" pos="adj" positie="vrij" postag="ADJ(vrij,basis,zonder)" pt="adj" rel="predc" root="nodig" sense="nodig" vform="adj" word="nodig"/>
    </node>
    <node begin="14" end="15" frame="punct(punt)" his="normal" his_1="normal" id="21" lcat="punct" lemma="." pos="punct" postag="LET()" pt="let" rel="--" root="." sense="." special="punt" word="."/>
  </node>
  <sentence sentid="170">Als Esperanto een makkelijke taal was voor mij , had ik geen proeflezer nodig .</sentence>
  <comments>
    <comment>Q#170|Als Esperanto een makkelijke taal was voor mij , had ik geen proeflezer nodig .|1|1|-9.557517476700003</comment>
  </comments>
</alpino_ds>
