<?xml version="1.0" encoding="UTF-8"?>
<alpino_ds version="1.15">
  <parser build="Alpino-x86_64-linux-glibc2.5-git1006-sicstus" date="2023-09-07T13:23" cats="1" skips="0" />
  <node begin="0" cat="top" end="8" id="0" rel="top">
    <node begin="0" cat="smain" end="7" id="1" rel="--">
      <node begin="0" cat="np" end="2" id="2" rel="su">
        <node begin="0" end="1" frame="determiner(het,nwh,nmod,pro,nparg,wkpro)" his="normal" his_1="decap" his_1_1="normal" id="3" infl="het" lcat="detp" lemma="het" lwtype="bep" naamval="stan" npagr="evon" pos="det" postag="LID(bep,stan,evon)" pt="lid" rel="det" root="het" sense="het" wh="nwh" word="Het"/>
        <node begin="1" end="2" frame="noun(het,count,sg)" gen="het" genus="onz" getal="ev" graad="basis" his="normal" his_1="normal" id="4" lcat="np" lemma="schip" naamval="stan" ntype="soort" num="sg" pos="noun" postag="N(soort,ev,basis,onz,stan)" pt="n" rel="hd" rnum="sg" root="schip" sense="schip" word="schip"/>
      </node>
      <node begin="2" end="3" frame="verb(zijn,past(sg),intransitive)" his="normal" his_1="normal" id="5" infl="sg" lcat="smain" lemma="vertrekken" pos="verb" postag="WW(pv,verl,ev)" pt="ww" pvagr="ev" pvtijd="verl" rel="hd" root="vertrek" sc="intransitive" sense="vertrek" stype="declarative" tense="past" v_per="thi" word="vertrok" wvorm="pv"/>
      <node begin="3" cat="conj" end="7" id="6" rel="mod">
        <node begin="3" cat="np" end="5" id="7" rel="cnj">
          <node begin="3" buiging="met-e" end="4" frame="determiner(elke,nwh,mod)" his="normal" his_1="normal" id="8" index="1" infl="elke" lcat="detp" lemma="ieder" naamval="stan" npagr="evz" pdtype="det" pos="det" positie="prenom" postag="VNW(onbep,det,stan,prenom,met-e,evz)" pt="vnw" rel="det" root="ieder" sense="ieder" vwtype="onbep" wh="nwh" word="iedere"/>
          <node begin="4" end="5" frame="tmp_noun(de,count,sg)" gen="de" genus="zijd" getal="ev" graad="basis" his="normal" his_1="normal" id="9" lcat="np" lemma="maandag_avond" naamval="stan" ntype="soort" num="sg" pos="noun" postag="N(soort,ev,basis,zijd,stan)" pt="n" rel="hd" rnum="sg" root="maandag_avond" sense="maandag_avond" special="tmp" word="maandagavond"/>
        </node>
        <node begin="5" conjtype="neven" end="6" frame="conj(of)" his="normal" his_1="normal" id="10" lcat="vg" lemma="of" pos="vg" postag="VG(neven)" pt="vg" rel="crd" root="of" sense="of" word="of"/>
        <node begin="3" cat="np" end="7" id="11" rel="cnj">
          <node begin="3" end="4" id="12" index="1" rel="det"/>
          <node begin="6" end="7" frame="tmp_noun(de,count,sg)" gen="de" genus="zijd" getal="ev" graad="basis" his="normal" his_1="normal" id="13" lcat="np" lemma="ochtend" naamval="stan" ntype="soort" num="sg" pos="noun" postag="N(soort,ev,basis,zijd,stan)" pt="n" rel="hd" rnum="sg" root="ochtend" sense="ochtend" special="tmp" word="ochtend"/>
        </node>
      </node>
    </node>
    <node begin="7" end="8" frame="punct(punt)" his="normal" his_1="normal" id="14" lcat="punct" lemma="." pos="punct" postag="LET()" pt="let" rel="--" root="." sense="." special="punt" word="."/>
  </node>
  <sentence sentid="1721">Het schip vertrok iedere maandagavond of ochtend .</sentence>
  <comments>
    <comment>Q#1721|Het schip vertrok iedere maandagavond of ochtend .|1|1|-4.4486764042999996</comment>
  </comments>
</alpino_ds>
