<?xml version="1.0" encoding="UTF-8"?>
<alpino_ds version="1.15">
  <parser build="Alpino-x86_64-linux-glibc2.5-git1006-sicstus" date="2023-09-07T13:17" cats="1" skips="0" />
  <node begin="0" cat="top" end="10" id="0" rel="top">
    <node begin="5" end="6" frame="punct(komma)" his="normal" his_1="normal" id="1" lcat="punct" lemma="," pos="punct" postag="LET()" pt="let" rel="--" root="," sense="," special="komma" word=","/>
    <node begin="0" cat="smain" end="9" id="2" rel="--">
      <node begin="0" cat="cp" end="5" id="3" rel="mod">
        <node begin="0" conjtype="onder" end="1" frame="complementizer(als)" his="normal" his_1="decap" his_1_1="normal" id="4" lcat="cp" lemma="als" pos="comp" postag="VG(onder)" pt="vg" rel="cmp" root="als" sc="als" sense="als" word="Als"/>
        <node begin="1" cat="ssub" end="5" id="5" rel="body">
          <node begin="1" end="2" frame="proper_name(sg,'PER')" genus="zijd" getal="ev" graad="basis" his="normal" his_1="names_dictionary" id="6" lcat="np" lemma="Tom" naamval="stan" neclass="PER" ntype="eigen" num="sg" pos="name" postag="N(eigen,ev,basis,zijd,stan)" pt="n" rel="su" rnum="sg" root="Tom" sense="Tom" word="Tom"/>
          <node begin="2" cat="pp" end="4" id="7" rel="ld">
            <node begin="2" end="3" frame="preposition(naar,[toe])" his="normal" his_1="normal" id="8" lcat="pp" lemma="naar" pos="prep" postag="VZ(init)" pt="vz" rel="hd" root="naar" sense="naar" vztype="init" word="naar"/>
            <node begin="3" end="4" frame="proper_name(sg,'LOC')" genus="onz" getal="ev" graad="basis" his="normal" his_1="names_dictionary" id="9" lcat="np" lemma="Boston" naamval="stan" neclass="LOC" ntype="eigen" num="sg" pos="name" postag="N(eigen,ev,basis,onz,stan)" pt="n" rel="obj1" rnum="sg" root="Boston" sense="Boston" word="Boston"/>
          </node>
          <node begin="4" end="5" frame="verb(zijn,sg3,ld_pp)" his="normal" his_1="normal" id="10" infl="sg3" lcat="ssub" lemma="gaan" pos="verb" postag="WW(pv,tgw,met-t)" pt="ww" pvagr="met-t" pvtijd="tgw" rel="hd" root="ga" sc="ld_pp" sense="ga" tense="present" v_per="thi" word="gaat" wvorm="pv"/>
        </node>
      </node>
      <node begin="6" end="7" frame="verb(zijn,sg1,intransitive)" his="normal" his_1="normal" id="11" infl="sg1" lcat="smain" lemma="gaan" pos="verb" postag="WW(pv,tgw,ev)" pt="ww" pvagr="ev" pvtijd="tgw" rel="hd" root="ga" sc="intransitive" sense="ga" stype="declarative" tense="present" v_per="fir" word="ga" wvorm="pv"/>
      <node begin="7" case="nom" def="def" end="8" frame="pronoun(nwh,fir,sg,de,nom,def)" gen="de" getal="ev" his="normal" his_1="normal" id="12" lcat="np" lemma="ik" naamval="nomin" num="sg" pdtype="pron" per="fir" persoon="1" pos="pron" postag="VNW(pers,pron,nomin,vol,1,ev)" pt="vnw" rel="su" rnum="sg" root="ik" sense="ik" status="vol" vwtype="pers" wh="nwh" word="ik"/>
      <node begin="8" end="9" frame="sentence_adverb" his="normal" his_1="normal" id="13" lcat="advp" lemma="ook" pos="adv" postag="BW()" pt="bw" rel="mod" root="ook" sense="ook" special="sentence" word="ook"/>
    </node>
    <node begin="9" end="10" frame="punct(punt)" his="normal" his_1="normal" id="14" lcat="punct" lemma="." pos="punct" postag="LET()" pt="let" rel="--" root="." sense="." special="punt" word="."/>
  </node>
  <sentence sentid="176">Als Tom naar Boston gaat , ga ik ook .</sentence>
  <comments>
    <comment>Q#176|Als Tom naar Boston gaat , ga ik ook .|1|1|-7.769915375800001</comment>
  </comments>
</alpino_ds>
