<?xml version="1.0" encoding="UTF-8"?>
<alpino_ds version="1.15">
  <parser build="Alpino-x86_64-linux-glibc2.5-git1006-sicstus" date="2023-09-07T13:24" cats="1" skips="0" />
  <node begin="0" cat="top" end="13" id="0" rel="top">
    <node begin="0" cat="smain" end="12" id="1" rel="--">
      <node begin="0" case="nom" def="def" end="1" frame="pronoun(nwh,thi,sg,de,nom,def)" gen="de" genus="masc" getal="ev" his="normal" his_1="decap" his_1_1="normal" id="2" lcat="np" lemma="hij" naamval="nomin" num="sg" pdtype="pron" per="thi" persoon="3" pos="pron" postag="VNW(pers,pron,nomin,vol,3,ev,masc)" pt="vnw" rel="su" rnum="sg" root="hij" sense="hij" status="vol" vwtype="pers" wh="nwh" word="Hij"/>
      <node begin="1" end="2" frame="verb(hebben,past(sg),transitive)" his="normal" his_1="normal" id="3" infl="sg" lcat="smain" lemma="benaderen" pos="verb" postag="WW(pv,verl,ev)" pt="ww" pvagr="ev" pvtijd="verl" rel="hd" root="benader" sc="transitive" sense="benader" stype="declarative" tense="past" v_per="thi" word="benaderde" wvorm="pv"/>
      <node begin="2" cat="np" end="12" id="4" rel="obj1">
        <node begin="2" end="3" frame="determiner(de)" his="normal" his_1="normal" id="5" infl="de" lcat="detp" lemma="de" lwtype="bep" naamval="stan" npagr="rest" pos="det" postag="LID(bep,stan,rest)" pt="lid" rel="det" root="de" sense="de" word="de"/>
        <node begin="3" end="4" frame="noun(de,count,sg)" gen="de" genus="zijd" getal="ev" graad="basis" his="normal" his_1="normal" id="6" lcat="np" lemma="jongen" naamval="stan" ntype="soort" num="sg" pos="noun" postag="N(soort,ev,basis,zijd,stan)" pt="n" rel="hd" rnum="sg" root="jongen" sense="jongen" word="jongen"/>
        <node begin="4" cat="rel" end="12" id="7" rel="mod">
          <node begin="4" case="no_obl" end="5" frame="rel_pronoun(de,no_obl)" gen="de" getal="getal" his="normal" his_1="normal" id="8" index="1" lcat="np" lemma="die" naamval="stan" pdtype="pron" persoon="persoon" pos="pron" postag="VNW(betr,pron,stan,vol,persoon,getal)" pt="vnw" rel="rhd" rnum="sg" root="die" sense="die" status="vol" vwtype="betr" wh="rel" word="die"/>
          <node begin="4" cat="ssub" end="12" id="9" rel="body">
            <node begin="4" end="5" id="10" index="1" rel="su"/>
            <node begin="4" cat="ahi" end="11" id="11" rel="vc">
              <node begin="8" cat="mwu" end="10" his="normal" his_1="normal" id="12" rel="cmp">
                <node begin="8" end="9" frame="complementizer(aan_het)" id="13" lcat="ahi" lemma="aan" pos="comp" postag="VZ(init)" pt="vz" rel="mwp" root="aan" sc="aan_het" sense="aan" vztype="init" word="aan"/>
                <node begin="9" end="10" frame="complementizer(aan_het)" id="14" lcat="ahi" lemma="het" lwtype="bep" naamval="stan" npagr="evon" pos="comp" postag="LID(bep,stan,evon)" pt="lid" rel="mwp" root="het" sc="aan_het" sense="het" word="het"/>
              </node>
              <node begin="4" cat="inf" end="11" id="15" rel="body">
                <node begin="4" end="5" id="16" index="1" rel="su"/>
                <node begin="5" cat="np" end="8" id="17" rel="obj1">
                  <node begin="5" end="6" frame="determiner(een)" his="normal" his_1="normal" id="18" infl="een" lcat="detp" lemma="een" lwtype="onbep" naamval="stan" npagr="agr" pos="det" postag="LID(onbep,stan,agr)" pt="lid" rel="det" root="een" sense="een" word="een"/>
                  <node aform="base" begin="6" buiging="zonder" end="7" frame="adjective(no_e(adv))" graad="basis" his="normal" his_1="normal" id="19" infl="no_e" lcat="ap" lemma="goed" pos="adj" positie="prenom" postag="ADJ(prenom,basis,zonder)" pt="adj" rel="mod" root="goed" sense="goed" vform="adj" word="goed"/>
                  <node begin="7" end="8" frame="noun(het,count,sg)" gen="het" genus="onz" getal="ev" graad="basis" his="normal" his_1="normal" id="20" lcat="np" lemma="boek" naamval="stan" ntype="soort" num="sg" pos="noun" postag="N(soort,ev,basis,onz,stan)" pt="n" rel="hd" rnum="sg" root="boek" sense="boek" word="boek"/>
                </node>
                <node begin="10" buiging="zonder" end="11" frame="verb(hebben,inf,transitive)" his="normal" his_1="normal" id="21" infl="inf" lcat="inf" lemma="lezen" pos="verb" positie="vrij" postag="WW(inf,vrij,zonder)" pt="ww" rel="hd" root="lees" sc="transitive" sense="lees" word="lezen" wvorm="inf"/>
              </node>
            </node>
            <node begin="11" end="12" frame="verb(unacc,past(sg),aan_het)" his="normal" his_1="normal" id="22" infl="sg" lcat="ssub" lemma="zijn" pos="verb" postag="WW(pv,verl,ev)" pt="ww" pvagr="ev" pvtijd="verl" rel="hd" root="ben" sc="aan_het" sense="ben-aan_het" tense="past" v_per="thi" word="was" wvorm="pv"/>
          </node>
        </node>
      </node>
    </node>
    <node begin="12" end="13" frame="punct(punt)" his="normal" his_1="normal" id="23" lcat="punct" lemma="." pos="punct" postag="LET()" pt="let" rel="--" root="." sense="." special="punt" word="."/>
  </node>
  <sentence sentid="1763">Hij benaderde de jongen die een goed boek aan het lezen was .</sentence>
  <comments>
    <comment>Q#1763|Hij benaderde de jongen die een goed boek aan het lezen was .|1|1|-11.074265688899999</comment>
  </comments>
</alpino_ds>
