<?xml version="1.0" encoding="UTF-8"?>
<alpino_ds version="1.15">
  <parser build="Alpino-x86_64-linux-glibc2.5-git1006-sicstus" date="2023-09-07T13:17" cats="3" skips="0" />
  <node begin="0" cat="top" end="17" id="0" rel="top">
    <node begin="8" end="9" frame="punct(komma)" his="robust_skip" id="1" lcat="--" lemma="," pos="punct" postag="LET()" pt="let" rel="--" root="," sense="," special="komma" word=","/>
    <node begin="0" cat="du" end="16" id="2" rel="--">
      <node begin="0" cat="cp" end="8" id="3" rel="dp">
        <node begin="0" conjtype="onder" end="1" frame="complementizer(als)" his="normal" his_1="decap" his_1_1="normal" id="4" lcat="cp" lemma="als" pos="comp" postag="VG(onder)" pt="vg" rel="cmp" root="als" sc="als" sense="als" word="Als"/>
        <node begin="1" cat="ssub" end="8" id="5" rel="body">
          <node begin="1" cat="np" end="6" id="6" index="1" rel="su">
            <node begin="1" end="2" frame="determiner(de)" his="normal" his_1="normal" id="7" infl="de" lcat="detp" lemma="de" lwtype="bep" naamval="stan" npagr="rest" pos="det" postag="LID(bep,stan,rest)" pt="lid" rel="det" root="de" sense="de" word="de"/>
            <node begin="2" end="3" frame="noun(de,count,sg)" gen="de" genus="zijd" getal="ev" graad="basis" his="normal" his_1="normal" id="8" lcat="np" lemma="hemel" naamval="stan" ntype="soort" num="sg" pos="noun" postag="N(soort,ev,basis,zijd,stan)" pt="n" rel="hd" rnum="sg" root="hemel" sense="hemel" word="hemel"/>
            <node begin="3" cat="pp" end="6" id="9" rel="mod">
              <node begin="3" end="4" frame="preposition(op,[af,na])" his="normal" his_1="normal" id="10" lcat="pp" lemma="op" pos="prep" postag="VZ(init)" pt="vz" rel="hd" root="op" sense="op" vztype="init" word="op"/>
              <node begin="4" cat="np" end="6" id="11" rel="obj1">
                <node begin="4" end="5" frame="determiner(de)" his="normal" his_1="normal" id="12" infl="de" lcat="detp" lemma="de" lwtype="bep" naamval="stan" npagr="rest" pos="det" postag="LID(bep,stan,rest)" pt="lid" rel="det" root="de" sense="de" word="de"/>
                <node begin="5" end="6" frame="noun(de,count,sg)" gen="de" genus="zijd" getal="ev" graad="basis" his="normal" his_1="normal" id="13" lcat="np" lemma="aarde" naamval="stan" ntype="soort" num="sg" pos="noun" postag="N(soort,ev,basis,zijd,stan)" pt="n" rel="hd" rnum="sg" root="aarde" sense="aarde" word="aarde"/>
              </node>
            </node>
          </node>
          <node begin="6" end="7" frame="verb(hebben,past(sg),aux(inf))" his="normal" his_1="normal" id="14" infl="sg" lcat="ssub" lemma="zullen" pos="verb" postag="WW(pv,verl,ev)" pt="ww" pvagr="ev" pvtijd="verl" rel="hd" root="zal" sc="aux(inf)" sense="zal" tense="past" v_per="thi" word="zou" wvorm="pv"/>
          <node begin="1" cat="inf" end="8" id="15" rel="vc">
            <node begin="1" end="6" id="16" index="1" rel="su"/>
            <node begin="7" buiging="zonder" end="8" frame="verb(unacc,inf,intransitive)" his="normal" his_1="normal" id="17" infl="inf" lcat="inf" lemma="vallen" pos="verb" positie="vrij" postag="WW(inf,vrij,zonder)" pt="ww" rel="hd" root="val" sc="intransitive" sense="val" word="vallen" wvorm="inf"/>
          </node>
        </node>
      </node>
      <node begin="9" cat="sv1" end="12" id="18" rel="dp">
        <node begin="9" dropped_agr="sg" end="10" frame="verb(hebben,past(sg),aux(inf))" his="normal" his_1="normal" id="19" infl="sg" lcat="sv1" lemma="zullen" pos="verb" postag="WW(pv,verl,ev)" pt="ww" pvagr="ev" pvtijd="verl" rel="hd" root="zal" sc="aux(inf)" sense="zal" stype="topic_drop" tense="past" v_per="thi;fir" word="zou" wvorm="pv"/>
        <node begin="10" cat="inf" end="12" id="20" rel="vc">
          <node begin="10" end="11" frame="noun(de,count,pl)" gen="de" getal="mv" graad="basis" his="normal" his_1="normal" id="21" lcat="np" lemma="vogel" ntype="soort" num="pl" pos="noun" postag="N(soort,mv,basis)" pt="n" rel="obj1" rnum="pl" root="vogel" sense="vogel" word="vogels"/>
          <node begin="11" buiging="zonder" end="12" frame="verb(hebben,inf,transitive)" his="normal" his_1="normal" id="22" infl="inf" lcat="inf" lemma="vangen" pos="verb" positie="vrij" postag="WW(inf,vrij,zonder)" pt="ww" rel="hd" root="vang" sc="transitive" sense="vang" word="vangen" wvorm="inf"/>
        </node>
      </node>
      <node begin="12" cat="inf" end="16" id="23" rel="dp">
        <node begin="12" cat="np" end="15" id="24" rel="predc">
          <node begin="12" end="13" frame="determiner(een)" his="normal" his_1="normal" id="25" infl="een" lcat="detp" lemma="een" lwtype="onbep" naamval="stan" npagr="agr" pos="det" postag="LID(onbep,stan,agr)" pt="lid" rel="det" root="een" sense="een" word="een"/>
          <node aform="base" begin="13" buiging="met-e" end="14" frame="adjective(e)" graad="basis" his="normal" his_1="normal" id="26" infl="e" lcat="ap" lemma="simpel" naamval="stan" pos="adj" positie="prenom" postag="ADJ(prenom,basis,met-e,stan)" pt="adj" rel="mod" root="simpel" sense="simpel" vform="adj" word="simpele"/>
          <node begin="14" end="15" frame="noun(de,count,sg)" gen="de" genus="zijd" getal="ev" graad="basis" his="normal" his_1="normal" id="27" lcat="np" lemma="taak" naamval="stan" ntype="soort" num="sg" pos="noun" postag="N(soort,ev,basis,zijd,stan)" pt="n" rel="hd" rnum="sg" root="taak" sense="taak" word="taak"/>
        </node>
        <node begin="15" buiging="zonder" end="16" frame="verb(unacc,inf,copula)" his="normal" his_1="normal" id="28" infl="inf" lcat="inf" lemma="zijn" pos="verb" positie="vrij" postag="WW(inf,vrij,zonder)" pt="ww" rel="hd" root="ben" sc="copula" sense="ben" word="zijn" wvorm="inf"/>
      </node>
    </node>
    <node begin="16" end="17" frame="punct(punt)" his="robust_skip" id="29" lcat="--" lemma="." pos="punct" postag="LET()" pt="let" rel="--" root="." sense="." special="punt" word="."/>
  </node>
  <sentence sentid="177">Als de hemel op de aarde zou vallen , zou vogels vangen een simpele taak zijn .</sentence>
  <comments>
    <comment>Q#177|Als de hemel op de aarde zou vallen , zou vogels vangen een simpele taak zijn .|1|3|-1.9098126005999991</comment>
  </comments>
</alpino_ds>
