<?xml version="1.0" encoding="UTF-8"?>
<alpino_ds version="1.15">
  <parser build="Alpino-x86_64-linux-glibc2.5-git1006-sicstus" date="2023-09-07T13:24" cats="1" skips="0" />
  <node begin="0" cat="top" end="7" id="0" rel="top">
    <node begin="0" cat="smain" end="6" id="1" rel="--">
      <node begin="0" case="nom" def="def" end="1" frame="pronoun(nwh,thi,sg,de,nom,def)" gen="de" genus="masc" getal="ev" his="normal" his_1="decap" his_1_1="normal" id="2" lcat="np" lemma="hij" naamval="nomin" num="sg" pdtype="pron" per="thi" persoon="3" pos="pron" postag="VNW(pers,pron,nomin,vol,3,ev,masc)" pt="vnw" rel="su" rnum="sg" root="hij" sense="hij" status="vol" vwtype="pers" wh="nwh" word="Hij"/>
      <node begin="1" end="2" frame="verb(hebben,past(sg),transitive_ndev)" his="normal" his_1="normal" id="3" infl="sg" lcat="smain" lemma="doen" pos="verb" postag="WW(pv,verl,ev)" pt="ww" pvagr="ev" pvtijd="verl" rel="hd" root="doe" sc="transitive_ndev" sense="doe" stype="declarative" tense="past" v_per="thi" word="deed" wvorm="pv"/>
      <node begin="2" end="3" frame="meas_mod_noun(het,mass,sg)" gen="het" getal="ev" his="normal" his_1="normal" id="4" lcat="np" lemma="niets" naamval="stan" num="sg" pdtype="pron" persoon="3o" pos="noun" postag="VNW(onbep,pron,stan,vol,3o,ev)" pt="vnw" rel="obj1" rnum="sg" root="niets" sense="niets" special="meas_mod" status="vol" vwtype="onbep" word="niets"/>
      <node begin="3" cat="ap" end="6" id="5" rel="mod">
        <node aform="compar" begin="3" end="4" frame="adjective(anders)" his="normal" his_1="normal" id="6" infl="anders" lcat="ap" lemma="anders" pos="adj" postag="BW()" pt="bw" rel="hd" root="anders" sense="anders" vform="adj" word="anders"/>
        <node begin="4" cat="cp" end="6" id="7" rel="obcomp">
          <node begin="4" conjtype="onder" end="5" frame="comparative(dan)" his="normal" his_1="normal" id="8" lcat="comparative" lemma="dan" pos="comparative" postag="VG(onder)" pt="vg" rel="cmp" root="dan" sense="dan" word="dan"/>
          <node begin="5" buiging="zonder" end="6" frame="verb(hebben,inf,intransitive)" his="normal" his_1="normal" id="9" infl="inf" lcat="inf" lemma="huilen" pos="verb" positie="vrij" postag="WW(inf,vrij,zonder)" pt="ww" rel="body" root="huil" sc="intransitive" sense="huil" word="huilen" wvorm="inf"/>
        </node>
      </node>
    </node>
    <node begin="6" end="7" frame="punct(punt)" his="normal" his_1="normal" id="10" lcat="punct" lemma="." pos="punct" postag="LET()" pt="let" rel="--" root="." sense="." special="punt" word="."/>
  </node>
  <sentence sentid="1772">Hij deed niets anders dan huilen .</sentence>
  <comments>
    <comment>Q#1772|Hij deed niets anders dan huilen .|1|1|-5.347506632899999</comment>
  </comments>
</alpino_ds>
