<?xml version="1.0" encoding="UTF-8"?>
<alpino_ds version="1.15">
  <parser build="Alpino-x86_64-linux-glibc2.5-git1006-sicstus" date="2023-09-07T13:24" cats="1" skips="0" />
  <node begin="0" cat="top" end="6" id="0" rel="top">
    <node begin="0" cat="smain" end="5" id="1" rel="--">
      <node begin="0" case="nom" def="def" end="1" frame="pronoun(nwh,thi,sg,de,nom,def)" gen="de" genus="masc" getal="ev" his="normal" his_1="decap" his_1_1="normal" id="2" lcat="np" lemma="hij" naamval="nomin" num="sg" pdtype="pron" per="thi" persoon="3" pos="pron" postag="VNW(pers,pron,nomin,vol,3,ev,masc)" pt="vnw" rel="su" rnum="sg" root="hij" sense="hij" status="vol" vwtype="pers" wh="nwh" word="Hij"/>
      <node begin="1" end="2" frame="verb(hebben,past(sg),np_np)" his="normal" his_1="normal" id="3" infl="sg" lcat="smain" lemma="geven" pos="verb" postag="WW(pv,verl,ev)" pt="ww" pvagr="ev" pvtijd="verl" rel="hd" root="geef" sc="np_np" sense="geef" stype="declarative" tense="past" v_per="thi" word="gaf" wvorm="pv"/>
      <node begin="2" case="dat_acc" def="def" end="3" frame="pronoun(nwh,fir,sg,de,dat_acc,def,wkpro)" gen="de" getal="ev" his="normal" his_1="normal" id="4" lcat="np" lemma="me" naamval="obl" num="sg" pdtype="pron" per="fir" persoon="1" pos="pron" postag="VNW(pr,pron,obl,red,1,ev)" pt="vnw" rel="obj2" rnum="sg" root="me" sense="me" special="wkpro" status="red" vwtype="pr" wh="nwh" word="me"/>
      <node begin="3" cat="np" end="5" id="5" rel="obj1">
        <node begin="3" end="4" frame="determiner(een)" his="normal" his_1="normal" id="6" infl="een" lcat="detp" lemma="een" lwtype="onbep" naamval="stan" npagr="agr" pos="det" postag="LID(onbep,stan,agr)" pt="lid" rel="det" root="een" sense="een" word="een"/>
        <node begin="4" end="5" frame="noun(de,count,sg)" gen="de" genus="zijd" getal="ev" graad="basis" his="normal" his_1="normal" id="7" lcat="np" lemma="hint" naamval="stan" ntype="soort" num="sg" pos="noun" postag="N(soort,ev,basis,zijd,stan)" pt="n" rel="hd" rnum="sg" root="hint" sense="hint" word="hint"/>
      </node>
    </node>
    <node begin="5" end="6" frame="punct(punt)" his="normal" his_1="normal" id="8" lcat="punct" lemma="." pos="punct" postag="LET()" pt="let" rel="--" root="." sense="." special="punt" word="."/>
  </node>
  <sentence sentid="1813">Hij gaf me een hint .</sentence>
  <comments>
    <comment>Q#1813|Hij gaf me een hint .|1|1|-6.463124854999999</comment>
  </comments>
</alpino_ds>
