<?xml version="1.0" encoding="UTF-8"?>
<alpino_ds version="1.15">
  <parser build="Alpino-x86_64-linux-glibc2.5-git1006-sicstus" date="2023-09-07T13:24" cats="1" skips="0" />
  <node begin="0" cat="top" end="8" id="0" rel="top">
    <node begin="0" cat="smain" end="7" id="1" rel="--">
      <node begin="0" case="nom" def="def" end="1" frame="pronoun(nwh,thi,sg,de,nom,def)" gen="de" genus="masc" getal="ev" his="normal" his_1="decap" his_1_1="normal" id="2" lcat="np" lemma="hij" naamval="nomin" num="sg" pdtype="pron" per="thi" persoon="3" pos="pron" postag="VNW(pers,pron,nomin,vol,3,ev,masc)" pt="vnw" rel="su" rnum="sg" root="hij" sense="hij" status="vol" vwtype="pers" wh="nwh" word="Hij"/>
      <node begin="1" end="2" frame="verb(hebben,past(sg),transitive_ndev)" his="normal" his_1="normal" id="3" infl="sg" lcat="smain" lemma="hebben" pos="verb" postag="WW(pv,verl,ev)" pt="ww" pvagr="ev" pvtijd="verl" rel="hd" root="heb" sc="transitive_ndev" sense="heb" stype="declarative" tense="past" v_per="thi" word="had" wvorm="pv"/>
      <node begin="2" cat="np" end="7" id="4" rel="obj1">
        <node begin="2" buiging="met-e" end="3" frame="determiner(alle,nwh,mod,pro,nparg)" his="normal" his_1="normal" id="5" infl="alle" lcat="detp" lemma="al" naamval="stan" npagr="agr" pdtype="det" pos="det" positie="prenom" postag="VNW(onbep,det,stan,prenom,met-e,agr)" pt="vnw" rel="det" root="al" sense="al" vwtype="onbep" wh="nwh" word="alle"/>
        <node begin="3" end="4" frame="noun(de,count,pl)" gen="de" getal="mv" graad="basis" his="normal" his_1="normal" id="6" lcat="np" lemma="eigenschap" ntype="soort" num="pl" pos="noun" postag="N(soort,mv,basis)" pt="n" rel="hd" rnum="pl" root="eigenschap" sense="eigenschap" word="eigenschappen"/>
        <node begin="4" cat="pp" end="7" id="7" rel="mod">
          <node begin="4" end="5" frame="preposition(van,[af,uit,vandaan,[af,aan]])" his="normal" his_1="normal" id="8" lcat="pp" lemma="van" pos="prep" postag="VZ(init)" pt="vz" rel="hd" root="van" sense="van" vztype="init" word="van"/>
          <node begin="5" cat="np" end="7" id="9" rel="obj1">
            <node begin="5" end="6" frame="determiner(een)" his="normal" his_1="normal" id="10" infl="een" lcat="detp" lemma="een" lwtype="onbep" naamval="stan" npagr="agr" pos="det" postag="LID(onbep,stan,agr)" pt="lid" rel="det" root="een" sense="een" word="een"/>
            <node begin="6" end="7" frame="noun(de,count,sg)" gen="de" genus="zijd" getal="ev" graad="basis" his="verb_ster" id="11" lcat="np" lemma="rockster" naamval="stan" ntype="soort" num="sg" pos="noun" postag="N(soort,ev,basis,zijd,stan)" pt="n" rel="hd" rnum="sg" root="rockster" sense="rockster" word="rockster"/>
          </node>
        </node>
      </node>
    </node>
    <node begin="7" end="8" frame="punct(punt)" his="normal" his_1="normal" id="12" lcat="punct" lemma="." pos="punct" postag="LET()" pt="let" rel="--" root="." sense="." special="punt" word="."/>
  </node>
  <sentence sentid="1826">Hij had alle eigenschappen van een rockster .</sentence>
  <comments>
    <comment>Q#1826|Hij had alle eigenschappen van een rockster .|1|1|-5.3630923949</comment>
  </comments>
</alpino_ds>
