<?xml version="1.0" encoding="UTF-8"?>
<alpino_ds version="1.15">
  <parser build="Alpino-x86_64-linux-glibc2.5-git1006-sicstus" date="2023-09-07T13:24" cats="1" skips="0" />
  <node begin="0" cat="top" end="13" id="0" rel="top">
    <node begin="0" cat="smain" end="12" id="1" rel="--">
      <node begin="0" case="nom" def="def" end="1" frame="pronoun(nwh,thi,sg,de,nom,def)" gen="de" genus="masc" getal="ev" his="normal" his_1="decap" his_1_1="normal" id="2" lcat="np" lemma="hij" naamval="nomin" num="sg" pdtype="pron" per="thi" persoon="3" pos="pron" postag="VNW(pers,pron,nomin,vol,3,ev,masc)" pt="vnw" rel="su" rnum="sg" root="hij" sense="hij" status="vol" vwtype="pers" wh="nwh" word="Hij"/>
      <node begin="1" end="2" frame="verb(hebben,past(sg),transitive_ndev)" his="normal" his_1="normal" id="3" infl="sg" lcat="smain" lemma="hebben" pos="verb" postag="WW(pv,verl,ev)" pt="ww" pvagr="ev" pvtijd="verl" rel="hd" root="heb" sc="transitive_ndev" sense="heb" stype="declarative" tense="past" v_per="thi" word="had" wvorm="pv"/>
      <node begin="2" cat="np" end="12" id="4" rel="obj1">
        <node begin="2" end="3" frame="determiner(een)" his="normal" his_1="normal" id="5" infl="een" lcat="detp" lemma="een" lwtype="onbep" naamval="stan" npagr="agr" pos="det" postag="LID(onbep,stan,agr)" pt="lid" rel="det" root="een" sense="een" word="een"/>
        <node aform="base" begin="3" buiging="zonder" end="4" frame="adjective(no_e(adv))" graad="basis" his="normal" his_1="normal" id="6" infl="no_e" lcat="ap" lemma="fataal" pos="adj" positie="prenom" postag="ADJ(prenom,basis,zonder)" pt="adj" rel="mod" root="fataal" sense="fataal" vform="adj" word="fataal"/>
        <node begin="4" end="5" frame="noun(het,count,sg)" gen="het" genus="onz" getal="ev" graad="basis" his="normal" his_1="normal" id="7" lcat="np" lemma="gebrek" naamval="stan" ntype="soort" num="sg" pos="noun" postag="N(soort,ev,basis,onz,stan)" pt="n" rel="hd" rnum="sg" root="gebrek" sense="gebrek" word="gebrek"/>
        <node begin="5" cat="pp" end="12" id="8" rel="mod">
          <node begin="5" end="6" frame="preposition(aan,[vooraf])" his="normal" his_1="normal" id="9" lcat="pp" lemma="aan" pos="prep" postag="VZ(init)" pt="vz" rel="hd" root="aan" sense="aan" vztype="init" word="aan"/>
          <node begin="6" cat="np" end="12" id="10" rel="obj1">
            <node begin="6" end="7" frame="noun(de,count,sg,vp)" gen="de" genus="zijd" getal="ev" graad="basis" his="normal" his_1="normal" id="11" lcat="np" lemma="capaciteit" naamval="stan" ntype="soort" num="sg" pos="noun" postag="N(soort,ev,basis,zijd,stan)" pt="n" rel="hd" rnum="sg" root="capaciteit" sc="vp" sense="capaciteit" word="capaciteit"/>
            <node begin="7" cat="oti" end="12" id="12" rel="vc">
              <node begin="7" end="8" frame="complementizer(om)" his="normal" his_1="normal" id="13" lcat="oti" lemma="om" pos="comp" postag="VZ(init)" pt="vz" rel="cmp" root="om" sc="om" sense="om" vztype="init" word="om"/>
              <node begin="8" cat="ti" end="12" id="14" rel="body">
                <node begin="10" end="11" frame="complementizer(te)" his="normal" his_1="normal" id="15" lcat="ti" lemma="te" pos="comp" postag="VZ(init)" pt="vz" rel="cmp" root="te" sc="te" sense="te" vztype="init" word="te"/>
                <node begin="8" cat="inf" end="12" id="16" rel="body">
                  <node aform="base" begin="8" buiging="zonder" end="9" frame="adjective(no_e(adv))" graad="basis" his="normal" his_1="normal" id="17" infl="no_e" lcat="ap" lemma="logisch" pos="adj" positie="vrij" postag="ADJ(vrij,basis,zonder)" pt="adj" rel="mod" root="logisch" sense="logisch" vform="adj" word="logisch"/>
                  <node begin="9" end="10" frame="particle(na)" his="normal" his_1="normal" id="18" lcat="part" lemma="na" pos="part" postag="VZ(fin)" pt="vz" rel="svp" root="na" sense="na" vztype="fin" word="na"/>
                  <node begin="11" buiging="zonder" end="12" frame="verb(hebben,inf,part_intransitive(na))" his="normal" his_1="normal" id="19" infl="inf" lcat="inf" lemma="na_denken" pos="verb" positie="vrij" postag="WW(inf,vrij,zonder)" pt="ww" rel="hd" root="denk_na" sc="part_intransitive(na)" sense="denk_na" word="denken" wvorm="inf"/>
                </node>
              </node>
            </node>
          </node>
        </node>
      </node>
    </node>
    <node begin="12" end="13" frame="punct(punt)" his="normal" his_1="normal" id="20" lcat="punct" lemma="." pos="punct" postag="LET()" pt="let" rel="--" root="." sense="." special="punt" word="."/>
  </node>
  <sentence sentid="1829">Hij had een fataal gebrek aan capaciteit om logisch na te denken .</sentence>
  <comments>
    <comment>Q#1829|Hij had een fataal gebrek aan capaciteit om logisch na te denken .|1|1|-10.9917301061</comment>
  </comments>
</alpino_ds>
