<?xml version="1.0" encoding="UTF-8"?>
<alpino_ds version="1.15">
  <parser build="Alpino-x86_64-linux-glibc2.5-git1006-sicstus" date="2023-09-07T13:17" cats="1" skips="0" />
  <node begin="0" cat="top" end="12" id="0" rel="top">
    <node begin="0" cat="smain" end="11" id="1" rel="--">
      <node begin="6" end="7" frame="verb(hebben,past(pl),aux_psp_hebben)" his="normal" his_1="normal" id="2" infl="pl" lcat="smain" lemma="hebben" pos="verb" postag="WW(pv,verl,mv)" pt="ww" pvagr="mv" pvtijd="verl" rel="hd" root="heb" sc="aux_psp_hebben" sense="heb" stype="declarative" tense="past" v_per="thi" word="hadden" wvorm="pv"/>
      <node begin="7" case="both" def="def" end="8" frame="pronoun(nwh,thi,both,de,both,def,wkpro)" gen="de" getal="mv" his="normal" his_1="normal" id="3" index="1" lcat="np" lemma="ze" naamval="stan" num="both" pdtype="pron" per="thi" persoon="3" pos="pron" postag="VNW(pers,pron,stan,red,3,mv)" pt="vnw" rel="su" rnum="pl" root="ze" sense="ze" special="wkpro" status="red" vwtype="pers" wh="nwh" word="ze"/>
      <node begin="0" cat="ppart" end="11" id="4" rel="vc">
        <node begin="0" cat="cp" end="6" id="5" rel="mod">
          <node begin="0" conjtype="onder" end="1" frame="complementizer(als)" his="normal" his_1="decap" his_1_1="normal" id="6" lcat="cp" lemma="als" pos="comp" postag="VG(onder)" pt="vg" rel="cmp" root="als" sc="als" sense="als" word="Als"/>
          <node begin="1" cat="ssub" end="6" id="7" rel="body">
            <node begin="1" cat="np" end="3" id="8" rel="su">
              <node begin="1" end="2" frame="determiner(de)" his="normal" his_1="normal" id="9" infl="de" lcat="detp" lemma="de" lwtype="bep" naamval="stan" npagr="rest" pos="det" postag="LID(bep,stan,rest)" pt="lid" rel="det" root="de" sense="de" word="de"/>
              <node begin="2" end="3" frame="noun(de,count,sg)" gen="de" genus="zijd" getal="ev" graad="basis" his="normal" his_1="normal" id="10" lcat="np" lemma="natuur" naamval="stan" ntype="soort" num="sg" pos="noun" postag="N(soort,ev,basis,zijd,stan)" pt="n" rel="hd" rnum="sg" root="natuur" sense="natuur" word="natuur"/>
            </node>
            <node begin="3" cat="np" end="5" id="11" rel="predc">
              <node begin="3" end="4" frame="determiner(een)" his="normal" his_1="normal" id="12" infl="een" lcat="detp" lemma="een" lwtype="onbep" naamval="stan" npagr="agr" pos="det" postag="LID(onbep,stan,agr)" pt="lid" rel="det" root="een" sense="een" word="een"/>
              <node begin="4" end="5" frame="noun(de,count,sg)" gen="de" genus="zijd" getal="ev" graad="basis" his="compound" his_1="2" id="13" lcat="np" lemma="gemenebest_bank" naamval="stan" ntype="soort" num="sg" pos="noun" postag="N(soort,ev,basis,zijd,stan)" pt="n" rel="hd" rnum="sg" root="gemenebest_bank" sense="gemenebest_bank" word="gemenebestbank"/>
            </node>
            <node begin="5" end="6" frame="verb(unacc,past(sg),copula)" his="normal" his_1="normal" id="14" infl="sg" lcat="ssub" lemma="zijn" pos="verb" postag="WW(pv,verl,ev)" pt="ww" pvagr="ev" pvtijd="verl" rel="hd" root="ben" sc="copula" sense="ben" tense="past" v_per="thi" word="was" wvorm="pv"/>
          </node>
        </node>
        <node begin="7" end="8" id="15" index="1" rel="su"/>
        <node begin="8" cat="np" end="10" his="normal" his_1="normal" id="16" rel="obj1">
          <node begin="8" end="9" frame="determiner(het,nwh,nmod,pro,nparg,wkpro)" id="17" infl="het" lcat="detp" lemma="het" lwtype="bep" naamval="stan" npagr="evon" pos="det" postag="LID(bep,stan,evon)" pt="lid" rel="det" root="het" sense="het" wh="nwh" word="het"/>
          <node begin="9" end="10" frame="noun(het,count,sg)" gen="het" genus="onz" getal="ev" graad="basis" id="18" lcat="np" lemma="al" naamval="stan" ntype="soort" num="sg" pos="noun" postag="N(soort,ev,basis,onz,stan)" pt="n" rel="hd" rnum="sg" root="al" sense="al" word="al"/>
        </node>
        <node begin="10" buiging="zonder" end="11" frame="verb(hebben,psp,transitive)" his="normal" his_1="normal" id="19" infl="psp" lcat="ppart" lemma="redden" pos="verb" positie="vrij" postag="WW(vd,vrij,zonder)" pt="ww" rel="hd" root="red" sc="transitive" sense="red" word="gered" wvorm="vd"/>
      </node>
    </node>
    <node begin="11" end="12" frame="punct(punt)" his="normal" his_1="normal" id="20" lcat="punct" lemma="." pos="punct" postag="LET()" pt="let" rel="--" root="." sense="." special="punt" word="."/>
  </node>
  <sentence sentid="184">Als de natuur een gemenebestbank was hadden ze het al gered .</sentence>
  <comments>
    <comment>Q#184|Als de natuur een gemenebestbank was hadden ze het al gered .|1|1|-6.7667131323</comment>
  </comments>
</alpino_ds>
