<?xml version="1.0" encoding="UTF-8"?>
<alpino_ds version="1.15">
  <parser build="Alpino-x86_64-linux-glibc2.5-git1006-sicstus" date="2023-09-07T13:17" cats="1" skips="0" />
  <node begin="0" cat="top" end="18" id="0" rel="top">
    <node begin="7" end="8" frame="punct(komma)" his="normal" his_1="normal" id="1" lcat="punct" lemma="," pos="punct" postag="LET()" pt="let" rel="--" root="," sense="," special="komma" word=","/>
    <node begin="0" cat="smain" end="17" id="2" rel="--">
      <node begin="8" end="9" frame="verb(hebben,past(pl),aux(inf))" his="normal" his_1="normal" id="3" infl="pl" lcat="smain" lemma="zullen" pos="verb" postag="WW(pv,verl,mv)" pt="ww" pvagr="mv" pvtijd="verl" rel="hd" root="zal" sc="aux(inf)" sense="zal" stype="declarative" tense="past" v_per="thi" word="zouden" wvorm="pv"/>
      <node begin="9" cat="np" end="12" id="4" index="1" rel="su">
        <node begin="9" buiging="met-e" end="10" frame="determiner(alle,nwh,mod,pro,nparg)" his="normal" his_1="normal" id="5" infl="alle" lcat="detp" lemma="al" naamval="stan" npagr="agr" pdtype="det" pos="det" positie="prenom" postag="VNW(onbep,det,stan,prenom,met-e,agr)" pt="vnw" rel="det" root="al" sense="al" vwtype="onbep" wh="nwh" word="alle"/>
        <node aform="base" begin="10" buiging="met-e" end="11" frame="adjective(ende(both))" his="normal" his_1="normal" id="6" infl="e" lcat="ppres" lemma="leven" pos="adj" positie="prenom" postag="WW(od,prenom,met-e)" pt="ww" rel="mod" root="leven" sense="leven" vform="gerund" word="levende" wvorm="od"/>
        <node begin="11" end="12" frame="noun(het,count,pl)" gen="het" getal="mv" graad="basis" his="normal" his_1="normal" id="7" lcat="np" lemma="ding" ntype="soort" num="pl" pos="noun" postag="N(soort,mv,basis)" pt="n" rel="hd" rnum="pl" root="ding" sense="ding" word="dingen"/>
      </node>
      <node begin="0" cat="inf" end="17" id="8" rel="vc">
        <node begin="0" cat="cp" end="7" id="9" rel="mod">
          <node begin="0" conjtype="onder" end="1" frame="complementizer(als)" his="normal" his_1="decap" his_1_1="normal" id="10" lcat="cp" lemma="als" pos="comp" postag="VG(onder)" pt="vg" rel="cmp" root="als" sc="als" sense="als" word="Als"/>
          <node begin="1" cat="ssub" end="7" id="11" rel="body">
            <node begin="1" cat="np" end="3" id="12" index="2" rel="su">
              <node begin="1" end="2" frame="determiner(de)" his="normal" his_1="normal" id="13" infl="de" lcat="detp" lemma="de" lwtype="bep" naamval="stan" npagr="rest" pos="det" postag="LID(bep,stan,rest)" pt="lid" rel="det" root="de" sense="de" word="de"/>
              <node begin="2" end="3" frame="noun(de,count,sg)" gen="de" genus="zijd" getal="ev" graad="basis" his="normal" his_1="normal" id="14" lcat="np" lemma="zon" naamval="stan" ntype="soort" num="sg" pos="noun" postag="N(soort,ev,basis,zijd,stan)" pt="n" rel="hd" rnum="sg" root="zon" sense="zon" word="zon"/>
            </node>
            <node begin="3" end="4" frame="verb(hebben,past(sg),aux(inf))" his="normal" his_1="normal" id="15" infl="sg" lcat="ssub" lemma="zullen" pos="verb" postag="WW(pv,verl,ev)" pt="ww" pvagr="ev" pvtijd="verl" rel="hd" root="zal" sc="aux(inf)" sense="zal" tense="past" v_per="thi" word="zou" wvorm="pv"/>
            <node begin="1" cat="inf" end="7" id="16" rel="vc">
              <node begin="1" end="3" id="17" index="2" rel="su"/>
              <node begin="4" buiging="zonder" end="5" frame="verb(zijn,inf,pc_pp(met))" his="normal" his_1="normal" id="18" infl="inf" lcat="inf" lemma="stoppen" pos="verb" positie="vrij" postag="WW(inf,vrij,zonder)" pt="ww" rel="hd" root="stop" sc="pc_pp(met)" sense="stop-met" word="stoppen" wvorm="inf"/>
              <node begin="5" cat="pp" end="7" id="19" rel="pc">
                <node begin="5" end="6" frame="preposition(met,[mee,[en,al]])" his="normal" his_1="normal" id="20" lcat="pp" lemma="met" pos="prep" postag="VZ(init)" pt="vz" rel="hd" root="met" sense="met" vztype="init" word="met"/>
                <node begin="6" buiging="zonder" end="7" frame="v_noun(intransitive)" getal-n="zonder-n" his="normal" his_1="normal" id="21" lcat="np" lemma="schijnen" pos="verb" positie="nom" postag="WW(inf,nom,zonder,zonder-n)" pt="ww" rel="obj1" rnum="sg" root="schijn" sc="intransitive" sense="schijn" special="v_noun" word="schijnen" wvorm="inf"/>
              </node>
            </node>
          </node>
        </node>
        <node begin="9" end="12" id="22" index="1" rel="su"/>
        <node begin="12" cat="ap" end="16" id="23" rel="mod">
          <node aform="base" begin="12" buiging="zonder" end="13" frame="adjective(no_e(adv),pp(van))" graad="basis" his="normal" his_1="normal" id="24" infl="no_e" lcat="ap" lemma="afhankelijk" pos="adj" positie="vrij" postag="ADJ(vrij,basis,zonder)" pt="adj" rel="hd" root="afhankelijk" sc="pp(van)" sense="afhankelijk-van" vform="adj" word="afhankelijk"/>
          <node begin="13" cat="pp" end="16" id="25" rel="pc">
            <node begin="13" end="14" frame="preposition(van,[af,uit,vandaan,[af,aan]])" his="normal" his_1="normal" id="26" lcat="pp" lemma="van" pos="prep" postag="VZ(init)" pt="vz" rel="hd" root="van" sense="van" vztype="init" word="van"/>
            <node begin="14" cat="np" end="16" id="27" rel="obj1">
              <node aform="base" begin="14" buiging="met-e" end="15" frame="adjective(e)" graad="basis" his="normal" his_1="normal" id="28" infl="e" lcat="ap" lemma="specifiek" naamval="stan" pos="adj" positie="prenom" postag="ADJ(prenom,basis,met-e,stan)" pt="adj" rel="mod" root="specifiek" sense="specifiek" vform="adj" word="specifieke"/>
              <node begin="15" end="16" frame="noun(de,count,pl)" gen="de" getal="mv" graad="basis" his="compound" his_1="2" id="29" lcat="np" lemma="omstandig_hei" ntype="soort" num="pl" pos="noun" postag="N(soort,mv,basis)" pt="n" rel="hd" rnum="pl" root="omstandig_hei" sense="omstandig_hei" word="omstandigheiden"/>
            </node>
          </node>
        </node>
        <node begin="16" buiging="zonder" end="17" frame="verb(zijn,inf(no_e),ninv(intransitive,part_intransitive(dood)))" his="normal" his_1="part-V" id="30" infl="inf(no_e)" lcat="inf" lemma="dood_gaan" pos="verb" positie="vrij" postag="WW(inf,vrij,zonder)" pt="ww" rel="hd" root="ga_dood" sc="part_intransitive(dood)" sense="ga_dood" word="doodgaan" wvorm="inf"/>
      </node>
    </node>
    <node begin="17" end="18" frame="punct(punt)" his="normal" his_1="normal" id="31" lcat="punct" lemma="." pos="punct" postag="LET()" pt="let" rel="--" root="." sense="." special="punt" word="."/>
  </node>
  <sentence sentid="188">Als de zon zou stoppen met schijnen , zouden alle levende dingen afhankelijk van specifieke omstandigheiden doodgaan .</sentence>
  <comments>
    <comment>Q#188|Als de zon zou stoppen met schijnen , zouden alle levende dingen afhankelijk van specifieke omstandigheiden doodgaan .|1|1|-3.3615467855</comment>
  </comments>
</alpino_ds>
