<?xml version="1.0" encoding="UTF-8"?>
<alpino_ds version="1.15">
  <parser build="Alpino-x86_64-linux-glibc2.5-git1006-sicstus" date="2023-09-07T13:24" cats="1" skips="0" />
  <node begin="0" cat="top" end="6" id="0" rel="top">
    <node begin="0" cat="smain" end="5" id="1" rel="--">
      <node begin="0" case="nom" def="def" end="1" frame="pronoun(nwh,thi,sg,de,nom,def)" gen="de" genus="masc" getal="ev" his="normal" his_1="decap" his_1_1="normal" id="2" lcat="np" lemma="hij" naamval="nomin" num="sg" pdtype="pron" per="thi" persoon="3" pos="pron" postag="VNW(pers,pron,nomin,vol,3,ev,masc)" pt="vnw" rel="su" rnum="sg" root="hij" sense="hij" status="vol" vwtype="pers" wh="nwh" word="Hij"/>
      <node begin="1" end="2" frame="verb(unacc,sg_is,copula)" his="normal" his_1="normal" id="3" infl="sg_is" lcat="smain" lemma="zijn" pos="verb" postag="WW(pv,tgw,ev)" pt="ww" pvagr="ev" pvtijd="tgw" rel="hd" root="ben" sc="copula" sense="ben" stype="declarative" tense="present" v_per="thi" word="is" wvorm="pv"/>
      <node begin="2" cat="np" end="5" id="4" rel="predc">
        <node begin="2" buiging="zonder" end="3" frame="determiner(geen,nwh,mod,pro,yparg,nwkpro,geen)" his="normal" his_1="normal" id="5" infl="geen" lcat="detp" lemma="geen" naamval="stan" npagr="agr" pdtype="det" pos="det" positie="prenom" postag="VNW(onbep,det,stan,prenom,zonder,agr)" pt="vnw" rel="det" root="geen" sense="geen" vwtype="onbep" wh="nwh" word="geen"/>
        <node aform="base" begin="3" buiging="zonder" end="4" frame="adjective(both(nonadv))" graad="basis" his="normal" his_1="normal" id="6" infl="both" lcat="ap" lemma="doorsnee" pos="adj" positie="prenom" postag="ADJ(prenom,basis,zonder)" pt="adj" rel="mod" root="doorsnee" sense="doorsnee" vform="adj" word="doorsnee"/>
        <node begin="4" end="5" frame="noun(de,count,sg)" gen="de" genus="zijd" getal="ev" graad="basis" his="compound" his_1="2" id="7" lcat="np" lemma="master_student" naamval="stan" ntype="soort" num="sg" pos="noun" postag="N(soort,ev,basis,zijd,stan)" pt="n" rel="hd" rnum="sg" root="master_student" sense="master_student" word="masterstudent"/>
      </node>
    </node>
    <node begin="5" end="6" frame="punct(punt)" his="normal" his_1="normal" id="8" lcat="punct" lemma="." pos="punct" postag="LET()" pt="let" rel="--" root="." sense="." special="punt" word="."/>
  </node>
  <sentence sentid="1891">Hij is geen doorsnee masterstudent .</sentence>
  <comments>
    <comment>Q#1891|Hij is geen doorsnee masterstudent .|1|1|-5.541601200799998</comment>
  </comments>
</alpino_ds>
