<?xml version="1.0" encoding="UTF-8"?>
<alpino_ds version="1.15">
  <parser build="Alpino-x86_64-linux-glibc2.5-git1006-sicstus" date="2023-09-07T13:24" cats="1" skips="0" />
  <node begin="0" cat="top" end="11" id="0" rel="top">
    <node begin="0" cat="smain" end="10" id="1" rel="--">
      <node begin="0" case="nom" def="def" end="1" frame="pronoun(nwh,thi,sg,de,nom,def)" gen="de" genus="masc" getal="ev" his="normal" his_1="decap" his_1_1="normal" id="2" lcat="np" lemma="hij" naamval="nomin" num="sg" pdtype="pron" per="thi" persoon="3" pos="pron" postag="VNW(pers,pron,nomin,vol,3,ev,masc)" pt="vnw" rel="su" rnum="sg" root="hij" sense="hij" status="vol" vwtype="pers" wh="nwh" word="Hij"/>
      <node begin="1" end="2" frame="verb(unacc,sg_is,copula)" his="normal" his_1="normal" id="3" infl="sg_is" lcat="smain" lemma="zijn" pos="verb" postag="WW(pv,tgw,ev)" pt="ww" pvagr="ev" pvtijd="tgw" rel="hd" root="ben" sc="copula" sense="ben" stype="declarative" tense="present" v_per="thi" word="is" wvorm="pv"/>
      <node begin="2" cat="mwu" end="5" his="normal" his_1="normal" id="4" rel="mod">
        <node begin="2" end="3" frame="sentence_adverb" id="5" lcat="advp" lemma="zo" pos="adv" postag="BW()" pt="bw" rel="mwp" root="zo" sense="zo" special="sentence" word="zo"/>
        <node begin="3" end="4" frame="sentence_adverb" id="6" lcat="advp" lemma="te" pos="adv" postag="VZ(init)" pt="vz" rel="mwp" root="te" sense="te" special="sentence" vztype="init" word="te"/>
        <node begin="4" buiging="zonder" end="5" frame="sentence_adverb" id="7" lcat="advp" lemma="zien" pos="adv" positie="vrij" postag="WW(inf,vrij,zonder)" pt="ww" rel="mwp" root="zien" sense="zien" special="sentence" word="zien" wvorm="inf"/>
      </node>
      <node begin="5" cat="conj" end="10" id="8" rel="predc">
        <node begin="5" cat="np" end="7" id="9" rel="cnj">
          <node begin="5" buiging="zonder" end="6" frame="determiner(geen,nwh,mod,pro,yparg,nwkpro,geen)" his="normal" his_1="normal" id="10" infl="geen" lcat="detp" lemma="geen" naamval="stan" npagr="agr" pdtype="det" pos="det" positie="prenom" postag="VNW(onbep,det,stan,prenom,zonder,agr)" pt="vnw" rel="det" root="geen" sense="geen" vwtype="onbep" wh="nwh" word="geen"/>
          <node begin="6" end="7" frame="noun(de,count,sg)" gen="de" genus="zijd" getal="ev" graad="basis" his="normal" his_1="normal" id="11" lcat="np" lemma="Amerikaan" naamval="stan" ntype="eigen" num="sg" pos="noun" postag="N(eigen,ev,basis,zijd,stan)" pt="n" rel="hd" rnum="sg" root="Amerikaan" sense="Amerikaan" word="Amerikaan"/>
        </node>
        <node begin="7" conjtype="neven" end="8" frame="conj(maar)" his="normal" his_1="normal" id="12" lcat="vg" lemma="maar" pos="vg" postag="VG(neven)" pt="vg" rel="crd" root="maar" sense="maar" word="maar"/>
        <node begin="8" cat="np" end="10" id="13" rel="cnj">
          <node begin="8" end="9" frame="determiner(een)" his="normal" his_1="normal" id="14" infl="een" lcat="detp" lemma="een" lwtype="onbep" naamval="stan" npagr="agr" pos="det" postag="LID(onbep,stan,agr)" pt="lid" rel="det" root="een" sense="een" word="een"/>
          <node begin="9" end="10" frame="noun(de,count,sg)" gen="de" genus="zijd" getal="ev" graad="basis" his="normal" his_1="normal" id="15" lcat="np" lemma="Fransman" naamval="stan" ntype="eigen" num="sg" pos="noun" postag="N(eigen,ev,basis,zijd,stan)" pt="n" rel="hd" rnum="sg" root="Fransman" sense="Fransman" word="Fransman"/>
        </node>
      </node>
    </node>
    <node begin="10" end="11" frame="punct(punt)" his="normal" his_1="normal" id="16" lcat="punct" lemma="." pos="punct" postag="LET()" pt="let" rel="--" root="." sense="." special="punt" word="."/>
  </node>
  <sentence sentid="1903">Hij is zo te zien geen Amerikaan maar een Fransman .</sentence>
  <comments>
    <comment>Q#1903|Hij is zo te zien geen Amerikaan maar een Fransman .|1|1|-7.4360563018</comment>
  </comments>
</alpino_ds>
