<?xml version="1.0" encoding="UTF-8"?>
<alpino_ds version="1.15">
  <parser build="Alpino-x86_64-linux-glibc2.5-git1006-sicstus" date="2023-09-07T13:24" cats="1" skips="0" />
  <node begin="0" cat="top" end="9" id="0" rel="top">
    <node begin="2" end="3" frame="punct(komma)" his="normal" his_1="normal" id="1" lcat="punct" lemma="," pos="punct" postag="LET()" pt="let" rel="--" root="," sense="," special="komma" word=","/>
    <node begin="0" cat="smain" end="8" id="2" rel="--">
      <node begin="0" case="nom" def="def" end="1" frame="pronoun(nwh,thi,sg,de,nom,def)" gen="de" genus="masc" getal="ev" his="normal" his_1="decap" his_1_1="normal" id="3" lcat="np" lemma="hij" naamval="nomin" num="sg" pdtype="pron" per="thi" persoon="3" pos="pron" postag="VNW(pers,pron,nomin,vol,3,ev,masc)" pt="vnw" rel="su" rnum="sg" root="hij" sense="hij" status="vol" vwtype="pers" wh="nwh" word="Hij"/>
      <node begin="1" end="2" frame="verb(hebben,past(sg),intransitive)" his="normal" his_1="normal" id="4" infl="sg" lcat="smain" lemma="liegen" pos="verb" postag="WW(pv,verl,ev)" pt="ww" pvagr="ev" pvtijd="verl" rel="hd" root="lieg" sc="intransitive" sense="lieg" stype="declarative" tense="past" v_per="thi" word="loog" wvorm="pv"/>
      <node begin="3" cat="pp" end="5" id="5" rel="mod">
        <node begin="3" end="4" frame="preposition(zonder,[])" his="normal" his_1="normal" id="6" lcat="pp" lemma="zonder" pos="prep" postag="VZ(init)" pt="vz" rel="hd" root="zonder" sense="zonder" vztype="init" word="zonder"/>
        <node begin="4" end="5" frame="noun(de,count,sg)" gen="de" genus="zijd" getal="ev" graad="basis" his="normal" his_1="normal" id="7" lcat="np" lemma="twijfel" naamval="stan" ntype="soort" num="sg" pos="noun" postag="N(soort,ev,basis,zijd,stan)" pt="n" rel="obj1" rnum="sg" root="twijfel" sense="twijfel" word="twijfel"/>
      </node>
      <node begin="5" cat="pp" end="8" id="8" rel="mod">
        <node begin="5" end="6" frame="preposition(in,[])" his="normal" his_1="normal" id="9" lcat="pp" lemma="in" pos="prep" postag="VZ(init)" pt="vz" rel="hd" root="in" sense="in" vztype="init" word="in"/>
        <node begin="6" cat="np" end="8" id="10" rel="obj1">
          <node begin="6" end="7" frame="number(rang)" his="normal" his_1="normal" id="11" lcat="ap" lemma="één" naamval="stan" numtype="rang" pos="num" positie="prenom" postag="TW(rang,prenom,stan)" pt="tw" rel="mod" root="één" sense="één" word="eerste"/>
          <node begin="7" end="8" frame="noun(de,count,sg)" gen="de" genus="zijd" getal="ev" graad="basis" his="normal" his_1="normal" id="12" lcat="np" lemma="instantie" naamval="stan" ntype="soort" num="sg" pos="noun" postag="N(soort,ev,basis,zijd,stan)" pt="n" rel="hd" rnum="sg" root="instantie" sense="instantie" word="instantie"/>
        </node>
      </node>
    </node>
    <node begin="8" end="9" frame="punct(punt)" his="normal" his_1="normal" id="13" lcat="punct" lemma="." pos="punct" postag="LET()" pt="let" rel="--" root="." sense="." special="punt" word="."/>
  </node>
  <sentence sentid="1935">Hij loog , zonder twijfel in eerste instantie .</sentence>
  <comments>
    <comment>Q#1935|Hij loog , zonder twijfel in eerste instantie .|1|1|-6.8878678223000005</comment>
  </comments>
</alpino_ds>
