<?xml version="1.0" encoding="UTF-8"?>
<alpino_ds version="1.15">
  <parser build="Alpino-x86_64-linux-glibc2.5-git1006-sicstus" date="2023-09-07T13:24" cats="1" skips="0" />
  <node begin="0" cat="top" end="8" id="0" rel="top">
    <node begin="0" cat="smain" end="7" id="1" rel="--">
      <node begin="0" case="nom" def="def" end="1" frame="pronoun(nwh,thi,sg,de,nom,def)" gen="de" genus="masc" getal="ev" his="normal" his_1="decap" his_1_1="normal" id="2" index="1" lcat="np" lemma="hij" naamval="nomin" num="sg" pdtype="pron" per="thi" persoon="3" pos="pron" postag="VNW(pers,pron,nomin,vol,3,ev,masc)" pt="vnw" rel="su" rnum="sg" root="hij" sense="hij" status="vol" vwtype="pers" wh="nwh" word="Hij"/>
      <node begin="1" end="2" frame="verb('hebben/zijn',past(sg),modifier(aux(inf)))" his="normal" his_1="normal" id="3" infl="sg" lcat="smain" lemma="moeten" pos="verb" postag="WW(pv,verl,ev)" pt="ww" pvagr="ev" pvtijd="verl" rel="hd" root="moet" sc="modifier(aux(inf))" sense="moet" stype="declarative" tense="past" v_per="thi" word="moest" wvorm="pv"/>
      <node begin="0" cat="inf" end="7" id="4" rel="vc">
        <node begin="0" end="1" id="5" index="1" rel="su"/>
        <node begin="2" end="3" frame="tmp_noun(de,count,pl)" gen="de" getal="mv" graad="basis" his="normal" his_1="normal" id="6" lcat="np" lemma="dag" ntype="soort" num="pl" pos="noun" postag="N(soort,mv,basis)" pt="n" rel="mod" rnum="pl" root="dag" sense="dag" special="tmp" word="dagen"/>
        <node begin="3" cat="pp" end="6" id="7" rel="mod">
          <node begin="3" end="4" frame="preposition(zonder,[])" his="normal" his_1="normal" id="8" lcat="pp" lemma="zonder" pos="prep" postag="VZ(init)" pt="vz" rel="hd" root="zonder" sense="zonder" vztype="init" word="zonder"/>
          <node begin="4" cat="np" end="6" id="9" rel="obj1">
            <node begin="4" buiging="zonder" end="5" frame="determiner(welk)" his="normal" his_1="normal" id="10" infl="welk" lcat="detp" lemma="enig" naamval="stan" npagr="evon" pdtype="det" pos="det" positie="prenom" postag="VNW(onbep,det,stan,prenom,zonder,evon)" pt="vnw" rel="det" root="enig" sense="enig" vwtype="onbep" word="enig"/>
            <node begin="5" end="6" frame="noun(het,mass,sg)" gen="het" genus="onz" getal="ev" graad="basis" his="normal" his_1="normal" id="11" lcat="np" lemma="eten" naamval="stan" ntype="soort" num="sg" pos="noun" postag="N(soort,ev,basis,onz,stan)" pt="n" rel="hd" rnum="sg" root="eten" sense="eten" word="eten"/>
          </node>
        </node>
        <node begin="6" buiging="zonder" end="7" frame="verb(hebben,inf(no_e),intransitive)" his="normal" his_1="normal" id="12" infl="inf(no_e)" lcat="inf" lemma="doen" pos="verb" positie="vrij" postag="WW(inf,vrij,zonder)" pt="ww" rel="hd" root="doe" sc="intransitive" sense="doe" word="doen" wvorm="inf"/>
      </node>
    </node>
    <node begin="7" end="8" frame="punct(punt)" his="normal" his_1="normal" id="13" lcat="punct" lemma="." pos="punct" postag="LET()" pt="let" rel="--" root="." sense="." special="punt" word="."/>
  </node>
  <sentence sentid="1943">Hij moest dagen zonder enig eten doen .</sentence>
  <comments>
    <comment>Q#1943|Hij moest dagen zonder enig eten doen .|1|1|-5.2066458725999984</comment>
  </comments>
</alpino_ds>
