<?xml version="1.0" encoding="UTF-8"?>
<alpino_ds version="1.15">
  <parser build="Alpino-x86_64-linux-glibc2.5-git1006-sicstus" date="2023-09-07T13:17" cats="1" skips="0" />
  <node begin="0" cat="top" end="14" id="0" rel="top">
    <node begin="5" end="6" frame="punct(komma)" his="normal" his_1="normal" id="1" lcat="punct" lemma="," pos="punct" postag="LET()" pt="let" rel="--" root="," sense="," special="komma" word=","/>
    <node begin="0" cat="smain" end="13" id="2" rel="--">
      <node begin="0" cat="cp" end="5" id="3" rel="mod">
        <node begin="0" conjtype="onder" end="1" frame="complementizer(als)" his="normal" his_1="decap" his_1_1="normal" id="4" lcat="cp" lemma="als" pos="comp" postag="VG(onder)" pt="vg" rel="cmp" root="als" sc="als" sense="als" word="Als"/>
        <node begin="1" cat="ssub" end="5" id="5" rel="body">
          <node begin="1" cat="np" end="3" id="6" rel="su">
            <node begin="1" end="2" frame="determiner(een)" his="normal" his_1="normal" id="7" infl="een" lcat="detp" lemma="een" lwtype="onbep" naamval="stan" npagr="agr" pos="det" postag="LID(onbep,stan,agr)" pt="lid" rel="det" root="een" sense="een" word="een"/>
            <node begin="2" end="3" frame="noun(de,count,sg)" gen="de" genus="zijd" getal="ev" graad="basis" his="normal" his_1="normal" id="8" lcat="np" lemma="puppy" naamval="stan" ntype="soort" num="sg" pos="noun" postag="N(soort,ev,basis,zijd,stan)" pt="n" rel="hd" rnum="sg" root="puppy" sense="puppy" word="puppy"/>
          </node>
          <node begin="3" case="both" def="def" end="4" frame="pronoun(nwh,je,sg,de,both,def,wkpro)" gen="de" getal="getal" his="normal" his_1="normal" id="9" lcat="np" lemma="je" naamval="obl" num="sg" pdtype="pron" per="je" persoon="2v" pos="pron" postag="VNW(pr,pron,obl,red,2v,getal)" pt="vnw" rel="obj1" rnum="sg" root="je" sense="je" special="wkpro" status="red" vwtype="pr" wh="nwh" word="je"/>
          <node begin="4" end="5" frame="verb(hebben,sg,transitive)" his="normal" his_1="normal" id="10" infl="sg" lcat="ssub" lemma="bijten" pos="verb" postag="WW(pv,tgw,ev)" pt="ww" pvagr="ev" pvtijd="tgw" rel="hd" root="bijt" sc="transitive" sense="bijt" tense="present" v_per="thi" word="bijt" wvorm="pv"/>
        </node>
      </node>
      <node begin="6" end="7" frame="verb(unacc,past(sg),intransitive)" his="normal" his_1="normal" id="11" infl="sg" lcat="smain" lemma="zijn" pos="verb" postag="WW(pv,verl,ev)" pt="ww" pvagr="ev" pvtijd="verl" rel="hd" root="ben" sc="intransitive" sense="ben" stype="declarative" tense="past" v_per="thi" word="was" wvorm="pv"/>
      <node begin="7" cat="np" end="13" id="12" rel="su">
        <node begin="7" end="8" frame="determiner(de)" his="normal" his_1="normal" id="13" infl="de" lcat="detp" lemma="de" lwtype="bep" naamval="stan" npagr="rest" pos="det" postag="LID(bep,stan,rest)" pt="lid" rel="det" root="de" sense="de" word="de"/>
        <node begin="8" end="9" frame="noun(de,count,sg)" gen="de" genus="zijd" getal="ev" graad="basis" his="normal" his_1="normal" id="14" lcat="np" lemma="wond" naamval="stan" ntype="soort" num="sg" pos="noun" postag="N(soort,ev,basis,zijd,stan)" pt="n" rel="hd" rnum="sg" root="wond" sense="wond" word="wond"/>
        <node begin="9" cat="pp" end="13" id="15" rel="mod">
          <node begin="9" end="10" frame="preposition(met,[mee,[en,al]])" his="normal" his_1="normal" id="16" lcat="pp" lemma="met" pos="prep" postag="VZ(init)" pt="vz" rel="hd" root="met" sense="met" vztype="init" word="met"/>
          <node begin="10" cat="conj" end="13" id="17" rel="obj1">
            <node begin="10" end="11" frame="noun(de,count,sg)" gen="de" genus="zijd" getal="ev" graad="basis" his="normal" his_1="normal" id="18" lcat="np" lemma="zeep" naamval="stan" ntype="soort" num="sg" pos="noun" postag="N(soort,ev,basis,zijd,stan)" pt="n" rel="cnj" rnum="sg" root="zeep" sense="zeep" word="zeep"/>
            <node begin="11" conjtype="neven" end="12" frame="conj(en)" his="normal" his_1="normal" id="19" lcat="vg" lemma="en" pos="vg" postag="VG(neven)" pt="vg" rel="crd" root="en" sense="en" word="en"/>
            <node begin="12" end="13" frame="noun(het,both,sg)" gen="het" genus="onz" getal="ev" graad="basis" his="normal" his_1="normal" id="20" lcat="np" lemma="water" naamval="stan" ntype="soort" num="sg" pos="noun" postag="N(soort,ev,basis,onz,stan)" pt="n" rel="cnj" rnum="sg" root="water" sense="water" word="water"/>
          </node>
        </node>
      </node>
    </node>
    <node begin="13" end="14" frame="punct(punt)" his="normal" his_1="normal" id="21" lcat="punct" lemma="." pos="punct" postag="LET()" pt="let" rel="--" root="." sense="." special="punt" word="."/>
  </node>
  <sentence sentid="195">Als een puppy je bijt , was de wond met zeep en water .</sentence>
  <comments>
    <comment>Q#195|Als een puppy je bijt , was de wond met zeep en water .|1|1|-2.937417716800001</comment>
  </comments>
</alpino_ds>
