<?xml version="1.0" encoding="UTF-8"?>
<alpino_ds version="1.15">
  <parser build="Alpino-x86_64-linux-glibc2.5-git1006-sicstus" date="2023-09-07T13:24" cats="1" skips="0" />
  <node begin="0" cat="top" end="11" id="0" rel="top">
    <node begin="0" cat="smain" end="10" id="1" rel="--">
      <node begin="0" case="nom" def="def" end="1" frame="pronoun(nwh,thi,sg,de,nom,def)" gen="de" genus="masc" getal="ev" his="normal" his_1="decap" his_1_1="normal" id="2" lcat="np" lemma="hij" naamval="nomin" num="sg" pdtype="pron" per="thi" persoon="3" pos="pron" postag="VNW(pers,pron,nomin,vol,3,ev,masc)" pt="vnw" rel="su" rnum="sg" root="hij" sense="hij" status="vol" vwtype="pers" wh="nwh" word="Hij"/>
      <node begin="1" end="2" frame="verb(unacc,sg3,intransitive)" his="normal" his_1="normal" id="3" infl="sg3" lcat="smain" lemma="sterven" pos="verb" postag="WW(pv,tgw,met-t)" pt="ww" pvagr="met-t" pvtijd="tgw" rel="hd" root="sterf" sc="intransitive" sense="sterf" stype="declarative" tense="present" v_per="thi" word="sterft" wvorm="pv"/>
      <node begin="2" cat="pp" end="10" id="4" rel="mod">
        <node begin="2" end="3" frame="preposition(door,[heen])" his="normal" his_1="normal" id="5" lcat="pp" lemma="door" pos="prep" postag="VZ(init)" pt="vz" rel="hd" root="door" sense="door" vztype="init" word="door"/>
        <node begin="3" cat="np" end="10" id="6" rel="obj1">
          <node begin="3" end="4" frame="determiner(het,nwh,nmod,pro,nparg,wkpro)" his="normal" his_1="normal" id="7" infl="het" lcat="detp" lemma="het" lwtype="bep" naamval="stan" npagr="evon" pos="det" postag="LID(bep,stan,evon)" pt="lid" rel="det" root="het" sense="het" wh="nwh" word="het"/>
          <node begin="4" end="5" frame="noun(het,count,sg)" gen="het" genus="onz" getal="ev" graad="basis" his="normal" his_1="normal" id="8" lcat="np" lemma="gebrek" naamval="stan" ntype="soort" num="sg" pos="noun" postag="N(soort,ev,basis,onz,stan)" pt="n" rel="hd" rnum="sg" root="gebrek" sense="gebrek" word="gebrek"/>
          <node begin="5" cat="pp" end="10" id="9" rel="mod">
            <node begin="5" end="6" frame="preposition(aan,[vooraf])" his="normal" his_1="normal" id="10" lcat="pp" lemma="aan" pos="prep" postag="VZ(init)" pt="vz" rel="hd" root="aan" sense="aan" vztype="init" word="aan"/>
            <node begin="6" cat="np" end="10" id="11" rel="obj1">
              <node begin="6" end="7" frame="noun(both,mass,sg)" gen="both" genus="zijd" getal="ev" graad="basis" his="normal" his_1="normal" id="12" lcat="np" lemma="zuurstof" naamval="stan" ntype="soort" num="sg" pos="noun" postag="N(soort,ev,basis,zijd,stan)" pt="n" rel="hd" rnum="sg" root="zuurstof" sense="zuurstof" word="zuurstof"/>
              <node begin="7" cat="pp" end="10" id="13" rel="mod">
                <node begin="7" end="8" frame="preposition(in,[])" his="normal" his_1="normal" id="14" lcat="pp" lemma="in" pos="prep" postag="VZ(init)" pt="vz" rel="hd" root="in" sense="in" vztype="init" word="in"/>
                <node begin="8" cat="np" end="10" id="15" rel="obj1">
                  <node begin="8" end="9" frame="determiner(de)" his="normal" his_1="normal" id="16" infl="de" lcat="detp" lemma="de" lwtype="bep" naamval="stan" npagr="rest" pos="det" postag="LID(bep,stan,rest)" pt="lid" rel="det" root="de" sense="de" word="de"/>
                  <node begin="9" end="10" frame="noun(de,count,sg)" gen="de" genus="zijd" getal="ev" graad="basis" his="normal" his_1="normal" id="17" lcat="np" lemma="ruimte" naamval="stan" ntype="soort" num="sg" pos="noun" postag="N(soort,ev,basis,zijd,stan)" pt="n" rel="hd" rnum="sg" root="ruimte" sense="ruimte" word="ruimte"/>
                </node>
              </node>
            </node>
          </node>
        </node>
      </node>
    </node>
    <node begin="10" end="11" frame="punct(punt)" his="normal" his_1="normal" id="18" lcat="punct" lemma="." pos="punct" postag="LET()" pt="let" rel="--" root="." sense="." special="punt" word="."/>
  </node>
  <sentence sentid="1968">Hij sterft door het gebrek aan zuurstof in de ruimte .</sentence>
  <comments>
    <comment>Q#1968|Hij sterft door het gebrek aan zuurstof in de ruimte .|1|1|-6.440186163000001</comment>
  </comments>
</alpino_ds>
