<?xml version="1.0" encoding="UTF-8"?>
<alpino_ds version="1.15">
  <parser build="Alpino-x86_64-linux-glibc2.5-git1006-sicstus" date="2023-09-07T13:17" cats="1" skips="0" />
  <node begin="0" cat="top" end="11" id="0" rel="top">
    <node begin="5" end="6" frame="punct(komma)" his="normal" his_1="normal" id="1" lcat="punct" lemma="," pos="punct" postag="LET()" pt="let" rel="--" root="," sense="," special="komma" word=","/>
    <node begin="0" cat="smain" end="10" id="2" rel="--">
      <node begin="0" cat="cp" end="5" id="3" rel="mod">
        <node begin="0" conjtype="onder" end="1" frame="complementizer(als)" his="normal" his_1="decap" his_1_1="normal" id="4" lcat="cp" lemma="als" pos="comp" postag="VG(onder)" pt="vg" rel="cmp" root="als" sc="als" sense="als" word="Als"/>
        <node begin="1" cat="ssub" end="5" id="5" rel="body">
          <node begin="1" cat="np" end="3" id="6" rel="su">
            <node aform="base" begin="1" buiging="zonder" end="2" frame="adjective(both(nonadv))" graad="basis" his="normal" his_1="numberpersoons" id="7" infl="both" lcat="ap" lemma="eerstejaars" pos="adj" positie="prenom" postag="ADJ(prenom,basis,zonder)" pt="adj" rel="mod" root="eerstejaars" sense="eerstejaars" vform="adj" word="eerstejaars"/>
            <node begin="2" end="3" frame="noun(de,count,pl)" gen="de" getal="mv" graad="basis" his="normal" his_1="normal" id="8" lcat="np" lemma="student" ntype="soort" num="pl" pos="noun" postag="N(soort,mv,basis)" pt="n" rel="hd" rnum="pl" root="student" sense="student" word="studenten"/>
          </node>
          <node begin="3" end="4" frame="adverb" his="normal" his_1="normal" id="9" lcat="advp" lemma="niet" pos="adv" postag="BW()" pt="bw" rel="mod" root="niet" sense="niet" word="niet"/>
          <node begin="4" end="5" frame="verb(unacc,pl,intransitive)" his="normal" his_1="normal" id="10" infl="pl" lcat="ssub" lemma="komen" pos="verb" postag="WW(pv,tgw,mv)" pt="ww" pvagr="mv" pvtijd="tgw" rel="hd" root="kom" sc="intransitive" sense="kom" tense="present" v_per="thi" word="komen" wvorm="pv"/>
        </node>
      </node>
      <node begin="6" end="7" frame="verb(zijn,sg,intransitive)" his="normal" his_1="normal" id="11" infl="sg" lcat="smain" lemma="starten" pos="verb" postag="WW(pv,tgw,ev)" pt="ww" pvagr="ev" pvtijd="tgw" rel="hd" root="start" sc="intransitive" sense="start" stype="declarative" tense="present" v_per="thi" word="start" wvorm="pv"/>
      <node begin="7" cat="np" end="9" id="12" rel="su">
        <node begin="7" end="8" frame="determiner(de)" his="normal" his_1="normal" id="13" infl="de" lcat="detp" lemma="de" lwtype="bep" naamval="stan" npagr="rest" pos="det" postag="LID(bep,stan,rest)" pt="lid" rel="det" root="de" sense="de" word="de"/>
        <node begin="8" end="9" frame="noun(de,count,sg)" gen="de" genus="zijd" getal="ev" graad="basis" his="normal" his_1="normal" id="14" lcat="np" lemma="les" naamval="stan" ntype="soort" num="sg" pos="noun" postag="N(soort,ev,basis,zijd,stan)" pt="n" rel="hd" rnum="sg" root="les" sense="les" word="les"/>
      </node>
      <node begin="9" end="10" frame="adverb" his="normal" his_1="normal" id="15" lcat="advp" lemma="niet" pos="adv" postag="BW()" pt="bw" rel="mod" root="niet" sense="niet" word="niet"/>
    </node>
    <node begin="10" end="11" frame="punct(punt)" his="normal" his_1="normal" id="16" lcat="punct" lemma="." pos="punct" postag="LET()" pt="let" rel="--" root="." sense="." special="punt" word="."/>
  </node>
  <sentence sentid="197">Als eerstejaars studenten niet komen , start de les niet .</sentence>
  <comments>
    <comment>Q#197|Als eerstejaars studenten niet komen , start de les niet .|1|1|-3.509391656700001</comment>
  </comments>
</alpino_ds>
