<?xml version="1.0" encoding="UTF-8"?>
<alpino_ds version="1.15">
  <parser build="Alpino-x86_64-linux-glibc2.5-git1006-sicstus" date="2023-09-07T13:24" cats="1" skips="0" />
  <node begin="0" cat="top" end="11" id="0" rel="top">
    <node begin="6" end="7" frame="punct(komma)" his="normal" his_1="normal" id="1" lcat="punct" lemma="," pos="punct" postag="LET()" pt="let" rel="--" root="," sense="," special="komma" word=","/>
    <node begin="0" cat="smain" end="10" id="2" rel="--">
      <node begin="0" case="nom" def="def" end="1" frame="pronoun(nwh,thi,sg,de,nom,def)" gen="de" genus="masc" getal="ev" his="normal" his_1="decap" his_1_1="normal" id="3" lcat="np" lemma="hij" naamval="nomin" num="sg" pdtype="pron" per="thi" persoon="3" pos="pron" postag="VNW(pers,pron,nomin,vol,3,ev,masc)" pt="vnw" rel="su" rnum="sg" root="hij" sense="hij" status="vol" vwtype="pers" wh="nwh" word="Hij"/>
      <node begin="1" end="2" frame="verb(hebben,sg3,pred_np)" his="normal" his_1="normal" id="4" infl="sg3" lcat="smain" lemma="vinden" pos="verb" postag="WW(pv,tgw,met-t)" pt="ww" pvagr="met-t" pvtijd="tgw" rel="hd" root="vind" sc="pred_np" sense="vind" stype="declarative" tense="present" v_per="thi" word="vindt" wvorm="pv"/>
      <node begin="2" cat="np" end="5" id="5" rel="obj1">
        <node begin="2" cat="advp" end="4" his="normal" his_1="normal" id="6" rel="mod">
          <node begin="2" end="3" frame="adverb" id="7" lcat="advp" lemma="niet" pos="adv" postag="BW()" pt="bw" rel="mod" root="niet" sense="niet" word="niet"/>
          <node begin="3" end="4" frame="adverb" id="8" lcat="advp" lemma="alleen" pos="adv" postag="BW()" pt="bw" rel="hd" root="alleen" sense="alleen" word="alleen"/>
        </node>
        <node begin="4" end="5" frame="noun(de,mass,sg)" gen="de" genus="zijd" getal="ev" graad="basis" his="normal" his_1="normal" id="9" lcat="np" lemma="muziek" naamval="stan" ntype="soort" num="sg" pos="noun" postag="N(soort,ev,basis,zijd,stan)" pt="n" rel="hd" rnum="sg" root="muziek" sense="muziek" word="muziek"/>
      </node>
      <node begin="5" cat="conj" end="10" id="10" rel="predc">
        <node aform="base" begin="5" buiging="zonder" end="6" frame="adjective(no_e(adv))" graad="basis" his="normal" his_1="normal" id="11" infl="no_e" lcat="ap" lemma="leuk" pos="adj" positie="vrij" postag="ADJ(vrij,basis,zonder)" pt="adj" rel="cnj" root="leuk" sense="leuk" vform="adj" word="leuk"/>
        <node begin="7" conjtype="neven" end="8" frame="conj(maar)" his="normal" his_1="normal" id="12" lcat="vg" lemma="maar" pos="vg" postag="VG(neven)" pt="vg" rel="crd" root="maar" sense="maar" word="maar"/>
        <node begin="8" cat="np" end="10" id="13" rel="cnj">
          <node begin="8" end="9" frame="sentence_adverb" his="normal" his_1="normal" id="14" lcat="advp" lemma="ook" pos="adv" postag="BW()" pt="bw" rel="mod" root="ook" sense="ook" special="sentence" word="ook"/>
          <node begin="9" end="10" frame="noun(de,mass,sg)" gen="de" genus="zijd" getal="ev" graad="basis" his="normal" his_1="normal" id="15" lcat="np" lemma="geneeskunde" naamval="stan" ntype="soort" num="sg" pos="noun" postag="N(soort,ev,basis,zijd,stan)" pt="n" rel="hd" rnum="sg" root="geneeskunde" sense="geneeskunde" word="geneeskunde"/>
        </node>
      </node>
    </node>
    <node begin="10" end="11" frame="punct(punt)" his="normal" his_1="normal" id="16" lcat="punct" lemma="." pos="punct" postag="LET()" pt="let" rel="--" root="." sense="." special="punt" word="."/>
  </node>
  <sentence sentid="1982">Hij vindt niet alleen muziek leuk , maar ook geneeskunde .</sentence>
  <comments>
    <comment>Q#1982|Hij vindt niet alleen muziek leuk , maar ook geneeskunde .|1|1|-3.4659221749999998</comment>
  </comments>
</alpino_ds>
