<?xml version="1.0" encoding="UTF-8"?>
<alpino_ds version="1.15">
  <parser build="Alpino-x86_64-linux-glibc2.5-git1006-sicstus" date="2023-09-07T13:24" cats="1" skips="0" />
  <node begin="0" cat="top" end="11" id="0" rel="top">
    <node begin="0" cat="smain" end="10" id="1" rel="--">
      <node begin="0" case="nom" def="def" end="1" frame="pronoun(nwh,thi,sg,de,nom,def)" gen="de" genus="masc" getal="ev" his="normal" his_1="decap" his_1_1="normal" id="2" index="1" lcat="np" lemma="hij" naamval="nomin" num="sg" pdtype="pron" per="thi" persoon="3" pos="pron" postag="VNW(pers,pron,nomin,vol,3,ev,masc)" pt="vnw" rel="su" rnum="sg" root="hij" sense="hij" status="vol" vwtype="pers" wh="nwh" word="Hij"/>
      <node begin="1" end="2" frame="verb(hebben,modal_not_u,aux(inf))" his="normal" his_1="normal" id="3" infl="modal_not_u" lcat="smain" lemma="zullen" pos="verb" postag="WW(pv,tgw,ev)" pt="ww" pvagr="ev" pvtijd="tgw" rel="hd" root="zal" sc="aux(inf)" sense="zal" stype="declarative" tense="present" v_per="thi" word="zal" wvorm="pv"/>
      <node begin="0" cat="inf" end="10" id="4" rel="vc">
        <node begin="0" end="1" id="5" index="1" rel="su"/>
        <node begin="2" end="3" frame="tmp_adverb" his="normal" his_1="normal" id="6" lcat="advp" lemma="nooit" pos="adv" postag="BW()" pt="bw" rel="mod" root="nooit" sense="nooit" special="tmp" word="nooit"/>
        <node begin="3" buiging="zonder" end="4" frame="verb(hebben,inf,ninv(pc_pp(aan),part_pc_pp(toe,aan)))" his="normal" his_1="part-V" id="7" infl="inf" lcat="inf" lemma="toe_geven" pos="verb" positie="vrij" postag="WW(inf,vrij,zonder)" pt="ww" rel="hd" root="geef_toe" sc="part_pc_pp(toe,aan)" sense="geef_toe-aan" word="toegeven" wvorm="inf"/>
        <node begin="4" cat="pp" end="10" id="8" rel="pc">
          <node begin="4" end="5" frame="preposition(aan,[vooraf])" his="normal" his_1="normal" id="9" lcat="pp" lemma="aan" pos="prep" postag="VZ(init)" pt="vz" rel="hd" root="aan" sense="aan" vztype="init" word="aan"/>
          <node begin="5" cat="np" end="10" id="10" rel="obj1">
            <node begin="5" end="6" frame="determiner(de)" his="normal" his_1="normal" id="11" infl="de" lcat="detp" lemma="de" lwtype="bep" naamval="stan" npagr="rest" pos="det" postag="LID(bep,stan,rest)" pt="lid" rel="det" root="de" sense="de" word="de"/>
            <node begin="6" end="7" frame="noun(de,count,sg)" gen="de" genus="zijd" getal="ev" graad="basis" his="normal" his_1="normal" id="12" lcat="np" lemma="druk" naamval="stan" ntype="soort" num="sg" pos="noun" postag="N(soort,ev,basis,zijd,stan)" pt="n" rel="hd" rnum="sg" root="druk" sense="druk" word="druk"/>
            <node begin="7" cat="pp" end="10" id="13" rel="mod">
              <node begin="7" end="8" frame="preposition(van,[af,uit,vandaan,[af,aan]])" his="normal" his_1="normal" id="14" lcat="pp" lemma="van" pos="prep" postag="VZ(init)" pt="vz" rel="hd" root="van" sense="van" vztype="init" word="van"/>
              <node begin="8" cat="np" end="10" id="15" rel="obj1">
                <node begin="8" end="9" frame="determiner(een)" his="normal" his_1="normal" id="16" infl="een" lcat="detp" lemma="een" lwtype="onbep" naamval="stan" npagr="agr" pos="det" postag="LID(onbep,stan,agr)" pt="lid" rel="det" root="een" sense="een" word="een"/>
                <node begin="9" end="10" frame="noun(de,count,sg)" gen="de" genus="zijd" getal="ev" graad="basis" his="normal" his_1="normal" id="17" lcat="np" lemma="politicus" naamval="stan" ntype="soort" num="sg" pos="noun" postag="N(soort,ev,basis,zijd,stan)" pt="n" rel="hd" rnum="sg" root="politicus" sense="politicus" word="politicus"/>
              </node>
            </node>
          </node>
        </node>
      </node>
    </node>
    <node begin="10" end="11" frame="punct(punt)" his="normal" his_1="normal" id="18" lcat="punct" lemma="." pos="punct" postag="LET()" pt="let" rel="--" root="." sense="." special="punt" word="."/>
  </node>
  <sentence sentid="2003">Hij zal nooit toegeven aan de druk van een politicus .</sentence>
  <comments>
    <comment>Q#2003|Hij zal nooit toegeven aan de druk van een politicus .|1|1|-9.966370596800001</comment>
  </comments>
</alpino_ds>
