<?xml version="1.0" encoding="UTF-8"?>
<alpino_ds version="1.15">
  <parser build="Alpino-x86_64-linux-glibc2.5-git1006-sicstus" date="2023-09-07T13:24" cats="1" skips="0" />
  <node begin="0" cat="top" end="13" id="0" rel="top">
    <node begin="0" cat="smain" end="12" id="1" rel="--">
      <node begin="0" case="nom" def="def" end="1" frame="pronoun(nwh,thi,sg,de,nom,def)" gen="de" genus="masc" getal="ev" his="normal" his_1="decap" his_1_1="normal" id="2" lcat="np" lemma="hij" naamval="nomin" num="sg" pdtype="pron" per="thi" persoon="3" pos="pron" postag="VNW(pers,pron,nomin,vol,3,ev,masc)" pt="vnw" rel="su" rnum="sg" root="hij" sense="hij" status="vol" vwtype="pers" wh="nwh" word="Hij"/>
      <node begin="1" end="2" frame="verb(hebben,past(sg),tr_sbar)" his="normal" his_1="normal" id="3" infl="sg" lcat="smain" lemma="zeggen" pos="verb" postag="WW(pv,verl,ev)" pt="ww" pvagr="ev" pvtijd="verl" rel="hd" root="zeg" sc="tr_sbar" sense="zeg" stype="declarative" tense="past" v_per="thi" word="zei" wvorm="pv"/>
      <node begin="2" cat="cp" end="12" id="4" rel="vc">
        <node begin="2" conjtype="onder" end="3" frame="complementizer(dat)" his="normal" his_1="normal" id="5" lcat="cp" lemma="dat" pos="comp" postag="VG(onder)" pt="vg" rel="cmp" root="dat" sc="dat" sense="dat" word="dat"/>
        <node begin="3" cat="ssub" end="12" id="6" rel="body">
          <node begin="3" case="nom" def="def" end="4" frame="pronoun(nwh,thi,sg,de,nom,def)" gen="de" genus="masc" getal="ev" his="normal" his_1="normal" id="7" lcat="np" lemma="hij" naamval="nomin" num="sg" pdtype="pron" per="thi" persoon="3" pos="pron" postag="VNW(pers,pron,nomin,vol,3,ev,masc)" pt="vnw" rel="su" rnum="sg" root="hij" sense="hij" status="vol" vwtype="pers" wh="nwh" word="hij"/>
          <node begin="4" cat="np" end="6" id="8" rel="mod">
            <node begin="4" buiging="met-e" end="5" frame="determiner(elke,nwh,mod)" his="normal" his_1="normal" id="9" infl="elke" lcat="detp" lemma="ieder" naamval="stan" npagr="evz" pdtype="det" pos="det" positie="prenom" postag="VNW(onbep,det,stan,prenom,met-e,evz)" pt="vnw" rel="det" root="ieder" sense="ieder" vwtype="onbep" wh="nwh" word="iedere"/>
            <node begin="5" end="6" frame="tmp_noun(de,count,sg)" gen="de" genus="zijd" getal="ev" graad="basis" his="normal" his_1="normal" id="10" lcat="np" lemma="ochtend" naamval="stan" ntype="soort" num="sg" pos="noun" postag="N(soort,ev,basis,zijd,stan)" pt="n" rel="hd" rnum="sg" root="ochtend" sense="ochtend" special="tmp" word="ochtend"/>
          </node>
          <node begin="8" end="9" frame="verb(hebben,sg3,transitive)" his="normal" his_1="normal" id="11" infl="sg3" lcat="ssub" lemma="maken" pos="verb" postag="WW(pv,tgw,met-t)" pt="ww" pvagr="met-t" pvtijd="tgw" rel="hd" root="maak" sc="transitive" sense="maak" tense="present" v_per="thi" word="maakt" wvorm="pv"/>
          <node begin="6" cat="np" end="12" id="12" rel="obj1">
            <node begin="6" end="7" frame="determiner(een)" his="normal" his_1="normal" id="13" infl="een" lcat="detp" lemma="een" lwtype="onbep" naamval="stan" npagr="agr" pos="det" postag="LID(onbep,stan,agr)" pt="lid" rel="det" root="een" sense="een" word="een"/>
            <node begin="7" end="8" frame="noun(de,count,sg)" gen="de" genus="zijd" getal="ev" graad="basis" his="normal" his_1="normal" id="14" lcat="np" lemma="wandeling" naamval="stan" ntype="soort" num="sg" pos="noun" postag="N(soort,ev,basis,zijd,stan)" pt="n" rel="hd" rnum="sg" root="wandeling" sense="wandeling" word="wandeling"/>
            <node begin="9" cat="pp" end="12" id="15" rel="mod">
              <node begin="9" end="10" frame="preposition(in,[])" his="normal" his_1="normal" id="16" lcat="pp" lemma="in" pos="prep" postag="VZ(init)" pt="vz" rel="hd" root="in" sense="in" vztype="init" word="in"/>
              <node begin="10" cat="np" end="12" id="17" rel="obj1">
                <node begin="10" end="11" frame="determiner(het,nwh,nmod,pro,nparg,wkpro)" his="normal" his_1="normal" id="18" infl="het" lcat="detp" lemma="het" lwtype="bep" naamval="stan" npagr="evon" pos="det" postag="LID(bep,stan,evon)" pt="lid" rel="det" root="het" sense="het" wh="nwh" word="het"/>
                <node begin="11" end="12" frame="noun(het,count,sg)" gen="het" genus="onz" getal="ev" graad="basis" his="normal" his_1="normal" id="19" lcat="np" lemma="park" naamval="stan" ntype="soort" num="sg" pos="noun" postag="N(soort,ev,basis,onz,stan)" pt="n" rel="hd" rnum="sg" root="park" sense="park" word="park"/>
              </node>
            </node>
          </node>
        </node>
      </node>
    </node>
    <node begin="12" end="13" frame="punct(punt)" his="normal" his_1="normal" id="20" lcat="punct" lemma="." pos="punct" postag="LET()" pt="let" rel="--" root="." sense="." special="punt" word="."/>
  </node>
  <sentence sentid="2004">Hij zei dat hij iedere ochtend een wandeling maakt in het park .</sentence>
  <comments>
    <comment>Q#2004|Hij zei dat hij iedere ochtend een wandeling maakt in het park .|1|1|-9.5717927122</comment>
  </comments>
</alpino_ds>
