<?xml version="1.0" encoding="UTF-8"?>
<alpino_ds version="1.15">
  <parser build="Alpino-x86_64-linux-glibc2.5-git1006-sicstus" date="2023-09-07T13:24" cats="1" skips="0" />
  <node begin="0" cat="top" end="5" id="0" rel="top">
    <node begin="0" cat="smain" end="4" id="1" rel="--">
      <node begin="0" case="nom" def="def" end="1" frame="pronoun(nwh,thi,sg,de,nom,def)" gen="de" genus="masc" getal="ev" his="normal" his_1="decap" his_1_1="normal" id="2" lcat="np" lemma="hij" naamval="nomin" num="sg" pdtype="pron" per="thi" persoon="3" pos="pron" postag="VNW(pers,pron,nomin,vol,3,ev,masc)" pt="vnw" rel="su" rnum="sg" root="hij" sense="hij" status="vol" vwtype="pers" wh="nwh" word="Hij"/>
      <node begin="1" end="2" frame="verb(hebben,past(sg),transitive)" his="normal" his_1="normal" id="3" infl="sg" lcat="smain" lemma="zeggen" pos="verb" postag="WW(pv,verl,ev)" pt="ww" pvagr="ev" pvtijd="verl" rel="hd" root="zeg" sc="transitive" sense="zeg" stype="declarative" tense="past" v_per="thi" word="zei" wvorm="pv"/>
      <node begin="2" cat="np" end="4" id="4" rel="obj1">
        <node begin="2" buiging="zonder" end="3" frame="determiner(geen,nwh,mod,pro,yparg,nwkpro,geen)" his="normal" his_1="normal" id="5" infl="geen" lcat="detp" lemma="geen" naamval="stan" npagr="agr" pdtype="det" pos="det" positie="prenom" postag="VNW(onbep,det,stan,prenom,zonder,agr)" pt="vnw" rel="det" root="geen" sense="geen" vwtype="onbep" wh="nwh" word="geen"/>
        <node begin="3" end="4" frame="noun(het,count,sg)" gen="het" genus="onz" getal="ev" graad="basis" his="normal" his_1="normal" id="6" lcat="np" lemma="woord" naamval="stan" ntype="soort" num="sg" pos="noun" postag="N(soort,ev,basis,onz,stan)" pt="n" rel="hd" rnum="sg" root="woord" sense="woord" word="woord"/>
      </node>
    </node>
    <node begin="4" end="5" frame="punct(punt)" his="normal" his_1="normal" id="7" lcat="punct" lemma="." pos="punct" postag="LET()" pt="let" rel="--" root="." sense="." special="punt" word="."/>
  </node>
  <sentence sentid="2007">Hij zei geen woord .</sentence>
  <comments>
    <comment>Q#2007|Hij zei geen woord .|1|1|-5.145702190799999</comment>
  </comments>
</alpino_ds>
