<?xml version="1.0" encoding="UTF-8"?>
<alpino_ds version="1.15">
  <parser build="Alpino-x86_64-linux-glibc2.5-git1006-sicstus" date="2023-09-07T13:24" cats="1" skips="0" />
  <node begin="0" cat="top" end="7" id="0" rel="top">
    <node begin="0" cat="smain" end="6" id="1" rel="--">
      <node begin="0" case="nom" def="def" end="1" frame="pronoun(nwh,thi,sg,de,nom,def)" gen="de" genus="masc" getal="ev" his="normal" his_1="decap" his_1_1="normal" id="2" index="1" lcat="np" lemma="hij" naamval="nomin" num="sg" pdtype="pron" per="thi" persoon="3" pos="pron" postag="VNW(pers,pron,nomin,vol,3,ev,masc)" pt="vnw" rel="su" rnum="sg" root="hij" sense="hij" status="vol" vwtype="pers" wh="nwh" word="Hij"/>
      <node begin="1" end="2" frame="verb(hebben,past(sg),aux(inf))" his="normal" his_1="normal" id="3" infl="sg" lcat="smain" lemma="zullen" pos="verb" postag="WW(pv,verl,ev)" pt="ww" pvagr="ev" pvtijd="verl" rel="hd" root="zal" sc="aux(inf)" sense="zal" stype="declarative" tense="past" v_per="thi" word="zou" wvorm="pv"/>
      <node begin="0" cat="inf" end="6" id="4" rel="vc">
        <node begin="0" end="1" id="5" index="1" rel="su"/>
        <node begin="2" cat="np" end="4" id="6" rel="obj1">
          <node begin="2" buiging="zonder" end="3" frame="determiner(geen,nwh,mod,pro,yparg,nwkpro,geen)" his="normal" his_1="normal" id="7" infl="geen" lcat="detp" lemma="geen" naamval="stan" npagr="agr" pdtype="det" pos="det" positie="prenom" postag="VNW(onbep,det,stan,prenom,zonder,agr)" pt="vnw" rel="det" root="geen" sense="geen" vwtype="onbep" wh="nwh" word="geen"/>
          <node begin="3" end="4" frame="noun(het,count,both)" gen="het" genus="onz" getal="ev" graad="basis" his="normal" his_1="normal" id="8" lcat="np" lemma="compromis" naamval="stan" ntype="soort" num="both" pos="noun" postag="N(soort,ev,basis,onz,stan)" pt="n" rel="hd" rnum="sg" root="compromis" sense="compromis" word="compromis"/>
        </node>
        <node aform="compar" begin="4" buiging="zonder" end="5" frame="adjective(meer)" graad="comp" his="normal" his_1="normal" id="9" infl="meer" lcat="ap" lemma="veel" naamval="stan" pdtype="grad" pos="adj" positie="vrij" postag="VNW(onbep,grad,stan,vrij,zonder,comp)" pt="vnw" rel="mod" root="meer" sense="meer" vform="adj" vwtype="onbep" word="meer"/>
        <node begin="5" buiging="zonder" end="6" frame="verb(hebben,inf,transitive)" his="normal" his_1="normal" id="10" infl="inf" lcat="inf" lemma="accepteren" pos="verb" positie="vrij" postag="WW(inf,vrij,zonder)" pt="ww" rel="hd" root="accepteer" sc="transitive" sense="accepteer" word="accepteren" wvorm="inf"/>
      </node>
    </node>
    <node begin="6" end="7" frame="punct(punt)" his="normal" his_1="normal" id="11" lcat="punct" lemma="." pos="punct" postag="LET()" pt="let" rel="--" root="." sense="." special="punt" word="."/>
  </node>
  <sentence sentid="2012">Hij zou geen compromis meer accepteren .</sentence>
  <comments>
    <comment>Q#2012|Hij zou geen compromis meer accepteren .|1|1|-6.319491676599999</comment>
  </comments>
</alpino_ds>
