<?xml version="1.0" encoding="UTF-8"?>
<alpino_ds version="1.15">
  <parser build="Alpino-x86_64-linux-glibc2.5-git1006-sicstus" date="2023-09-07T13:25" cats="1" skips="0" />
  <node begin="0" cat="top" end="17" id="0" rel="top">
    <node begin="0" cat="smain" end="16" id="1" rel="--">
      <node begin="0" cat="conj" end="4" id="2" rel="su">
        <node begin="0" end="1" frame="noun(de,count,pl)" gen="de" getal="mv" graad="basis" his="normal" his_1="decap" his_1_1="normal" id="3" lcat="np" lemma="hond" ntype="soort" num="pl" pos="noun" postag="N(soort,mv,basis)" pt="n" rel="cnj" rnum="pl" root="hond" sense="hond" word="Honden"/>
        <node begin="1" conjtype="neven" end="2" frame="conj(en)" his="normal" his_1="normal" id="4" lcat="vg" lemma="en" pos="vg" postag="VG(neven)" pt="vg" rel="crd" root="en" sense="en" word="en"/>
        <node begin="2" cat="np" end="4" id="5" rel="cnj">
          <node begin="2" buiging="met-e" end="3" frame="determiner(alle,nwh,mod,pro,nparg)" his="normal" his_1="normal" id="6" infl="alle" lcat="detp" lemma="al" naamval="stan" npagr="agr" pdtype="det" pos="det" positie="prenom" postag="VNW(onbep,det,stan,prenom,met-e,agr)" pt="vnw" rel="det" root="al" sense="al" vwtype="onbep" wh="nwh" word="alle"/>
          <node begin="3" end="4" frame="noun(het,count,pl)" gen="het" getal="mv" graad="basis" his="normal" his_1="normal" id="7" lcat="np" lemma="huisdier" ntype="soort" num="pl" pos="noun" postag="N(soort,mv,basis)" pt="n" rel="hd" rnum="pl" root="huisdier" sense="huisdier" word="huisdieren"/>
        </node>
      </node>
      <node begin="4" end="5" frame="verb(hebben,pl,transitive_ndev)" his="normal" his_1="normal" id="8" infl="pl" lcat="smain" lemma="hebben" pos="verb" postag="WW(pv,tgw,mv)" pt="ww" pvagr="mv" pvtijd="tgw" rel="hd" root="heb" sc="transitive_ndev" sense="heb" stype="declarative" tense="present" v_per="thi" word="hebben" wvorm="pv"/>
      <node begin="5" cat="np" end="10" id="9" rel="obj1">
        <node begin="5" buiging="met-e" end="6" frame="determiner(alle,nwh,mod,pro,nparg)" his="normal" his_1="normal" id="10" infl="alle" lcat="detp" lemma="al" naamval="stan" npagr="agr" pdtype="det" pos="det" positie="prenom" postag="VNW(onbep,det,stan,prenom,met-e,agr)" pt="vnw" rel="det" root="al" sense="al" vwtype="onbep" wh="nwh" word="alle"/>
        <node aform="base" begin="6" buiging="met-e" end="7" frame="adjective(e)" graad="basis" his="normal" his_1="normal" id="11" infl="e" lcat="ap" lemma="goed" naamval="stan" pos="adj" positie="prenom" postag="ADJ(prenom,basis,met-e,stan)" pt="adj" rel="mod" root="goed" sense="goed" vform="adj" word="goede"/>
        <node begin="7" end="8" frame="noun(de,count,pl)" gen="de" getal="mv" graad="basis" his="normal" his_1="normal" id="12" lcat="np" lemma="kwaliteit" ntype="soort" num="pl" pos="noun" postag="N(soort,mv,basis)" pt="n" rel="hd" rnum="pl" root="kwaliteit" sense="kwaliteit" word="kwaliteiten"/>
        <node begin="8" cat="pp" end="10" id="13" rel="mod">
          <node begin="8" end="9" frame="preposition(van,[af,uit,vandaan,[af,aan]])" his="normal" his_1="normal" id="14" lcat="pp" lemma="van" pos="prep" postag="VZ(init)" pt="vz" rel="hd" root="van" sense="van" vztype="init" word="van"/>
          <node begin="9" end="10" frame="noun(both,count,pl)" gen="both" getal="mv" graad="basis" his="normal" his_1="normal" id="15" lcat="np" lemma="mens" ntype="soort" num="pl" pos="noun" postag="N(soort,mv,basis)" pt="n" rel="obj1" rnum="pl" root="mens" sense="mens" word="mensen"/>
        </node>
      </node>
      <node begin="10" cat="cp" end="16" id="16" rel="mod">
        <node begin="10" end="11" frame="complementizer(inf)" his="normal" his_1="normal" id="17" lcat="cp" lemma="zonder" pos="comp" postag="VZ(init)" pt="vz" rel="cmp" root="zonder" sc="inf" sense="zonder" vztype="init" word="zonder"/>
        <node begin="11" cat="ti" end="16" id="18" rel="body">
          <node begin="14" end="15" frame="complementizer(te)" his="normal" his_1="normal" id="19" lcat="ti" lemma="te" pos="comp" postag="VZ(init)" pt="vz" rel="cmp" root="te" sc="te" sense="te" vztype="init" word="te"/>
          <node begin="11" cat="inf" end="16" id="20" rel="body">
            <node aform="base" begin="11" end="12" frame="adjective(pred(adv))" his="normal" his_1="normal" id="21" infl="pred" lcat="ap" lemma="tegelijkertijd" pos="adj" postag="BW()" pt="bw" rel="mod" root="tegelijkertijd" sense="tegelijkertijd" vform="adj" word="tegelijkertijd"/>
            <node begin="12" cat="np" end="14" id="22" rel="obj1">
              <node begin="12" buiging="zonder" end="13" frame="determiner(pron)" getal="mv" his="normal" his_1="normal" id="23" infl="pron" lcat="detp" lemma="hun" naamval="stan" npagr="agr" pdtype="det" persoon="3" pos="det" positie="prenom" postag="VNW(bez,det,stan,vol,3,mv,prenom,zonder,agr)" pron="true" pt="vnw" rel="det" root="hun" sense="hun" status="vol" vwtype="bez" word="hun"/>
              <node begin="13" end="14" frame="noun(de,count,pl)" gen="de" getal="mv" graad="basis" his="normal" his_1="normal" id="24" lcat="np" lemma="zwakheid" ntype="soort" num="pl" pos="noun" postag="N(soort,mv,basis)" pt="n" rel="hd" rnum="pl" root="zwakheid" sense="zwakheid" word="zwakheden"/>
            </node>
            <node begin="15" buiging="zonder" end="16" frame="verb(hebben,inf,transitive)" his="normal" his_1="normal" id="25" infl="inf" lcat="inf" lemma="bezitten" pos="verb" positie="vrij" postag="WW(inf,vrij,zonder)" pt="ww" rel="hd" root="bezit" sc="transitive" sense="bezit" word="bezitten" wvorm="inf"/>
          </node>
        </node>
      </node>
    </node>
    <node begin="16" end="17" frame="punct(punt)" his="normal" his_1="normal" id="26" lcat="punct" lemma="." pos="punct" postag="LET()" pt="let" rel="--" root="." sense="." special="punt" word="."/>
  </node>
  <sentence sentid="2019">Honden en alle huisdieren hebben alle goede kwaliteiten van mensen zonder tegelijkertijd hun zwakheden te bezitten .</sentence>
  <comments>
    <comment>Q#2019|Honden en alle huisdieren hebben alle goede kwaliteiten van mensen zonder tegelijkertijd hun zwakheden te bezitten .|1|1|-1.7707817194999975</comment>
  </comments>
</alpino_ds>
