<?xml version="1.0" encoding="UTF-8"?>
<alpino_ds version="1.15">
  <parser build="Alpino-x86_64-linux-glibc2.5-git1006-sicstus" date="2023-09-07T13:17" cats="1" skips="0" />
  <node begin="0" cat="top" end="13" id="0" rel="top">
    <node begin="5" end="6" frame="punct(komma)" his="normal" his_1="normal" id="1" lcat="punct" lemma="," pos="punct" postag="LET()" pt="let" rel="--" root="," sense="," special="komma" word=","/>
    <node begin="0" cat="smain" end="12" id="2" rel="--">
      <node begin="6" end="7" frame="verb(hebben,modal_not_u,aux(inf))" his="normal" his_1="normal" id="3" infl="modal_not_u" lcat="smain" lemma="zullen" pos="verb" postag="WW(pv,tgw,ev)" pt="ww" pvagr="ev" pvtijd="tgw" rel="hd" root="zal" sc="aux(inf)" sense="zal" stype="declarative" tense="present" v_per="thi" word="zal" wvorm="pv"/>
      <node begin="7" cat="np" end="10" id="4" index="1" rel="su">
        <node begin="7" cat="pp" end="9" id="5" rel="ld">
          <node begin="7" end="8" frame="preposition(op,[af,na])" his="normal" his_1="normal" id="6" lcat="pp" lemma="op" pos="prep" postag="VZ(init)" pt="vz" rel="hd" root="op" sense="op" vztype="init" word="op"/>
          <node begin="8" end="9" frame="noun(de,count,sg)" gen="de" genus="zijd" getal="ev" graad="basis" his="normal" his_1="normal" id="7" lcat="np" lemma="smaak" naamval="stan" ntype="soort" num="sg" pos="noun" postag="N(soort,ev,basis,zijd,stan)" pt="n" rel="obj1" rnum="sg" root="smaak" sense="smaak" word="smaak"/>
        </node>
        <node begin="9" buiging="zonder" end="10" frame="v_noun(ld_pp)" getal-n="zonder-n" his="normal" his_1="normal" id="8" lcat="np" lemma="brengen" pos="verb" positie="nom" postag="WW(inf,nom,zonder,zonder-n)" pt="ww" rel="hd" rnum="sg" root="breng" sc="ld_pp" sense="breng" special="v_noun" word="brengen" wvorm="inf"/>
      </node>
      <node begin="0" cat="inf" end="12" id="9" rel="vc">
        <node begin="0" cat="cp" end="5" id="10" rel="mod">
          <node begin="0" conjtype="onder" end="1" frame="complementizer(als)" his="normal" his_1="decap" his_1_1="normal" id="11" lcat="cp" lemma="als" pos="comp" postag="VG(onder)" pt="vg" rel="cmp" root="als" sc="als" sense="als" word="Als"/>
          <node begin="1" cat="ssub" end="5" id="12" rel="body">
            <node begin="1" cat="np" end="3" id="13" rel="su">
              <node begin="1" end="2" frame="determiner(het,nwh,nmod,pro,nparg,wkpro)" his="normal" his_1="normal" id="14" infl="het" lcat="detp" lemma="het" lwtype="bep" naamval="stan" npagr="evon" pos="det" postag="LID(bep,stan,evon)" pt="lid" rel="det" root="het" sense="het" wh="nwh" word="het"/>
              <node begin="2" end="3" frame="noun(het,count,sg)" gen="het" genus="onz" getal="ev" graad="basis" his="normal" his_1="normal" id="15" lcat="np" lemma="graan" naamval="stan" ntype="soort" num="sg" pos="noun" postag="N(soort,ev,basis,onz,stan)" pt="n" rel="hd" rnum="sg" root="graan" sense="graan" word="graan"/>
            </node>
            <node aform="base" begin="3" buiging="zonder" end="4" frame="adjective(no_e(adv))" graad="basis" his="normal" his_1="normal" id="16" infl="no_e" lcat="ap" lemma="slecht" pos="adj" positie="vrij" postag="ADJ(vrij,basis,zonder)" pt="adj" rel="predc" root="slecht" sense="slecht" vform="adj" word="slecht"/>
            <node begin="4" end="5" frame="verb(unacc,sg_is,copula)" his="normal" his_1="normal" id="17" infl="sg_is" lcat="ssub" lemma="zijn" pos="verb" postag="WW(pv,tgw,ev)" pt="ww" pvagr="ev" pvtijd="tgw" rel="hd" root="ben" sc="copula" sense="ben" tense="present" v_per="thi" word="is" wvorm="pv"/>
          </node>
        </node>
        <node begin="7" end="10" id="18" index="1" rel="su"/>
        <node begin="10" end="11" frame="adverb" his="normal" his_1="normal" id="19" lcat="advp" lemma="niet" pos="adv" postag="BW()" pt="bw" rel="mod" root="niet" sense="niet" word="niet"/>
        <node begin="11" buiging="zonder" end="12" frame="verb(hebben,inf,intransitive)" his="normal" his_1="normal" id="20" infl="inf" lcat="inf" lemma="helpen" pos="verb" positie="vrij" postag="WW(inf,vrij,zonder)" pt="ww" rel="hd" root="help" sc="intransitive" sense="help" word="helpen" wvorm="inf"/>
      </node>
    </node>
    <node begin="12" end="13" frame="punct(punt)" his="normal" his_1="normal" id="21" lcat="punct" lemma="." pos="punct" postag="LET()" pt="let" rel="--" root="." sense="." special="punt" word="."/>
  </node>
  <sentence sentid="204">Als het graan slecht is , zal op smaak brengen niet helpen .</sentence>
  <comments>
    <comment>Q#204|Als het graan slecht is , zal op smaak brengen niet helpen .|1|1|-1.7250343807000001</comment>
  </comments>
</alpino_ds>
