<?xml version="1.0" encoding="UTF-8"?>
<alpino_ds version="1.15">
  <parser build="Alpino-x86_64-linux-glibc2.5-git1006-sicstus" date="2023-09-07T13:25" cats="3" skips="1" />
  <node begin="0" cat="top" end="10" id="0" rel="top">
    <node begin="0" buiging="zonder" end="1" frame="determiner(het,nwh,mod)" his="robust_skip" id="1" infl="het" lcat="--" lemma="ieder" naamval="stan" npagr="evon" pdtype="det" pos="det" positie="prenom" postag="VNW(onbep,det,stan,prenom,zonder,evon)" pt="vnw" rel="--" root="ieder" sense="ieder" vwtype="onbep" wh="nwh" word="Ieder"/>
    <node begin="1" cat="du" end="9" id="2" rel="--">
      <node begin="1" cat="np" end="3" id="3" rel="dp">
        <node aform="base" begin="1" buiging="zonder" end="2" frame="adjective(no_e(nonadv))" graad="basis" his="normal" his_1="normal" id="4" infl="no_e" lcat="ap" lemma="buitenaards" pos="adj" positie="prenom" postag="ADJ(prenom,basis,zonder)" pt="adj" rel="mod" root="buitenaards" sense="buitenaards" vform="adj" word="buitenaards"/>
        <node begin="2" end="3" frame="noun(het,count,sg)" gen="het" genus="onz" getal="ev" graad="basis" his="normal" his_1="normal" id="5" lcat="np" lemma="wezen" naamval="stan" ntype="soort" num="sg" pos="noun" postag="N(soort,ev,basis,onz,stan)" pt="n" rel="hd" rnum="sg" root="wezen" sense="wezen" word="wezen"/>
      </node>
      <node begin="3" cat="rel" end="7" id="6" rel="dp">
        <node begin="3" case="no_obl" end="4" frame="rel_pronoun(de,no_obl)" gen="de" getal="getal" his="normal" his_1="normal" id="7" index="1" lcat="np" lemma="die" naamval="stan" pdtype="pron" persoon="persoon" pos="pron" postag="VNW(betr,pron,stan,vol,persoon,getal)" pt="vnw" rel="rhd" rnum="sg" root="die" sense="die" status="vol" vwtype="betr" wh="rel" word="die"/>
        <node begin="3" cat="ssub" end="7" id="8" rel="body">
          <node begin="3" end="4" id="9" index="1" rel="su"/>
          <node begin="4" cat="np" end="6" id="10" rel="obj1">
            <node begin="4" buiging="zonder" end="5" frame="determiner(geen,nwh,mod,pro,yparg,nwkpro,geen)" his="normal" his_1="normal" id="11" infl="geen" lcat="detp" lemma="geen" naamval="stan" npagr="agr" pdtype="det" pos="det" positie="prenom" postag="VNW(onbep,det,stan,prenom,zonder,agr)" pt="vnw" rel="det" root="geen" sense="geen" vwtype="onbep" wh="nwh" word="geen"/>
            <node begin="5" end="6" frame="tmp_noun(de,count,pl)" gen="de" getal="mv" graad="basis" his="compound" his_1="2" id="12" lcat="np" lemma="honkbal_wedstrijd" ntype="soort" num="pl" pos="noun" postag="N(soort,mv,basis)" pt="n" rel="hd" rnum="pl" root="honkbal_wedstrijd" sense="honkbal_wedstrijd" special="tmp" word="honkbalwedstrijden"/>
          </node>
          <node begin="6" end="7" frame="verb(hebben,past(sg),transitive)" his="normal" his_1="normal" id="13" infl="sg" lcat="ssub" lemma="kijken" pos="verb" postag="WW(pv,verl,ev)" pt="ww" pvagr="ev" pvtijd="verl" rel="hd" root="kijk" sc="transitive" sense="kijk" tense="past" v_per="thi" word="keek" wvorm="pv"/>
        </node>
      </node>
      <node begin="7" cat="sv1" end="9" id="14" rel="dp">
        <node begin="7" dropped_agr="sg" dropped_prs="thi" end="8" frame="verb(unacc,sg_is,copula)" his="normal" his_1="normal" id="15" infl="sg_is" lcat="sv1" lemma="zijn" pos="verb" postag="WW(pv,tgw,ev)" pt="ww" pvagr="ev" pvtijd="tgw" rel="hd" root="ben" sc="copula" sense="ben" stype="topic_drop" tense="present" v_per="thi" word="is" wvorm="pv"/>
        <node aform="base" begin="8" buiging="zonder" end="9" frame="adjective(no_e(nonadv))" graad="basis" his="normal" his_1="normal" id="16" infl="no_e" lcat="ap" lemma="harig" pos="adj" positie="vrij" postag="ADJ(vrij,basis,zonder)" pt="adj" rel="predc" root="harig" sense="harig" vform="adj" word="harig"/>
      </node>
    </node>
    <node begin="9" end="10" frame="punct(punt)" his="robust_skip" id="17" lcat="--" lemma="." pos="punct" postag="LET()" pt="let" rel="--" root="." sense="." special="punt" word="."/>
  </node>
  <sentence sentid="2059">Ieder buitenaards wezen die geen honkbalwedstrijden keek is harig .</sentence>
  <comments>
    <comment>Q#2059|Ieder buitenaards wezen die geen honkbalwedstrijden keek is harig .|1|4|-3.3684188373999997</comment>
  </comments>
</alpino_ds>
