<?xml version="1.0" encoding="UTF-8"?>
<alpino_ds version="1.15">
  <parser build="Alpino-x86_64-linux-glibc2.5-git1006-sicstus" date="2023-09-07T13:17" cats="1" skips="3" />
  <node begin="0" cat="top" end="15" id="0" rel="top">
    <node begin="7" end="8" frame="punct(komma)" his="normal" his_1="normal" id="1" lcat="punct" lemma="," pos="punct" postag="LET()" pt="let" rel="--" root="," sense="," special="komma" word=","/>
    <node begin="0" cat="smain" end="11" id="2" rel="--">
      <node begin="8" end="9" frame="verb(hebben,past(sg),aux(inf))" his="normal" his_1="normal" id="3" infl="sg" lcat="smain" lemma="zullen" pos="verb" postag="WW(pv,verl,ev)" pt="ww" pvagr="ev" pvtijd="verl" rel="hd" root="zal" sc="aux(inf)" sense="zal" stype="declarative" tense="past" v_per="fir" word="zou" wvorm="pv"/>
      <node begin="9" case="nom" def="def" end="10" frame="pronoun(nwh,fir,sg,de,nom,def)" gen="de" getal="ev" his="normal" his_1="normal" id="4" index="1" lcat="np" lemma="ik" naamval="nomin" num="sg" pdtype="pron" per="fir" persoon="1" pos="pron" postag="VNW(pers,pron,nomin,vol,1,ev)" pt="vnw" rel="su" rnum="sg" root="ik" sense="ik" status="vol" vwtype="pers" wh="nwh" word="ik"/>
      <node begin="0" cat="inf" end="11" id="5" rel="vc">
        <node begin="0" cat="cp" end="7" id="6" rel="mod">
          <node begin="0" conjtype="onder" end="1" frame="complementizer(als)" his="normal" his_1="decap" his_1_1="normal" id="7" lcat="cp" lemma="als" pos="comp" postag="VG(onder)" pt="vg" rel="cmp" root="als" sc="als" sense="als" word="Als"/>
          <node begin="1" cat="ssub" end="7" id="8" rel="body">
            <node begin="1" end="2" frame="determiner(het,nwh,nmod,pro,nparg,wkpro)" genus="onz" getal="ev" his="normal" his_1="normal" id="9" infl="het" lcat="np" lemma="het" naamval="stan" pdtype="pron" persoon="3" pos="det" postag="VNW(pers,pron,stan,red,3,ev,onz)" pt="vnw" rel="su" rnum="sg" root="het" sense="het" status="red" vwtype="pers" wh="nwh" word="het"/>
            <node begin="4" end="5" frame="adverb" his="normal" his_1="normal" id="10" lcat="advp" lemma="niet" pos="adv" postag="BW()" pt="bw" rel="mod" root="niet" sense="niet" word="niet"/>
            <node begin="2" cat="ap" end="6" id="11" rel="predc">
              <node begin="2" cat="np" end="4" id="12" rel="obj1">
                <node aform="base" begin="2" buiging="met-e" end="3" frame="adjective(e)" graad="basis" his="normal" his_1="normal" id="13" infl="e" lcat="ap" lemma="langdradig" naamval="stan" pos="adj" positie="prenom" postag="ADJ(prenom,basis,met-e,stan)" pt="adj" rel="mod" root="langdradig" sense="langdradig" vform="adj" word="langdradige"/>
                <node begin="3" end="4" frame="noun(de,count,sg)" gen="de" genus="zijd" getal="ev" graad="basis" his="normal" his_1="normal" id="14" lcat="np" lemma="school" naamval="stan" ntype="soort" num="sg" pos="noun" postag="N(soort,ev,basis,zijd,stan)" pt="n" rel="hd" rnum="sg" root="school" sense="school" word="school"/>
              </node>
              <node begin="5" end="6" frame="np_adjective" his="normal" his_1="normal" id="15" lcat="ap" lemma="verplicht" pos="adj" postag="BW()" pt="bw" rel="hd" root="verplicht" sense="verplicht" special="np" word="verplicht"/>
            </node>
            <node begin="6" end="7" frame="verb(unacc,past(sg),copula_np)" his="normal" his_1="normal" id="16" infl="sg" lcat="ssub" lemma="zijn" pos="verb" postag="WW(pv,verl,ev)" pt="ww" pvagr="ev" pvtijd="verl" rel="hd" root="ben" sc="copula_np" sense="ben" tense="past" v_per="thi" word="was" wvorm="pv"/>
          </node>
        </node>
        <node begin="9" end="10" id="17" index="1" rel="su"/>
        <node begin="10" buiging="zonder" end="11" frame="verb(zijn,inf,intransitive)" his="normal" his_1="normal" id="18" infl="inf" lcat="inf" lemma="stoppen" pos="verb" positie="vrij" postag="WW(inf,vrij,zonder)" pt="ww" rel="hd" root="stop" sc="intransitive" sense="stop" word="stoppen" wvorm="inf"/>
      </node>
    </node>
    <node begin="11" end="12" frame="preposition(met,[mee,[en,al]])" his="robust_skip" id="19" lcat="--" lemma="met" pos="prep" postag="VZ(init)" pt="vz" rel="--" root="met" sense="met" vztype="init" word="met"/>
    <node begin="12" end="13" frame="er_adverb(naar)" his="robust_skip" id="20" lcat="--" lemma="erheen" pos="pp" postag="BW()" pt="bw" rel="--" root="erheen" sense="erheen" special="er" word="erheen"/>
    <node begin="13" buiging="zonder" end="14" frame="verb(zijn,pl,aux(inf))" his="robust_skip" id="21" infl="pl" lcat="--" lemma="gaan" pos="verb" positie="vrij" postag="WW(inf,vrij,zonder)" pt="ww" rel="--" root="ga" sc="aux(inf)" sense="ga" tense="present" word="gaan" wvorm="inf"/>
    <node begin="14" end="15" frame="punct(punt)" his="robust_skip" id="22" lcat="--" lemma="." pos="punct" postag="LET()" pt="let" rel="--" root="." sense="." special="punt" word="."/>
  </node>
  <sentence sentid="206">Als het langdradige school niet verplicht was , zou ik stoppen met erheen gaan .</sentence>
  <comments>
    <comment>Q#206|Als het langdradige school niet verplicht was , zou ik stoppen met erheen gaan .|1|4|-8.4264995603</comment>
  </comments>
</alpino_ds>
