<?xml version="1.0" encoding="UTF-8"?>
<alpino_ds version="1.15">
  <parser build="Alpino-x86_64-linux-glibc2.5-git1006-sicstus" date="2023-09-07T13:17" cats="1" skips="0" />
  <node begin="0" cat="top" end="10" id="0" rel="top">
    <node begin="5" end="6" frame="punct(komma)" his="normal" his_1="normal" id="1" lcat="punct" lemma="," pos="punct" postag="LET()" pt="let" rel="--" root="," sense="," special="komma" word=","/>
    <node begin="0" cat="smain" end="9" id="2" rel="--">
      <node begin="6" end="7" frame="verb(zijn,pl,aux(inf))" his="normal" his_1="normal" id="3" infl="pl" lcat="smain" lemma="gaan" pos="verb" postag="WW(pv,tgw,mv)" pt="ww" pvagr="mv" pvtijd="tgw" rel="hd" root="ga" sc="aux(inf)" sense="ga" stype="declarative" tense="present" v_per="fir" word="gaan" wvorm="pv"/>
      <node begin="7" case="nom" def="def" end="8" frame="pronoun(nwh,fir,pl,de,nom,def,wkpro)" gen="de" getal="mv" his="normal" his_1="normal" id="4" index="1" lcat="np" lemma="we" naamval="nomin" num="pl" pdtype="pron" per="fir" persoon="1" pos="pron" postag="VNW(pers,pron,nomin,red,1,mv)" pt="vnw" rel="su" rnum="pl" root="we" sense="we" special="wkpro" status="red" vwtype="pers" wh="nwh" word="we"/>
      <node begin="0" cat="inf" end="9" id="5" rel="vc">
        <node begin="0" cat="cp" end="5" id="6" rel="mod">
          <node begin="0" conjtype="onder" end="1" frame="complementizer(als)" his="normal" his_1="decap" his_1_1="normal" id="7" lcat="cp" lemma="als" pos="comp" postag="VG(onder)" pt="vg" rel="cmp" root="als" sc="als" sense="als" word="Als"/>
          <node begin="1" cat="ssub" end="5" id="8" rel="body">
            <node begin="1" end="2" frame="determiner(het,nwh,nmod,pro,nparg,wkpro)" genus="onz" getal="ev" his="normal" his_1="normal" id="9" infl="het" lcat="np" lemma="het" naamval="stan" pdtype="pron" persoon="3" pos="det" postag="VNW(pers,pron,stan,red,3,ev,onz)" pt="vnw" rel="su" rnum="sg" root="het" sense="het" status="red" vwtype="pers" wh="nwh" word="het"/>
            <node aform="base" begin="2" buiging="zonder" end="3" frame="adjective(both(adv))" graad="basis" his="normal" his_1="normal" id="10" infl="both" lcat="ap" lemma="prima" pos="adj" positie="vrij" postag="ADJ(vrij,basis,zonder)" pt="adj" rel="predc" root="prima" sense="prima" vform="adj" word="prima"/>
            <node begin="3" end="4" frame="verb(unacc,sg_is,copula)" his="normal" his_1="normal" id="11" infl="sg_is" lcat="ssub" lemma="zijn" pos="verb" postag="WW(pv,tgw,ev)" pt="ww" pvagr="ev" pvtijd="tgw" rel="hd" root="ben" sc="copula" sense="ben" tense="present" v_per="thi" word="is" wvorm="pv"/>
            <node begin="4" end="5" frame="tmp_adverb" his="normal" his_1="normal" id="12" lcat="advp" lemma="morgen" pos="adv" postag="BW()" pt="bw" rel="mod" root="morgen" sense="morgen" special="tmp" word="morgen"/>
          </node>
        </node>
        <node begin="7" end="8" id="13" index="1" rel="su"/>
        <node begin="8" buiging="zonder" end="9" frame="verb(hebben,inf,intransitive)" his="normal" his_1="normal" id="14" infl="inf" lcat="inf" lemma="picknicken" pos="verb" positie="vrij" postag="WW(inf,vrij,zonder)" pt="ww" rel="hd" root="picknick" sc="intransitive" sense="picknick" word="picknicken" wvorm="inf"/>
      </node>
    </node>
    <node begin="9" end="10" frame="punct(punt)" his="normal" his_1="normal" id="15" lcat="punct" lemma="." pos="punct" postag="LET()" pt="let" rel="--" root="." sense="." special="punt" word="."/>
  </node>
  <sentence sentid="213">Als het prima is morgen , gaan we picknicken .</sentence>
  <comments>
    <comment>Q#213|Als het prima is morgen , gaan we picknicken .|1|1|-7.053824157</comment>
  </comments>
</alpino_ds>
