<?xml version="1.0" encoding="UTF-8"?>
<alpino_ds version="1.15">
  <parser build="Alpino-x86_64-linux-glibc2.5-git1006-sicstus" date="2023-09-07T13:25" cats="1" skips="0" />
  <node begin="0" cat="top" end="9" id="0" rel="top">
    <node begin="0" cat="smain" end="8" id="1" rel="--">
      <node begin="0" cat="np" end="4" id="2" rel="su">
        <node begin="0" buiging="zonder" end="1" frame="determiner(het,nwh,mod)" his="normal" his_1="decap" his_1_1="normal" id="3" infl="het" lcat="detp" lemma="ieder" naamval="stan" npagr="evon" pdtype="det" pos="det" positie="prenom" postag="VNW(onbep,det,stan,prenom,zonder,evon)" pt="vnw" rel="det" root="ieder" sense="ieder" vwtype="onbep" wh="nwh" word="Ieder"/>
        <node aform="base" begin="1" buiging="zonder" end="2" frame="adjective(no_e(adv))" graad="basis" his="normal" his_1="normal" id="4" infl="no_e" lcat="ap" lemma="eerlijk" pos="adj" positie="prenom" postag="ADJ(prenom,basis,zonder)" pt="adj" rel="mod" root="eerlijk" sense="eerlijk" vform="adj" word="eerlijk"/>
        <node begin="2" end="3" frame="noun(het,count,sg)" gen="het" genus="onz" getal="ev" graad="basis" his="normal" his_1="normal" id="5" lcat="np" lemma="woord" naamval="stan" ntype="soort" num="sg" pos="noun" postag="N(soort,ev,basis,onz,stan)" pt="n" rel="hd" rnum="sg" root="woord" sense="woord" word="woord"/>
        <node aform="base" begin="3" buiging="zonder" end="4" frame="adjective(ge_both(adv))" his="normal" his_1="normal" id="6" infl="both" lcat="ppart" lemma="spreken" pos="adj" positie="vrij" postag="WW(vd,vrij,zonder)" pt="ww" rel="mod" root="spreken" sense="spreken" vform="psp" word="gesproken" wvorm="vd"/>
      </node>
      <node begin="4" end="5" frame="verb(hebben,sg3,part_transitive(op))" his="normal" his_1="normal" id="7" infl="sg3" lcat="smain" lemma="op_wekken" pos="verb" postag="WW(pv,tgw,met-t)" pt="ww" pvagr="met-t" pvtijd="tgw" rel="hd" root="wek_op" sc="part_transitive(op)" sense="wek_op" stype="declarative" tense="present" v_per="thi" word="wekt" wvorm="pv"/>
      <node begin="5" cat="np" end="7" id="8" rel="obj1">
        <node begin="5" buiging="zonder" end="6" frame="determiner(pron)" getal="ev" his="normal" his_1="normal" id="9" infl="pron" lcat="detp" lemma="zijn" naamval="stan" npagr="agr" pdtype="det" persoon="3" pos="det" positie="prenom" postag="VNW(bez,det,stan,vol,3,ev,prenom,zonder,agr)" pron="true" pt="vnw" rel="det" root="zijn" sense="zijn" status="vol" vwtype="bez" word="zijn"/>
        <node begin="6" end="7" frame="noun(de,count,sg)" gen="de" genus="zijd" getal="ev" graad="basis" his="normal" his_1="normal" id="10" lcat="np" lemma="tegenspraak" naamval="stan" ntype="soort" num="sg" pos="noun" postag="N(soort,ev,basis,zijd,stan)" pt="n" rel="hd" rnum="sg" root="tegenspraak" sense="tegenspraak" word="tegenspraak"/>
      </node>
      <node begin="7" end="8" frame="particle(op)" his="normal" his_1="normal" id="11" lcat="part" lemma="op" pos="part" postag="VZ(fin)" pt="vz" rel="svp" root="op" sense="op" vztype="fin" word="op"/>
    </node>
    <node begin="8" end="9" frame="punct(punt)" his="normal" his_1="normal" id="12" lcat="punct" lemma="." pos="punct" postag="LET()" pt="let" rel="--" root="." sense="." special="punt" word="."/>
  </node>
  <sentence sentid="2141">Ieder eerlijk woord gesproken wekt zijn tegenspraak op .</sentence>
  <comments>
    <comment>Q#2141|Ieder eerlijk woord gesproken wekt zijn tegenspraak op .|1|1|2.0505131317</comment>
  </comments>
</alpino_ds>
