<?xml version="1.0" encoding="UTF-8"?>
<alpino_ds version="1.15">
  <parser build="Alpino-x86_64-linux-glibc2.5-git1006-sicstus" date="2023-09-07T13:25" cats="1" skips="0" />
  <node begin="0" cat="top" end="9" id="0" rel="top">
    <node begin="0" cat="smain" end="8" id="1" rel="--">
      <node begin="0" cat="np" end="6" id="2" rel="su">
        <node begin="0" buiging="zonder" end="1" frame="determiner(het,nwh,mod)" his="normal" his_1="decap" his_1_1="normal" id="3" infl="het" lcat="detp" lemma="ieder" naamval="stan" npagr="evon" pdtype="det" pos="det" positie="prenom" postag="VNW(onbep,det,stan,prenom,zonder,evon)" pt="vnw" rel="det" root="ieder" sense="ieder" vwtype="onbep" wh="nwh" word="Ieder"/>
        <node aform="base" begin="1" buiging="zonder" end="2" frame="adjective(no_e(adv))" graad="basis" his="normal" his_1="normal" id="4" infl="no_e" lcat="ap" lemma="oud" pos="adj" positie="prenom" postag="ADJ(prenom,basis,zonder)" pt="adj" rel="mod" root="oud" sense="oud" vform="adj" word="oud"/>
        <node begin="2" end="3" frame="noun(het,count,sg)" gen="het" genus="onz" getal="ev" graad="basis" his="normal" his_1="normal" id="5" lcat="np" lemma="lid" naamval="stan" ntype="soort" num="sg" pos="noun" postag="N(soort,ev,basis,onz,stan)" pt="n" rel="hd" rnum="sg" root="lid" sense="lid" word="lid"/>
        <node begin="3" cat="pp" end="6" id="6" rel="mod">
          <node begin="3" end="4" frame="preposition(van,[af,uit,vandaan,[af,aan]])" his="normal" his_1="normal" id="7" lcat="pp" lemma="van" pos="prep" postag="VZ(init)" pt="vz" rel="hd" root="van" sense="van" vztype="init" word="van"/>
          <node begin="4" cat="np" end="6" id="8" rel="obj1">
            <node begin="4" end="5" frame="determiner(het,nwh,nmod,pro,nparg,wkpro)" his="normal" his_1="normal" id="9" infl="het" lcat="detp" lemma="het" lwtype="bep" naamval="stan" npagr="evon" pos="det" postag="LID(bep,stan,evon)" pt="lid" rel="det" root="het" sense="het" wh="nwh" word="het"/>
            <node begin="5" end="6" frame="noun(het,count,sg)" gen="het" genus="onz" getal="ev" graad="basis" his="normal" his_1="normal" id="10" lcat="np" lemma="kabinet" naamval="stan" ntype="soort" num="sg" pos="noun" postag="N(soort,ev,basis,onz,stan)" pt="n" rel="hd" rnum="sg" root="kabinet" sense="kabinet" word="kabinet"/>
          </node>
        </node>
      </node>
      <node begin="6" end="7" frame="verb(unacc,past(sg),copula)" his="normal" his_1="normal" id="11" infl="sg" lcat="smain" lemma="zijn" pos="verb" postag="WW(pv,verl,ev)" pt="ww" pvagr="ev" pvtijd="verl" rel="hd" root="ben" sc="copula" sense="ben" stype="declarative" tense="past" v_per="thi" word="was" wvorm="pv"/>
      <node aform="base" begin="7" buiging="zonder" end="8" frame="adjective(no_e(padv))" graad="basis" his="normal" his_1="normal" id="12" infl="no_e" lcat="ap" lemma="aanwezig" pos="adj" positie="vrij" postag="ADJ(vrij,basis,zonder)" pt="adj" rel="predc" root="aanwezig" sense="aanwezig" vform="adj" word="aanwezig"/>
    </node>
    <node begin="8" end="9" frame="punct(punt)" his="normal" his_1="normal" id="13" lcat="punct" lemma="." pos="punct" postag="LET()" pt="let" rel="--" root="." sense="." special="punt" word="."/>
  </node>
  <sentence sentid="2150">Ieder oud lid van het kabinet was aanwezig .</sentence>
  <comments>
    <comment>Q#2150|Ieder oud lid van het kabinet was aanwezig .|1|1|-4.0663971414</comment>
  </comments>
</alpino_ds>
