<?xml version="1.0" encoding="UTF-8"?>
<alpino_ds version="1.15">
  <parser build="Alpino-x86_64-linux-glibc2.5-git1006-sicstus" date="2023-09-07T13:25" cats="1" skips="0" />
  <node begin="0" cat="top" end="13" id="0" rel="top">
    <node begin="0" cat="conj" end="12" id="1" rel="--">
      <node begin="0" cat="smain" end="8" id="2" rel="cnj">
        <node begin="0" cat="np" end="2" id="3" rel="mod">
          <node begin="0" buiging="met-e" end="1" frame="determiner(elke,nwh,mod)" his="normal" his_1="decap" his_1_1="normal" id="4" infl="elke" lcat="detp" lemma="ieder" naamval="stan" npagr="evz" pdtype="det" pos="det" positie="prenom" postag="VNW(onbep,det,stan,prenom,met-e,evz)" pt="vnw" rel="det" root="ieder" sense="ieder" vwtype="onbep" wh="nwh" word="Iedere"/>
          <node begin="1" end="2" frame="tmp_noun(de,count,sg)" gen="de" genus="zijd" getal="ev" graad="basis" his="normal" his_1="normal" id="5" lcat="np" lemma="dag" naamval="stan" ntype="soort" num="sg" pos="noun" postag="N(soort,ev,basis,zijd,stan)" pt="n" rel="hd" rnum="sg" root="dag" sense="dag" special="tmp" word="dag"/>
        </node>
        <node begin="2" end="3" frame="verb(zijn,past(sg),ld_pp)" his="normal" his_1="normal" id="6" infl="sg" lcat="smain" lemma="gaan" pos="verb" postag="WW(pv,verl,ev)" pt="ww" pvagr="ev" pvtijd="verl" rel="hd" root="ga" sc="ld_pp" sense="ga" stype="declarative" tense="past" v_per="thi" word="ging" wvorm="pv"/>
        <node begin="3" cat="np" end="5" id="7" index="1" rel="su">
          <node begin="3" buiging="zonder" end="4" frame="determiner(de,nwh,nmod,pro,nparg)" his="normal" his_1="normal" id="8" infl="de" lcat="detp" lemma="die" naamval="stan" npagr="rest" pdtype="det" pos="det" positie="prenom" postag="VNW(aanw,det,stan,prenom,zonder,rest)" pt="vnw" rel="det" root="die" sense="die" vwtype="aanw" wh="nwh" word="die"/>
          <node begin="4" end="5" frame="noun(de,count,sg)" gen="de" genus="zijd" getal="ev" graad="basis" his="normal" his_1="normal" id="9" lcat="np" lemma="vrouw" naamval="stan" ntype="soort" num="sg" pos="noun" postag="N(soort,ev,basis,zijd,stan)" pt="n" rel="hd" rnum="sg" root="vrouw" sense="vrouw" word="vrouw"/>
        </node>
        <node begin="5" cat="pp" end="8" id="10" rel="ld">
          <node begin="5" end="6" frame="preposition(naar,[toe])" his="normal" his_1="normal" id="11" lcat="pp" lemma="naar" pos="prep" postag="VZ(init)" pt="vz" rel="hd" root="naar" sense="naar" vztype="init" word="naar"/>
          <node begin="6" cat="np" end="8" id="12" rel="obj1">
            <node begin="6" end="7" frame="determiner(het,nwh,nmod,pro,nparg,wkpro)" his="normal" his_1="normal" id="13" infl="het" lcat="detp" lemma="het" lwtype="bep" naamval="stan" npagr="evon" pos="det" postag="LID(bep,stan,evon)" pt="lid" rel="det" root="het" sense="het" wh="nwh" word="het"/>
            <node begin="7" end="8" frame="noun(het,count,sg)" gen="het" genus="onz" getal="ev" graad="basis" his="normal" his_1="normal" id="14" lcat="np" lemma="strand" naamval="stan" ntype="soort" num="sg" pos="noun" postag="N(soort,ev,basis,onz,stan)" pt="n" rel="hd" rnum="sg" root="strand" sense="strand" word="strand"/>
          </node>
        </node>
      </node>
      <node begin="8" conjtype="neven" end="9" frame="conj(en)" his="normal" his_1="normal" id="15" lcat="vg" lemma="en" pos="vg" postag="VG(neven)" pt="vg" rel="crd" root="en" sense="en" word="en"/>
      <node begin="3" cat="smain" end="12" id="16" rel="cnj">
        <node begin="3" end="5" id="17" index="1" rel="su"/>
        <node begin="9" end="10" frame="verb('hebben/zijn',past(sg),intransitive)" his="normal" his_1="normal" id="18" infl="sg" lcat="smain" lemma="rennen" pos="verb" postag="WW(pv,verl,ev)" pt="ww" pvagr="ev" pvtijd="verl" rel="hd" root="ren" sc="intransitive" sense="ren" tense="past" v_per="thi" word="rende" wvorm="pv"/>
        <node begin="10" cat="np" end="12" id="19" rel="mod">
          <node begin="10" end="11" frame="number(hoofd(pl_num))" his="normal" his_1="number_expression" id="20" infl="pl_num" lcat="detp" lemma="drie" naamval="stan" numtype="hoofd" pos="num" positie="prenom" postag="TW(hoofd,prenom,stan)" pt="tw" rel="det" root="drie" sense="drie" word="drie"/>
          <node begin="11" end="12" frame="meas_mod_noun(de,count,meas)" gen="de" genus="zijd" getal="ev" graad="basis" his="normal" his_1="normal" id="21" lcat="np" lemma="mijl" naamval="stan" ntype="soort" num="meas" pos="noun" postag="N(soort,ev,basis,zijd,stan)" pt="n" rel="hd" rnum="sg" root="mijl" sense="mijl" special="meas_mod" word="mijl"/>
        </node>
      </node>
    </node>
    <node begin="12" end="13" frame="punct(punt)" his="normal" his_1="normal" id="22" lcat="punct" lemma="." pos="punct" postag="LET()" pt="let" rel="--" root="." sense="." special="punt" word="."/>
  </node>
  <sentence sentid="2170">Iedere dag ging die vrouw naar het strand en rende drie mijl .</sentence>
  <comments>
    <comment>Q#2170|Iedere dag ging die vrouw naar het strand en rende drie mijl .|1|1|-4.651938636</comment>
  </comments>
</alpino_ds>
