<?xml version="1.0" encoding="UTF-8"?>
<alpino_ds version="1.15">
  <parser build="Alpino-x86_64-linux-glibc2.5-git1006-sicstus" date="2023-09-07T13:25" cats="1" skips="0" />
  <node begin="0" cat="top" end="10" id="0" rel="top">
    <node begin="0" cat="smain" end="9" id="1" rel="--">
      <node begin="0" cat="np" end="2" id="2" rel="su">
        <node begin="0" buiging="met-e" end="1" frame="determiner(elke,nwh,mod)" his="normal" his_1="decap" his_1_1="normal" id="3" infl="elke" lcat="detp" lemma="ieder" naamval="stan" npagr="evz" pdtype="det" pos="det" positie="prenom" postag="VNW(onbep,det,stan,prenom,met-e,evz)" pt="vnw" rel="det" root="ieder" sense="ieder" vwtype="onbep" wh="nwh" word="Iedere"/>
        <node begin="1" end="2" frame="noun(de,count,sg)" gen="de" genus="zijd" getal="ev" graad="basis" his="normal" his_1="normal" id="4" lcat="np" lemma="hond" naamval="stan" ntype="soort" num="sg" pos="noun" postag="N(soort,ev,basis,zijd,stan)" pt="n" rel="hd" rnum="sg" root="hond" sense="hond" word="hond"/>
      </node>
      <node begin="2" end="3" frame="verb(unacc,sg_is,copula)" his="normal" his_1="normal" id="5" infl="sg_is" lcat="smain" lemma="zijn" pos="verb" postag="WW(pv,tgw,ev)" pt="ww" pvagr="ev" pvtijd="tgw" rel="hd" root="ben" sc="copula" sense="ben" stype="declarative" tense="present" v_per="thi" word="is" wvorm="pv"/>
      <node begin="3" cat="conj" end="9" id="6" rel="predc">
        <node begin="3" cat="np" end="5" id="7" rel="cnj">
          <node begin="3" end="4" frame="determiner(een)" his="normal" his_1="normal" id="8" infl="een" lcat="detp" lemma="een" lwtype="onbep" naamval="stan" npagr="agr" pos="det" postag="LID(onbep,stan,agr)" pt="lid" rel="det" root="een" sense="een" word="een"/>
          <node begin="4" end="5" frame="noun(de,count,sg)" gen="de" genus="zijd" getal="ev" graad="basis" his="normal" his_1="normal" id="9" lcat="np" lemma="leeuw" naamval="stan" ntype="soort" num="sg" pos="noun" postag="N(soort,ev,basis,zijd,stan)" pt="n" rel="hd" rnum="sg" root="leeuw" sense="leeuw" word="leeuw"/>
        </node>
        <node begin="5" conjtype="neven" end="6" frame="conj(en)" his="normal" his_1="normal" id="10" lcat="vg" lemma="en" pos="vg" postag="VG(neven)" pt="vg" rel="crd" root="en" sense="en" word="en"/>
        <node begin="6" cat="np" end="9" id="11" rel="cnj">
          <node begin="6" end="7" frame="determiner(een)" his="normal" his_1="normal" id="12" infl="een" lcat="detp" lemma="een" lwtype="onbep" naamval="stan" npagr="agr" pos="det" postag="LID(onbep,stan,agr)" pt="lid" rel="det" root="een" sense="een" word="een"/>
          <node begin="7" end="8" frame="noun(de,count,sg)" gen="de" genus="zijd" getal="ev" graad="basis" his="normal" his_1="normal" id="13" lcat="np" lemma="bewaker" naamval="stan" ntype="soort" num="sg" pos="noun" postag="N(soort,ev,basis,zijd,stan)" pt="n" rel="hd" rnum="sg" root="bewaker" sense="bewaker" word="bewaker"/>
          <node begin="8" end="9" frame="loc_adverb" his="normal" his_1="normal" id="14" lcat="advp" lemma="thuis" pos="adv" postag="BW()" pt="bw" rel="mod" root="thuis" sense="thuis" special="loc" word="thuis"/>
        </node>
      </node>
    </node>
    <node begin="9" end="10" frame="punct(punt)" his="normal" his_1="normal" id="15" lcat="punct" lemma="." pos="punct" postag="LET()" pt="let" rel="--" root="." sense="." special="punt" word="."/>
  </node>
  <sentence sentid="2186">Iedere hond is een leeuw en een bewaker thuis .</sentence>
  <comments>
    <comment>Q#2186|Iedere hond is een leeuw en een bewaker thuis .|1|1|-3.315951423700001</comment>
  </comments>
</alpino_ds>
