<?xml version="1.0" encoding="UTF-8"?>
<alpino_ds version="1.15">
  <parser build="Alpino-x86_64-linux-glibc2.5-git1006-sicstus" date="2023-09-07T13:25" cats="1" skips="0" />
  <node begin="0" cat="top" end="9" id="0" rel="top">
    <node begin="0" cat="smain" end="8" id="1" rel="--">
      <node begin="0" cat="conj" end="6" id="2" rel="su">
        <node begin="0" cat="np" end="2" id="3" rel="cnj">
          <node begin="0" buiging="met-e" end="1" frame="determiner(elke,nwh,mod)" his="normal" his_1="decap" his_1_1="normal" id="4" infl="elke" lcat="detp" lemma="ieder" naamval="stan" npagr="evz" pdtype="det" pos="det" positie="prenom" postag="VNW(onbep,det,stan,prenom,met-e,evz)" pt="vnw" rel="det" root="ieder" sense="ieder" vwtype="onbep" wh="nwh" word="Iedere"/>
          <node begin="1" end="2" frame="noun(de,count,sg)" gen="de" genus="zijd" getal="ev" graad="basis" his="normal" his_1="normal" id="5" lcat="np" lemma="jongen" naamval="stan" ntype="soort" num="sg" pos="noun" postag="N(soort,ev,basis,zijd,stan)" pt="n" rel="hd" rnum="sg" root="jongen" sense="jongen" word="jongen"/>
        </node>
        <node begin="2" conjtype="neven" end="3" frame="conj(en)" his="normal" his_1="normal" id="6" lcat="vg" lemma="en" pos="vg" postag="VG(neven)" pt="vg" rel="crd" root="en" sense="en" word="en"/>
        <node begin="3" cat="np" end="6" id="7" rel="cnj">
          <node begin="3" buiging="zonder" end="4" frame="determiner(het,nwh,mod)" his="normal" his_1="normal" id="8" infl="het" lcat="detp" lemma="ieder" naamval="stan" npagr="evon" pdtype="det" pos="det" positie="prenom" postag="VNW(onbep,det,stan,prenom,zonder,evon)" pt="vnw" rel="det" root="ieder" sense="ieder" vwtype="onbep" wh="nwh" word="ieder"/>
          <node aform="base" begin="4" buiging="zonder" end="5" frame="adjective(no_e(adv))" graad="basis" his="normal" his_1="normal" id="9" infl="no_e" lcat="ap" lemma="klein" pos="adj" positie="prenom" postag="ADJ(prenom,basis,zonder)" pt="adj" rel="mod" root="klein" sense="klein" vform="adj" word="klein"/>
          <node begin="5" end="6" frame="noun(het,count,sg)" gen="het" genus="onz" getal="ev" graad="dim" his="normal" his_1="normal" id="10" lcat="np" lemma="meisje" naamval="stan" ntype="soort" num="sg" pos="noun" postag="N(soort,ev,dim,onz,stan)" pt="n" rel="hd" rnum="sg" root="meisje" sense="meisje" word="meisje"/>
        </node>
      </node>
      <node begin="6" end="7" frame="verb(unacc,past(sg),copula)" his="normal" his_1="normal" id="11" infl="sg" lcat="smain" lemma="zijn" pos="verb" postag="WW(pv,verl,ev)" pt="ww" pvagr="ev" pvtijd="verl" rel="hd" root="ben" sc="copula" sense="ben" stype="declarative" tense="past" v_per="thi" word="was" wvorm="pv"/>
      <node aform="base" begin="7" buiging="zonder" end="8" frame="adjective(no_e(adv))" graad="basis" his="normal" his_1="normal" id="12" infl="no_e" lcat="ap" lemma="verheugd" pos="adj" positie="vrij" postag="ADJ(vrij,basis,zonder)" pt="adj" rel="predc" root="verheugd" sense="verheugd" vform="adj" word="verheugd"/>
    </node>
    <node begin="8" end="9" frame="punct(punt)" his="normal" his_1="normal" id="13" lcat="punct" lemma="." pos="punct" postag="LET()" pt="let" rel="--" root="." sense="." special="punt" word="."/>
  </node>
  <sentence sentid="2189">Iedere jongen en ieder klein meisje was verheugd .</sentence>
  <comments>
    <comment>Q#2189|Iedere jongen en ieder klein meisje was verheugd .|1|1|-4.187929573299999</comment>
  </comments>
</alpino_ds>
