<?xml version="1.0" encoding="UTF-8"?>
<alpino_ds version="1.15">
  <parser build="Alpino-x86_64-linux-glibc2.5-git1006-sicstus" date="2023-09-07T13:25" cats="1" skips="0" />
  <node begin="0" cat="top" end="9" id="0" rel="top">
    <node begin="0" cat="smain" end="8" id="1" rel="--">
      <node begin="0" cat="np" end="7" id="2" rel="su">
        <node begin="0" buiging="met-e" end="1" frame="determiner(elke,nwh,mod)" his="normal" his_1="decap" his_1_1="normal" id="3" infl="elke" lcat="detp" lemma="ieder" naamval="stan" npagr="evz" pdtype="det" pos="det" positie="prenom" postag="VNW(onbep,det,stan,prenom,met-e,evz)" pt="vnw" rel="det" root="ieder" sense="ieder" vwtype="onbep" wh="nwh" word="Iedere"/>
        <node begin="1" end="2" frame="noun(de,count,sg)" gen="de" genus="zijd" getal="ev" graad="basis" his="normal" his_1="normal" id="4" lcat="np" lemma="kok" naamval="stan" ntype="soort" num="sg" pos="noun" postag="N(soort,ev,basis,zijd,stan)" pt="n" rel="hd" rnum="sg" root="kok" sense="kok" word="kok"/>
        <node begin="2" cat="rel" end="7" id="5" rel="mod">
          <node begin="2" case="no_obl" end="3" frame="rel_pronoun(de,no_obl)" gen="de" getal="getal" his="normal" his_1="normal" id="6" index="1" lcat="np" lemma="die" naamval="stan" pdtype="pron" persoon="persoon" pos="pron" postag="VNW(betr,pron,stan,vol,persoon,getal)" pt="vnw" rel="rhd" rnum="sg" root="die" sense="die" status="vol" vwtype="betr" wh="rel" word="die"/>
          <node begin="2" cat="ssub" end="7" id="7" rel="body">
            <node begin="2" end="3" id="8" index="1" rel="su"/>
            <node begin="3" cat="np" end="6" id="9" rel="predc">
              <node begin="3" buiging="zonder" end="4" frame="determiner(geen,nwh,mod,pro,yparg,nwkpro,geen)" his="normal" his_1="normal" id="10" infl="geen" lcat="detp" lemma="geen" naamval="stan" npagr="agr" pdtype="det" pos="det" positie="prenom" postag="VNW(onbep,det,stan,prenom,zonder,agr)" pt="vnw" rel="det" root="geen" sense="geen" vwtype="onbep" wh="nwh" word="geen"/>
              <node aform="base" begin="4" buiging="met-e" end="5" frame="adjective(e)" graad="basis" his="normal" his_1="normal" id="11" infl="e" lcat="ap" lemma="lang" naamval="stan" pos="adj" positie="prenom" postag="ADJ(prenom,basis,met-e,stan)" pt="adj" rel="mod" root="lang" sense="lang" vform="adj" word="lange"/>
              <node begin="5" end="6" frame="noun(de,count,bare_meas)" gen="de" genus="zijd" getal="ev" graad="basis" his="normal" his_1="normal" id="12" lcat="np" lemma="man" naamval="stan" ntype="soort" num="bare_meas" pos="noun" postag="N(soort,ev,basis,zijd,stan)" pt="n" rel="hd" rnum="sg" root="man" sense="man" word="man"/>
            </node>
            <node begin="6" end="7" frame="verb(unacc,sg_is,copula)" his="normal" his_1="normal" id="13" infl="sg_is" lcat="ssub" lemma="zijn" pos="verb" postag="WW(pv,tgw,ev)" pt="ww" pvagr="ev" pvtijd="tgw" rel="hd" root="ben" sc="copula" sense="ben" tense="present" v_per="thi" word="is" wvorm="pv"/>
          </node>
        </node>
      </node>
      <node begin="7" end="8" frame="verb('hebben/zijn',past(sg),intransitive)" his="normal" his_1="normal" id="14" infl="sg" lcat="smain" lemma="rennen" pos="verb" postag="WW(pv,verl,ev)" pt="ww" pvagr="ev" pvtijd="verl" rel="hd" root="ren" sc="intransitive" sense="ren" stype="declarative" tense="past" v_per="thi" word="rende" wvorm="pv"/>
    </node>
    <node begin="8" end="9" frame="punct(punt)" his="normal" his_1="normal" id="15" lcat="punct" lemma="." pos="punct" postag="LET()" pt="let" rel="--" root="." sense="." special="punt" word="."/>
  </node>
  <sentence sentid="2196">Iedere kok die geen lange man is rende .</sentence>
  <comments>
    <comment>Q#2196|Iedere kok die geen lange man is rende .|1|1|-4.198500026700001</comment>
  </comments>
</alpino_ds>
