<?xml version="1.0" encoding="UTF-8"?>
<alpino_ds version="1.15">
  <parser build="Alpino-x86_64-linux-glibc2.5-git1006-sicstus" date="2023-09-07T13:25" cats="1" skips="0" />
  <node begin="0" cat="top" end="6" id="0" rel="top">
    <node begin="0" cat="conj" end="5" id="1" rel="--">
      <node begin="0" cat="smain" end="3" id="2" rel="cnj">
        <node begin="0" cat="np" end="2" id="3" index="1" rel="su">
          <node begin="0" buiging="met-e" end="1" frame="determiner(elke,nwh,mod)" his="normal" his_1="decap" his_1_1="normal" id="4" infl="elke" lcat="detp" lemma="ieder" naamval="stan" npagr="evz" pdtype="det" pos="det" positie="prenom" postag="VNW(onbep,det,stan,prenom,met-e,evz)" pt="vnw" rel="det" root="ieder" sense="ieder" vwtype="onbep" wh="nwh" word="Iedere"/>
          <node begin="1" end="2" frame="noun(de,count,bare_meas)" gen="de" genus="zijd" getal="ev" graad="basis" his="normal" his_1="normal" id="5" lcat="np" lemma="man" naamval="stan" ntype="soort" num="bare_meas" pos="noun" postag="N(soort,ev,basis,zijd,stan)" pt="n" rel="hd" rnum="sg" root="man" sense="man" word="man"/>
        </node>
        <node begin="2" end="3" frame="verb(hebben,past(sg),intransitive)" his="normal" his_1="normal" id="6" infl="sg" lcat="smain" lemma="zingen" pos="verb" postag="WW(pv,verl,ev)" pt="ww" pvagr="ev" pvtijd="verl" rel="hd" root="zing" sc="intransitive" sense="zing" tense="past" v_per="thi" word="zong" wvorm="pv"/>
      </node>
      <node begin="3" conjtype="neven" end="4" frame="conj(of)" his="normal" his_1="normal" id="7" lcat="vg" lemma="of" pos="vg" postag="VG(neven)" pt="vg" rel="crd" root="of" sense="of" word="of"/>
      <node begin="0" cat="ssub" end="5" id="8" rel="cnj">
        <node begin="0" end="2" id="9" index="1" rel="su"/>
        <node begin="4" end="5" frame="verb(hebben,past(sg),intransitive)" his="normal" his_1="normal" id="10" infl="sg" lcat="ssub" lemma="dansen" pos="verb" postag="WW(pv,verl,ev)" pt="ww" pvagr="ev" pvtijd="verl" rel="hd" root="dans" sc="intransitive" sense="dans" tense="past" v_per="thi" word="danste" wvorm="pv"/>
      </node>
    </node>
    <node begin="5" end="6" frame="punct(punt)" his="normal" his_1="normal" id="11" lcat="punct" lemma="." pos="punct" postag="LET()" pt="let" rel="--" root="." sense="." special="punt" word="."/>
  </node>
  <sentence sentid="2211">Iedere man zong of danste .</sentence>
  <comments>
    <comment>Q#2211|Iedere man zong of danste .|1|1|-2.6968688232</comment>
  </comments>
</alpino_ds>
