<?xml version="1.0" encoding="UTF-8"?>
<alpino_ds version="1.15">
  <parser build="Alpino-x86_64-linux-glibc2.5-git1006-sicstus" date="2023-09-07T13:25" cats="1" skips="0" />
  <node begin="0" cat="top" end="12" id="0" rel="top">
    <node begin="0" cat="smain" end="11" id="1" rel="--">
      <node begin="0" cat="np" end="3" id="2" index="1" rel="su">
        <node begin="0" buiging="met-e" end="1" frame="determiner(elke,nwh,mod)" his="normal" his_1="decap" his_1_1="normal" id="3" infl="elke" lcat="detp" lemma="ieder" naamval="stan" npagr="evz" pdtype="det" pos="det" positie="prenom" postag="VNW(onbep,det,stan,prenom,met-e,evz)" pt="vnw" rel="det" root="ieder" sense="ieder" vwtype="onbep" wh="nwh" word="Iedere"/>
        <node aform="base" begin="1" buiging="met-e" end="2" frame="adjective(e)" graad="basis" his="normal" his_1="normal" id="4" infl="e" lcat="ap" lemma="wijs" naamval="stan" pos="adj" positie="prenom" postag="ADJ(prenom,basis,met-e,stan)" pt="adj" rel="mod" root="wijs" sense="wijs" vform="adj" word="wijze"/>
        <node begin="2" end="3" frame="noun(de,count,bare_meas)" gen="de" genus="zijd" getal="ev" graad="basis" his="normal" his_1="normal" id="5" lcat="np" lemma="man" naamval="stan" ntype="soort" num="bare_meas" pos="noun" postag="N(soort,ev,basis,zijd,stan)" pt="n" rel="hd" rnum="sg" root="man" sense="man" word="man"/>
      </node>
      <node begin="3" end="4" frame="verb(hebben,sg_heeft,aux_psp_hebben)" his="normal" his_1="normal" id="6" infl="sg_heeft" lcat="smain" lemma="hebben" pos="verb" postag="WW(pv,tgw,met-t)" pt="ww" pvagr="met-t" pvtijd="tgw" rel="hd" root="heb" sc="aux_psp_hebben" sense="heb" stype="declarative" tense="present" v_per="thi" word="heeft" wvorm="pv"/>
      <node begin="0" cat="ppart" end="11" id="7" rel="vc">
        <node begin="0" end="3" id="8" index="1" rel="su"/>
        <node begin="6" buiging="zonder" end="7" frame="verb(hebben,psp,transitive_ndev_ndev)" his="normal" his_1="normal" id="9" infl="psp" lcat="ppart" lemma="zien" pos="verb" positie="vrij" postag="WW(vd,vrij,zonder)" pt="ww" rel="hd" root="zie" sc="transitive_ndev_ndev" sense="zie" word="gezien" wvorm="vd"/>
        <node begin="4" cat="np" end="11" id="10" rel="obj1">
          <node begin="4" end="5" frame="determiner(de)" his="normal" his_1="normal" id="11" infl="de" lcat="detp" lemma="de" lwtype="bep" naamval="stan" npagr="rest" pos="det" postag="LID(bep,stan,rest)" pt="lid" rel="det" root="de" sense="de" word="de"/>
          <node begin="5" end="6" frame="noun(de,count,pl)" gen="de" getal="mv" graad="basis" his="normal" his_1="normal" id="12" lcat="np" lemma="muur" ntype="soort" num="pl" pos="noun" postag="N(soort,mv,basis)" pt="n" rel="hd" rnum="pl" root="muur" sense="muur" word="muren"/>
          <node begin="7" cat="rel" end="11" id="13" rel="mod">
            <node begin="7" case="no_obl" end="8" frame="rel_pronoun(de,no_obl)" gen="de" getal="getal" his="normal" his_1="normal" id="14" index="2" lcat="np" lemma="die" naamval="stan" pdtype="pron" persoon="persoon" pos="pron" postag="VNW(betr,pron,stan,vol,persoon,getal)" pt="vnw" rel="rhd" rnum="pl" root="die" sense="die" status="vol" vwtype="betr" wh="rel" word="die"/>
            <node begin="7" cat="ssub" end="11" id="15" rel="body">
              <node begin="7" end="8" id="16" index="2" rel="su"/>
              <node begin="8" cat="np" end="10" id="17" rel="obj1">
                <node begin="8" buiging="zonder" end="9" frame="determiner(pron)" getal="ev" his="normal" his_1="normal" id="18" infl="pron" lcat="detp" lemma="zijn" naamval="stan" npagr="agr" pdtype="det" persoon="3" pos="det" positie="prenom" postag="VNW(bez,det,stan,vol,3,ev,prenom,zonder,agr)" pron="true" pt="vnw" rel="det" root="zijn" sense="zijn" status="vol" vwtype="bez" word="zijn"/>
                <node begin="9" end="10" frame="noun(de,count,sg)" gen="de" genus="zijd" getal="ev" graad="basis" his="normal" his_1="normal" id="19" lcat="np" lemma="geest" naamval="stan" ntype="soort" num="sg" pos="noun" postag="N(soort,ev,basis,zijd,stan)" pt="n" rel="hd" rnum="sg" root="geest" sense="geest" word="geest"/>
              </node>
              <node begin="10" end="11" frame="verb(hebben,pl,transitive)" his="normal" his_1="normal" id="20" infl="pl" lcat="ssub" lemma="beperken" pos="verb" postag="WW(pv,tgw,mv)" pt="ww" pvagr="mv" pvtijd="tgw" rel="hd" root="beperk" sc="transitive" sense="beperk" tense="present" v_per="thi" word="beperken" wvorm="pv"/>
            </node>
          </node>
        </node>
      </node>
    </node>
    <node begin="11" end="12" frame="punct(punt)" his="normal" his_1="normal" id="21" lcat="punct" lemma="." pos="punct" postag="LET()" pt="let" rel="--" root="." sense="." special="punt" word="."/>
  </node>
  <sentence sentid="2255">Iedere wijze man heeft de muren gezien die zijn geest beperken .</sentence>
  <comments>
    <comment>Q#2255|Iedere wijze man heeft de muren gezien die zijn geest beperken .|1|1|-5.360010377300001</comment>
  </comments>
</alpino_ds>
