<?xml version="1.0" encoding="UTF-8"?>
<alpino_ds version="1.15">
  <parser build="Alpino-x86_64-linux-glibc2.5-git1006-sicstus" date="2023-09-07T13:25" cats="1" skips="0" />
  <node begin="0" cat="top" end="8" id="0" rel="top">
    <node begin="0" cat="smain" end="7" id="1" rel="--">
      <node begin="0" cat="np" end="6" id="2" rel="su">
        <node begin="0" case="both" def="def" end="1" frame="pronoun(nwh,thi,sg,de,both,def,strpro)" gen="de" getal="ev" his="normal" his_1="decap" his_1_1="normal" id="3" lcat="np" lemma="iedereen" naamval="stan" num="sg" pdtype="pron" per="thi" persoon="3p" pos="pron" postag="VNW(onbep,pron,stan,vol,3p,ev)" pt="vnw" rel="hd" rnum="sg" root="iedereen" sense="iedereen" special="strpro" status="vol" vwtype="onbep" wh="nwh" word="Iedereen"/>
        <node begin="1" cat="cp" end="6" id="4" rel="mod">
          <node begin="1" conjtype="onder" end="2" frame="complementizer(np)" his="normal" his_1="normal" id="5" lcat="cp" lemma="behalve" pos="comp" postag="VG(onder)" pt="vg" rel="cmp" root="behalve" sc="np" sense="behalve" word="behalve"/>
          <node begin="2" cat="conj" end="6" id="6" rel="body">
            <node begin="2" end="3" frame="proper_name(sg,'PER')" genus="zijd" getal="ev" graad="basis" his="normal" his_1="names_dictionary" id="7" lcat="np" lemma="Jim" naamval="stan" neclass="PER" ntype="eigen" num="sg" pos="name" postag="N(eigen,ev,basis,zijd,stan)" pt="n" rel="cnj" rnum="sg" root="Jim" sense="Jim" word="Jim"/>
            <node begin="3" conjtype="neven" end="4" frame="conj(en)" his="normal" his_1="normal" id="8" lcat="vg" lemma="en" pos="vg" postag="VG(neven)" pt="vg" rel="crd" root="en" sense="en" word="en"/>
            <node begin="4" cat="np" end="6" id="9" rel="cnj">
              <node begin="4" buiging="zonder" end="5" frame="determiner(pron)" getal="ev" his="normal" his_1="normal" id="10" infl="pron" lcat="detp" lemma="zijn" naamval="stan" npagr="agr" pdtype="det" persoon="3" pos="det" positie="prenom" postag="VNW(bez,det,stan,vol,3,ev,prenom,zonder,agr)" pron="true" pt="vnw" rel="det" root="zijn" sense="zijn" status="vol" vwtype="bez" word="zijn"/>
              <node begin="5" end="6" frame="noun(de,count,sg)" gen="de" genus="zijd" getal="ev" graad="basis" his="normal" his_1="normal" id="11" lcat="np" lemma="vrouw" naamval="stan" ntype="soort" num="sg" pos="noun" postag="N(soort,ev,basis,zijd,stan)" pt="n" rel="hd" rnum="sg" root="vrouw" sense="vrouw" word="vrouw"/>
            </node>
          </node>
        </node>
      </node>
      <node begin="6" end="7" frame="verb(unacc,past(sg),intransitive)" his="normal" his_1="normal" id="12" infl="sg" lcat="smain" lemma="komen" pos="verb" postag="WW(pv,verl,ev)" pt="ww" pvagr="ev" pvtijd="verl" rel="hd" root="kom" sc="intransitive" sense="kom" stype="declarative" tense="past" v_per="thi" word="kwam" wvorm="pv"/>
    </node>
    <node begin="7" end="8" frame="punct(punt)" his="normal" his_1="normal" id="13" lcat="punct" lemma="." pos="punct" postag="LET()" pt="let" rel="--" root="." sense="." special="punt" word="."/>
  </node>
  <sentence sentid="2262">Iedereen behalve Jim en zijn vrouw kwam .</sentence>
  <comments>
    <comment>Q#2262|Iedereen behalve Jim en zijn vrouw kwam .|1|1|-0.6105832940000002</comment>
  </comments>
</alpino_ds>
