<?xml version="1.0" encoding="UTF-8"?>
<alpino_ds version="1.15">
  <parser build="Alpino-x86_64-linux-glibc2.5-git1006-sicstus" date="2023-09-07T13:25" cats="1" skips="0" />
  <node begin="0" cat="top" end="8" id="0" rel="top">
    <node begin="0" cat="smain" end="7" id="1" rel="--">
      <node begin="0" cat="np" end="3" id="2" rel="su">
        <node begin="0" case="both" def="def" end="1" frame="pronoun(nwh,thi,sg,de,both,def,strpro)" gen="de" getal="ev" his="normal" his_1="decap" his_1_1="normal" id="3" lcat="np" lemma="iedereen" naamval="stan" num="sg" pdtype="pron" per="thi" persoon="3p" pos="pron" postag="VNW(onbep,pron,stan,vol,3p,ev)" pt="vnw" rel="hd" rnum="sg" root="iedereen" sense="iedereen" special="strpro" status="vol" vwtype="onbep" wh="nwh" word="Iedereen"/>
        <node begin="1" cat="cp" end="3" id="4" rel="mod">
          <node begin="1" conjtype="onder" end="2" frame="complementizer(np)" his="normal" his_1="normal" id="5" lcat="cp" lemma="behalve" pos="comp" postag="VG(onder)" pt="vg" rel="cmp" root="behalve" sc="np" sense="behalve" word="behalve"/>
          <node begin="2" end="3" frame="proper_name(sg,'PER')" genus="zijd" getal="ev" graad="basis" his="normal" his_1="names_dictionary" id="6" lcat="np" lemma="Tom" naamval="stan" neclass="PER" ntype="eigen" num="sg" pos="name" postag="N(eigen,ev,basis,zijd,stan)" pt="n" rel="body" rnum="sg" root="Tom" sense="Tom" word="Tom"/>
        </node>
      </node>
      <node begin="3" end="4" frame="verb(hebben,past(sg),transitive)" his="normal" his_1="normal" id="7" infl="sg" lcat="smain" lemma="dragen" pos="verb" postag="WW(pv,verl,ev)" pt="ww" pvagr="ev" pvtijd="verl" rel="hd" root="draag" sc="transitive" sense="draag" stype="declarative" tense="past" v_per="thi" word="droeg" wvorm="pv"/>
      <node begin="4" cat="np" end="7" id="8" rel="obj1">
        <node begin="4" end="5" frame="determiner(een)" his="normal" his_1="normal" id="9" infl="een" lcat="detp" lemma="een" lwtype="onbep" naamval="stan" npagr="agr" pos="det" postag="LID(onbep,stan,agr)" pt="lid" rel="det" root="een" sense="een" word="een"/>
        <node aform="base" begin="5" buiging="met-e" end="6" frame="adjective(e)" graad="basis" his="normal" his_1="normal" id="10" infl="e" lcat="ap" lemma="rood" naamval="stan" pos="adj" positie="prenom" postag="ADJ(prenom,basis,met-e,stan)" pt="adj" rel="mod" root="rood" sense="rood" vform="adj" word="rode"/>
        <node begin="6" end="7" frame="noun(de,count,sg)" gen="de" genus="zijd" getal="ev" graad="basis" his="normal" his_1="normal" id="11" lcat="np" lemma="stropdas" naamval="stan" ntype="soort" num="sg" pos="noun" postag="N(soort,ev,basis,zijd,stan)" pt="n" rel="hd" rnum="sg" root="stropdas" sense="stropdas" word="stropdas"/>
      </node>
    </node>
    <node begin="7" end="8" frame="punct(punt)" his="normal" his_1="normal" id="12" lcat="punct" lemma="." pos="punct" postag="LET()" pt="let" rel="--" root="." sense="." special="punt" word="."/>
  </node>
  <sentence sentid="2266">Iedereen behalve Tom droeg een rode stropdas .</sentence>
  <comments>
    <comment>Q#2266|Iedereen behalve Tom droeg een rode stropdas .|1|1|-4.6995040401</comment>
  </comments>
</alpino_ds>
