<?xml version="1.0" encoding="UTF-8"?>
<alpino_ds version="1.15">
  <parser build="Alpino-x86_64-linux-glibc2.5-git1006-sicstus" date="2023-09-07T13:25" cats="1" skips="0" />
  <node begin="0" cat="top" end="7" id="0" rel="top">
    <node begin="0" cat="smain" end="6" id="1" rel="--">
      <node begin="0" case="nom" def="def" end="1" frame="pronoun(nwh,fir,sg,de,nom,def)" gen="de" getal="ev" his="normal" his_1="decap" his_1_1="normal" id="2" lcat="np" lemma="ik" naamval="nomin" num="sg" pdtype="pron" per="fir" persoon="1" pos="pron" postag="VNW(pers,pron,nomin,vol,1,ev)" pt="vnw" rel="su" rnum="sg" root="ik" sense="ik" status="vol" vwtype="pers" wh="nwh" word="Ik"/>
      <node begin="1" end="2" frame="verb(unacc,sg1,copula)" his="normal" his_1="normal" id="3" infl="sg1" lcat="smain" lemma="zijn" pos="verb" postag="WW(pv,tgw,ev)" pt="ww" pvagr="ev" pvtijd="tgw" rel="hd" root="ben" sc="copula" sense="ben" stype="declarative" tense="present" v_per="fir" word="ben" wvorm="pv"/>
      <node begin="2" cat="mwu" end="4" his="normal" his_1="variant" his_1_1="variant21" his_1_1_1="allesbehalve" his_1_1_2="alles" his_1_1_3="behalve" his_1_2="normal" id="4" rel="mod">
        <node begin="2" end="3" frame="adverb" getal="ev" id="5" lcat="advp" lemma="alles" naamval="stan" pdtype="pron" persoon="3o" pos="adv" postag="VNW(onbep,pron,stan,vol,3o,ev)" pt="vnw" rel="mwp" root="alles" sense="alles" status="vol" vwtype="onbep" word="alles"/>
        <node begin="3" conjtype="onder" end="4" frame="adverb" id="6" lcat="advp" lemma="behalve" pos="adv" postag="VG(onder)" pt="vg" rel="mwp" root="behalve" sense="behalve" word="behalve"/>
      </node>
      <node begin="4" cat="np" end="6" id="7" rel="predc">
        <node begin="4" end="5" frame="determiner(een)" his="normal" his_1="normal" id="8" infl="een" lcat="detp" lemma="een" lwtype="onbep" naamval="stan" npagr="agr" pos="det" postag="LID(onbep,stan,agr)" pt="lid" rel="det" root="een" sense="een" word="een"/>
        <node begin="5" end="6" frame="noun(de,count,sg)" gen="de" genus="zijd" getal="ev" graad="basis" his="normal" his_1="normal" id="9" lcat="np" lemma="dief" naamval="stan" ntype="soort" num="sg" pos="noun" postag="N(soort,ev,basis,zijd,stan)" pt="n" rel="hd" rnum="sg" root="dief" sense="dief" word="dief"/>
      </node>
    </node>
    <node begin="6" end="7" frame="punct(punt)" his="normal" his_1="normal" id="10" lcat="punct" lemma="." pos="punct" postag="LET()" pt="let" rel="--" root="." sense="." special="punt" word="."/>
  </node>
  <sentence sentid="2286">Ik ben alles behalve een dief .</sentence>
  <comments>
    <comment>Q#2286|Ik ben alles behalve een dief .|1|1|-5.768742014100001</comment>
  </comments>
</alpino_ds>
