<?xml version="1.0" encoding="UTF-8"?>
<alpino_ds version="1.15">
  <parser build="Alpino-x86_64-linux-glibc2.5-git1006-sicstus" date="2023-09-07T13:25" cats="1" skips="0" />
  <node begin="0" cat="top" end="5" id="0" rel="top">
    <node begin="0" cat="smain" end="4" id="1" rel="--">
      <node begin="0" case="nom" def="def" end="1" frame="pronoun(nwh,fir,sg,de,nom,def)" gen="de" getal="ev" his="normal" his_1="decap" his_1_1="normal" id="2" lcat="np" lemma="ik" naamval="nomin" num="sg" pdtype="pron" per="fir" persoon="1" pos="pron" postag="VNW(pers,pron,nomin,vol,1,ev)" pt="vnw" rel="su" rnum="sg" root="ik" sense="ik" status="vol" vwtype="pers" wh="nwh" word="Ik"/>
      <node begin="1" end="2" frame="verb(unacc,sg1,copula)" his="normal" his_1="normal" id="3" infl="sg1" lcat="smain" lemma="zijn" pos="verb" postag="WW(pv,tgw,ev)" pt="ww" pvagr="ev" pvtijd="tgw" rel="hd" root="ben" sc="copula" sense="ben" stype="declarative" tense="present" v_per="fir" word="ben" wvorm="pv"/>
      <node begin="2" cat="np" end="4" id="4" rel="predc">
        <node begin="2" end="3" frame="determiner(een)" his="normal" his_1="normal" id="5" infl="een" lcat="detp" lemma="een" lwtype="onbep" naamval="stan" npagr="agr" pos="det" postag="LID(onbep,stan,agr)" pt="lid" rel="det" root="een" sense="een" word="een"/>
        <node begin="3" end="4" frame="noun(de,count,sg)" gen="de" genus="zijd" getal="ev" graad="basis" his="normal" his_1="normal" id="6" lcat="np" lemma="hond" naamval="stan" ntype="soort" num="sg" pos="noun" postag="N(soort,ev,basis,zijd,stan)" pt="n" rel="hd" rnum="sg" root="hond" sense="hond" word="hond"/>
      </node>
    </node>
    <node begin="4" end="5" frame="punct(uitroep)" his="normal" his_1="normal" id="7" lcat="punct" lemma="!" pos="punct" postag="LET()" pt="let" rel="--" root="!" sense="!" special="uitroep" word="!"/>
  </node>
  <sentence sentid="2289">Ik ben een hond !</sentence>
  <comments>
    <comment>Q#2289|Ik ben een hond !|1|1|-5.3326261621999995</comment>
  </comments>
</alpino_ds>
