<?xml version="1.0" encoding="UTF-8"?>
<alpino_ds version="1.15">
  <parser build="Alpino-x86_64-linux-glibc2.5-git1006-sicstus" date="2023-09-07T13:25" cats="1" skips="0" />
  <node begin="0" cat="top" end="11" id="0" rel="top">
    <node begin="0" cat="smain" end="10" id="1" rel="--">
      <node begin="0" case="nom" def="def" end="1" frame="pronoun(nwh,fir,sg,de,nom,def)" gen="de" getal="ev" his="normal" his_1="decap" his_1_1="normal" id="2" lcat="np" lemma="ik" naamval="nomin" num="sg" pdtype="pron" per="fir" persoon="1" pos="pron" postag="VNW(pers,pron,nomin,vol,1,ev)" pt="vnw" rel="su" rnum="sg" root="ik" sense="ik" status="vol" vwtype="pers" wh="nwh" word="Ik"/>
      <node begin="1" end="2" frame="verb(unacc,sg1,ld_pp)" his="normal" his_1="normal" id="3" infl="sg1" lcat="smain" lemma="zijn" pos="verb" postag="WW(pv,tgw,ev)" pt="ww" pvagr="ev" pvtijd="tgw" rel="hd" root="ben" sc="ld_pp" sense="ben" stype="declarative" tense="present" v_per="fir" word="ben" wvorm="pv"/>
      <node begin="2" cat="pp" end="10" id="4" rel="ld">
        <node begin="2" end="3" frame="preposition(in,[])" his="normal" his_1="normal" id="5" lcat="pp" lemma="in" pos="prep" postag="VZ(init)" pt="vz" rel="hd" root="in" sense="in" vztype="init" word="in"/>
        <node begin="3" cat="np" end="10" id="6" rel="obj1">
          <node begin="3" buiging="zonder" end="4" frame="determiner(geen,nwh,mod,pro,yparg,nwkpro,geen)" his="normal" his_1="normal" id="7" infl="geen" lcat="detp" lemma="geen" naamval="stan" npagr="agr" pdtype="det" pos="det" positie="prenom" postag="VNW(onbep,det,stan,prenom,zonder,agr)" pt="vnw" rel="det" root="geen" sense="geen" vwtype="onbep" wh="nwh" word="geen"/>
          <node aform="base" begin="4" buiging="met-e" end="5" frame="adjective(e)" graad="basis" his="normal" his_1="normal" id="8" infl="e" lcat="ap" lemma="correct" naamval="stan" pos="adj" positie="prenom" postag="ADJ(prenom,basis,met-e,stan)" pt="adj" rel="mod" root="correct" sense="correct" vform="adj" word="correcte"/>
          <node begin="5" end="6" frame="noun(de,count,sg,vp)" gen="de" genus="zijd" getal="ev" graad="basis" his="normal" his_1="normal" id="9" lcat="np" lemma="positie" naamval="stan" ntype="soort" num="sg" pos="noun" postag="N(soort,ev,basis,zijd,stan)" pt="n" rel="hd" rnum="sg" root="positie" sc="vp" sense="positie" word="positie"/>
          <node begin="6" cat="oti" end="10" id="10" rel="vc">
            <node begin="6" end="7" frame="complementizer(om)" his="normal" his_1="normal" id="11" lcat="oti" lemma="om" pos="comp" postag="VZ(init)" pt="vz" rel="cmp" root="om" sc="om" sense="om" vztype="init" word="om"/>
            <node begin="7" cat="ti" end="10" id="12" rel="body">
              <node begin="8" end="9" frame="complementizer(te)" his="normal" his_1="normal" id="13" lcat="ti" lemma="te" pos="comp" postag="VZ(init)" pt="vz" rel="cmp" root="te" sc="te" sense="te" vztype="init" word="te"/>
              <node begin="7" cat="inf" end="10" id="14" rel="body">
                <node begin="7" case="dat_acc" def="def" end="8" frame="pronoun(nwh,je,sg,de,dat_acc,def)" gen="de" getal="ev" his="normal" his_1="normal" id="15" lcat="np" lemma="jou" naamval="obl" num="sg" pdtype="pron" per="je" persoon="2v" pos="pron" postag="VNW(pers,pron,obl,vol,2v,ev)" pt="vnw" rel="obj1" rnum="sg" root="jou" sense="jou" status="vol" vwtype="pers" wh="nwh" word="jou"/>
                <node begin="9" buiging="zonder" end="10" frame="verb(hebben,inf,transitive_ndev)" his="normal" his_1="normal" id="16" infl="inf" lcat="inf" lemma="helpen" pos="verb" positie="vrij" postag="WW(inf,vrij,zonder)" pt="ww" rel="hd" root="help" sc="transitive_ndev" sense="help" word="helpen" wvorm="inf"/>
              </node>
            </node>
          </node>
        </node>
      </node>
    </node>
    <node begin="10" end="11" frame="punct(punt)" his="normal" his_1="normal" id="17" lcat="punct" lemma="." pos="punct" postag="LET()" pt="let" rel="--" root="." sense="." special="punt" word="."/>
  </node>
  <sentence sentid="2302">Ik ben in geen correcte positie om jou te helpen .</sentence>
  <comments>
    <comment>Q#2302|Ik ben in geen correcte positie om jou te helpen .|1|1|-7.5519494655</comment>
  </comments>
</alpino_ds>
