<?xml version="1.0" encoding="UTF-8"?>
<alpino_ds version="1.15">
  <parser build="Alpino-x86_64-linux-glibc2.5-git1006-sicstus" date="2023-09-07T13:25" cats="1" skips="0" />
  <node begin="0" cat="top" end="13" id="0" rel="top">
    <node begin="7" end="8" frame="punct(komma)" his="normal" his_1="normal" id="1" lcat="punct" lemma="," pos="punct" postag="LET()" pt="let" rel="--" root="," sense="," special="komma" word=","/>
    <node begin="0" cat="du" end="12" id="2" rel="--">
      <node begin="0" cat="smain" end="7" id="3" rel="nucl">
        <node begin="0" case="nom" def="def" end="1" frame="pronoun(nwh,fir,sg,de,nom,def)" gen="de" getal="ev" his="normal" his_1="decap" his_1_1="normal" id="4" index="1" lcat="np" lemma="ik" naamval="nomin" num="sg" pdtype="pron" per="fir" persoon="1" pos="pron" postag="VNW(pers,pron,nomin,vol,1,ev)" pt="vnw" rel="su" rnum="sg" root="ik" sense="ik" status="vol" vwtype="pers" wh="nwh" word="Ik"/>
        <node begin="1" end="2" frame="verb(unacc,sg1,aux_psp_zijn)" his="normal" his_1="normal" id="5" infl="sg1" lcat="smain" lemma="zijn" pos="verb" postag="WW(pv,tgw,ev)" pt="ww" pvagr="ev" pvtijd="tgw" rel="hd" root="ben" sc="aux_psp_zijn" sense="ben" stype="declarative" tense="present" v_per="fir" word="ben" wvorm="pv"/>
        <node begin="0" cat="ppart" end="7" id="6" rel="vc">
          <node begin="0" end="1" id="7" index="1" rel="su"/>
          <node begin="2" cat="advp" end="4" id="8" rel="mod">
            <node begin="2" end="3" frame="modal_adverb" his="normal" his_1="normal" id="9" lcat="advp" lemma="nog" pos="adv" postag="BW()" pt="bw" rel="mod" root="nog" sc="modal" sense="nog" word="nog"/>
            <node begin="3" end="4" frame="tmp_adverb" his="normal" his_1="normal" id="10" lcat="advp" lemma="nooit" pos="adv" postag="BW()" pt="bw" rel="hd" root="nooit" sense="nooit" special="tmp" word="nooit"/>
          </node>
          <node begin="4" cat="pp" end="6" id="11" rel="ld">
            <node begin="4" end="5" frame="preposition(in,[])" his="normal" his_1="normal" id="12" lcat="pp" lemma="in" pos="prep" postag="VZ(init)" pt="vz" rel="hd" root="in" sense="in" vztype="init" word="in"/>
            <node begin="5" end="6" frame="proper_name(sg,'LOC')" genus="onz" getal="ev" graad="basis" his="normal" his_1="names_dictionary" id="13" lcat="np" lemma="parijs" naamval="stan" neclass="LOC" ntype="eigen" num="sg" pos="name" postag="N(eigen,ev,basis,onz,stan)" pt="n" rel="obj1" rnum="sg" root="parijs" sense="parijs" word="parijs"/>
          </node>
          <node begin="6" buiging="zonder" end="7" frame="verb(unacc,psp,ld_pp)" his="normal" his_1="normal" id="14" infl="psp" lcat="ppart" lemma="zijn" pos="verb" positie="vrij" postag="WW(vd,vrij,zonder)" pt="ww" rel="hd" root="ben" sc="ld_pp" sense="ben" word="geweest" wvorm="vd"/>
        </node>
      </node>
      <node begin="8" cat="np" end="12" id="15" rel="sat">
        <node begin="8" end="9" frame="determiner(de)" his="normal" his_1="normal" id="16" infl="de" lcat="detp" lemma="de" lwtype="bep" naamval="stan" npagr="rest" pos="det" postag="LID(bep,stan,rest)" pt="lid" rel="det" root="de" sense="de" word="de"/>
        <node begin="9" end="10" frame="noun(de,count,sg)" gen="de" genus="zijd" getal="ev" graad="basis" his="normal" his_1="normal" id="17" lcat="np" lemma="hoofdstad" naamval="stan" ntype="soort" num="sg" pos="noun" postag="N(soort,ev,basis,zijd,stan)" pt="n" rel="hd" rnum="sg" root="hoofdstad" sense="hoofdstad" word="hoofdstad"/>
        <node begin="10" cat="pp" end="12" id="18" rel="mod">
          <node begin="10" end="11" frame="preposition(van,[af,uit,vandaan,[af,aan]])" his="normal" his_1="normal" id="19" lcat="pp" lemma="van" pos="prep" postag="VZ(init)" pt="vz" rel="hd" root="van" sense="van" vztype="init" word="van"/>
          <node begin="11" end="12" frame="proper_name(sg,'LOC')" genus="onz" getal="ev" graad="basis" his="cap" id="20" lcat="np" lemma="Frankrijk" naamval="stan" neclass="LOC" ntype="eigen" num="sg" pos="name" postag="N(eigen,ev,basis,onz,stan)" pt="n" rel="obj1" rnum="sg" root="Frankrijk" sense="Frankrijk" word="frankrijk"/>
        </node>
      </node>
    </node>
    <node begin="12" end="13" frame="punct(punt)" his="normal" his_1="normal" id="21" lcat="punct" lemma="." pos="punct" postag="LET()" pt="let" rel="--" root="." sense="." special="punt" word="."/>
  </node>
  <sentence sentid="2305">Ik ben nog nooit in parijs geweest , de hoofdstad van frankrijk .</sentence>
  <comments>
    <comment>Q#2305|Ik ben nog nooit in parijs geweest , de hoofdstad van frankrijk .|1|1|-7.658459746800002</comment>
  </comments>
</alpino_ds>
