<?xml version="1.0" encoding="UTF-8"?>
<alpino_ds version="1.15">
  <parser build="Alpino-x86_64-linux-glibc2.5-git1006-sicstus" date="2023-09-07T13:25" cats="1" skips="0" />
  <node begin="0" cat="top" end="8" id="0" rel="top">
    <node begin="0" cat="smain" end="7" id="1" rel="--">
      <node begin="0" case="nom" def="def" end="1" frame="pronoun(nwh,fir,sg,de,nom,def)" gen="de" getal="ev" his="normal" his_1="decap" his_1_1="normal" id="2" index="1" lcat="np" lemma="ik" naamval="nomin" num="sg" pdtype="pron" per="fir" persoon="1" pos="pron" postag="VNW(pers,pron,nomin,vol,1,ev)" pt="vnw" rel="su" rnum="sg" root="ik" sense="ik" status="vol" vwtype="pers" wh="nwh" word="Ik"/>
      <node begin="1" end="2" frame="verb(unacc,sg1,aux_psp_zijn)" his="normal" his_1="normal" id="3" infl="sg1" lcat="smain" lemma="zijn" pos="verb" postag="WW(pv,tgw,ev)" pt="ww" pvagr="ev" pvtijd="tgw" rel="hd" root="ben" sc="aux_psp_zijn" sense="ben" stype="declarative" tense="present" v_per="fir" word="ben" wvorm="pv"/>
      <node begin="0" cat="ppart" end="7" id="4" rel="vc">
        <node begin="0" end="1" id="5" index="1" rel="su"/>
        <node begin="2" cat="advp" end="4" id="6" rel="mod">
          <node begin="2" end="3" frame="modal_adverb" his="normal" his_1="normal" id="7" lcat="advp" lemma="nog" pos="adv" postag="BW()" pt="bw" rel="mod" root="nog" sc="modal" sense="nog" word="nog"/>
          <node begin="3" end="4" frame="tmp_adverb" his="normal" his_1="normal" id="8" lcat="advp" lemma="nooit" pos="adv" postag="BW()" pt="bw" rel="hd" root="nooit" sense="nooit" special="tmp" word="nooit"/>
        </node>
        <node begin="4" cat="pp" end="6" id="9" rel="ld">
          <node begin="4" end="5" frame="preposition(in,[])" his="normal" his_1="normal" id="10" lcat="pp" lemma="in" pos="prep" postag="VZ(init)" pt="vz" rel="hd" root="in" sense="in" vztype="init" word="in"/>
          <node begin="5" end="6" frame="proper_name(sg,'LOC')" genus="onz" getal="ev" graad="basis" his="normal" his_1="names_dictionary" id="11" lcat="np" lemma="parijs" naamval="stan" neclass="LOC" ntype="eigen" num="sg" pos="name" postag="N(eigen,ev,basis,onz,stan)" pt="n" rel="obj1" rnum="sg" root="parijs" sense="parijs" word="parijs"/>
        </node>
        <node begin="6" buiging="zonder" end="7" frame="verb(unacc,psp,ld_pp)" his="normal" his_1="normal" id="12" infl="psp" lcat="ppart" lemma="zijn" pos="verb" positie="vrij" postag="WW(vd,vrij,zonder)" pt="ww" rel="hd" root="ben" sc="ld_pp" sense="ben" word="geweest" wvorm="vd"/>
      </node>
    </node>
    <node begin="7" end="8" frame="punct(punt)" his="normal" his_1="normal" id="13" lcat="punct" lemma="." pos="punct" postag="LET()" pt="let" rel="--" root="." sense="." special="punt" word="."/>
  </node>
  <sentence sentid="2306">Ik ben nog nooit in parijs geweest .</sentence>
  <comments>
    <comment>Q#2306|Ik ben nog nooit in parijs geweest .|1|1|-8.139518538299999</comment>
  </comments>
</alpino_ds>
