<?xml version="1.0" encoding="UTF-8"?>
<alpino_ds version="1.15">
  <parser build="Alpino-x86_64-linux-glibc2.5-git1006-sicstus" date="2023-09-07T13:25" cats="1" skips="0" />
  <node begin="0" cat="top" end="7" id="0" rel="top">
    <node begin="0" cat="smain" end="6" id="1" rel="--">
      <node begin="0" case="nom" def="def" end="1" frame="pronoun(nwh,fir,sg,de,nom,def)" gen="de" getal="ev" his="normal" his_1="decap" his_1_1="normal" id="2" lcat="np" lemma="ik" naamval="nomin" num="sg" pdtype="pron" per="fir" persoon="1" pos="pron" postag="VNW(pers,pron,nomin,vol,1,ev)" pt="vnw" rel="su" rnum="sg" root="ik" sense="ik" status="vol" vwtype="pers" wh="nwh" word="Ik"/>
      <node begin="1" end="2" frame="verb(unacc,sg1,copula)" his="normal" his_1="normal" id="3" infl="sg1" lcat="smain" lemma="zijn" pos="verb" postag="WW(pv,tgw,ev)" pt="ww" pvagr="ev" pvtijd="tgw" rel="hd" root="ben" sc="copula" sense="ben" stype="declarative" tense="present" v_per="fir" word="ben" wvorm="pv"/>
      <node aform="base" begin="2" buiging="zonder" end="3" frame="adjective(no_e(adv))" graad="basis" his="normal" his_1="normal" id="4" infl="no_e" lcat="ap" lemma="serieus" pos="adj" positie="vrij" postag="ADJ(vrij,basis,zonder)" pt="adj" rel="mod" root="serieus" sense="serieus" vform="adj" word="serieus"/>
      <node begin="3" cat="advp" end="5" id="5" rel="mod">
        <node begin="3" end="4" frame="modal_adverb(adv_comp_prep)" his="normal" his_1="normal" id="6" lcat="advp" lemma="helemaal" pos="adv" postag="BW()" pt="bw" rel="mod" root="helemaal" sc="adv_comp_prep" sense="helemaal" word="helemaal"/>
        <node begin="4" end="5" frame="adverb" his="normal" his_1="normal" id="7" lcat="advp" lemma="niet" pos="adv" postag="BW()" pt="bw" rel="hd" root="niet" sense="niet" word="niet"/>
      </node>
      <node aform="base" begin="5" buiging="zonder" end="6" frame="adjective(no_e(adv))" graad="basis" his="normal" his_1="normal" id="8" infl="no_e" lcat="ap" lemma="nerveus" pos="adj" positie="vrij" postag="ADJ(vrij,basis,zonder)" pt="adj" rel="predc" root="nerveus" sense="nerveus" vform="adj" word="nerveus"/>
    </node>
    <node begin="6" end="7" frame="punct(punt)" his="normal" his_1="normal" id="9" lcat="punct" lemma="." pos="punct" postag="LET()" pt="let" rel="--" root="." sense="." special="punt" word="."/>
  </node>
  <sentence sentid="2310">Ik ben serieus helemaal niet nerveus .</sentence>
  <comments>
    <comment>Q#2310|Ik ben serieus helemaal niet nerveus .|1|1|-5.3697270988</comment>
  </comments>
</alpino_ds>
