<?xml version="1.0" encoding="UTF-8"?>
<alpino_ds version="1.15">
  <parser build="Alpino-x86_64-linux-glibc2.5-git1006-sicstus" date="2023-09-07T13:25" cats="1" skips="0" />
  <node begin="0" cat="top" end="14" id="0" rel="top">
    <node begin="0" cat="smain" end="13" id="1" rel="--">
      <node begin="0" case="nom" def="def" end="1" frame="pronoun(nwh,fir,sg,de,nom,def)" gen="de" getal="ev" his="normal" his_1="decap" his_1_1="normal" id="2" lcat="np" lemma="ik" naamval="nomin" num="sg" pdtype="pron" per="fir" persoon="1" pos="pron" postag="VNW(pers,pron,nomin,vol,1,ev)" pt="vnw" rel="su" rnum="sg" root="ik" sense="ik" status="vol" vwtype="pers" wh="nwh" word="Ik"/>
      <node begin="1" end="2" frame="verb(hebben,sg1,tr_sbar)" his="normal" his_1="normal" id="3" infl="sg1" lcat="smain" lemma="denken" pos="verb" postag="WW(pv,tgw,ev)" pt="ww" pvagr="ev" pvtijd="tgw" rel="hd" root="denk" sc="tr_sbar" sense="denk" stype="declarative" tense="present" v_per="fir" word="denk" wvorm="pv"/>
      <node begin="2" cat="cp" end="13" id="4" rel="vc">
        <node begin="2" conjtype="onder" end="3" frame="complementizer(dat)" his="normal" his_1="normal" id="5" lcat="cp" lemma="dat" pos="comp" postag="VG(onder)" pt="vg" rel="cmp" root="dat" sc="dat" sense="dat" word="dat"/>
        <node begin="3" cat="ssub" end="13" id="6" rel="body">
          <node begin="3" cat="np" end="7" id="7" rel="su">
            <node begin="3" end="4" frame="determiner(de)" his="normal" his_1="normal" id="8" infl="de" lcat="detp" lemma="de" lwtype="bep" naamval="stan" npagr="rest" pos="det" postag="LID(bep,stan,rest)" pt="lid" rel="det" root="de" sense="de" word="de"/>
            <node aform="super" begin="4" buiging="met-e" end="5" frame="adjective(ste)" graad="sup" his="normal" his_1="normal" id="9" infl="e" lcat="ap" lemma="veel" naamval="stan" npagr="agr" pdtype="grad" pos="adj" positie="prenom" postag="VNW(onbep,grad,stan,prenom,met-e,agr,sup)" pt="vnw" rel="mod" root="veel" sense="veel" vform="adj" vwtype="onbep" word="meeste"/>
            <node aform="base" begin="5" buiging="met-e" end="6" frame="adjective(e)" graad="basis" his="normal" his_1="normal" id="10" infl="e" lcat="ap" lemma="jong" naamval="stan" pos="adj" positie="prenom" postag="ADJ(prenom,basis,met-e,stan)" pt="adj" rel="mod" root="jong" sense="jong" vform="adj" word="jonge"/>
            <node begin="6" end="7" frame="noun(both,count,pl)" gen="both" getal="mv" graad="basis" his="normal" his_1="normal" id="11" lcat="np" lemma="mens" ntype="soort" num="pl" pos="noun" postag="N(soort,mv,basis)" pt="n" rel="hd" rnum="pl" root="mens" sense="mens" word="mensen"/>
          </node>
          <node begin="7" cat="mwu" end="9" his="normal" his_1="het Asuper" his_1_1="normal" id="12" rel="mod">
            <node aform="super" begin="7" end="8" frame="adjective(het_st(adv))" id="13" infl="pred" lcat="ap" lemma="het" lwtype="bep" naamval="stan" npagr="evon" pos="adj" postag="LID(bep,stan,evon)" pt="lid" rel="mwp" root="het" sense="het" vform="adj" word="het"/>
            <node aform="super" begin="8" buiging="zonder" end="9" frame="adjective(het_st(adv))" graad="sup" id="14" infl="pred" lcat="ap" lemma="lief" pos="adj" positie="vrij" postag="ADJ(vrij,sup,zonder)" pt="adj" rel="mwp" root="lief" sense="lief" vform="adj" word="liefst"/>
          </node>
          <node begin="9" cat="pp" end="12" id="15" rel="pc">
            <node begin="9" end="10" frame="preposition(naar,[toe])" his="normal" his_1="normal" id="16" lcat="pp" lemma="naar" pos="prep" postag="VZ(init)" pt="vz" rel="hd" root="naar" sense="naar" vztype="init" word="naar"/>
            <node begin="10" cat="np" end="12" id="17" rel="obj1">
              <node aform="base" begin="10" buiging="zonder" end="11" frame="adjective(prefix)" graad="basis" his="normal" his_1="normal" id="18" infl="prefix" lcat="ap" lemma="rock" pos="adj" positie="prenom" postag="ADJ(prenom,basis,zonder)" pt="adj" rel="mod" root="rock" sense="rock" vform="adj" word="rock"/>
              <node begin="11" end="12" frame="noun(de,mass,sg)" gen="de" genus="zijd" getal="ev" graad="basis" his="normal" his_1="normal" id="19" lcat="np" lemma="muziek" naamval="stan" ntype="soort" num="sg" pos="noun" postag="N(soort,ev,basis,zijd,stan)" pt="n" rel="hd" rnum="sg" root="muziek" sense="muziek" word="muziek"/>
            </node>
          </node>
          <node begin="12" end="13" frame="verb(hebben,pl,pc_pp(naar))" his="normal" his_1="normal" id="20" infl="pl" lcat="ssub" lemma="luisteren" pos="verb" postag="WW(pv,tgw,mv)" pt="ww" pvagr="mv" pvtijd="tgw" rel="hd" root="luister" sc="pc_pp(naar)" sense="luister-naar" tense="present" v_per="thi" word="luisteren" wvorm="pv"/>
        </node>
      </node>
    </node>
    <node begin="13" end="14" frame="punct(punt)" his="normal" his_1="normal" id="21" lcat="punct" lemma="." pos="punct" postag="LET()" pt="let" rel="--" root="." sense="." special="punt" word="."/>
  </node>
  <sentence sentid="2318">Ik denk dat de meeste jonge mensen het liefst naar rock muziek luisteren .</sentence>
  <comments>
    <comment>Q#2318|Ik denk dat de meeste jonge mensen het liefst naar rock muziek luisteren .|1|1|-13.1560751303</comment>
  </comments>
</alpino_ds>
