<?xml version="1.0" encoding="UTF-8"?>
<alpino_ds version="1.15">
  <parser build="Alpino-x86_64-linux-glibc2.5-git1006-sicstus" date="2023-09-07T13:25" cats="1" skips="0" />
  <node begin="0" cat="top" end="11" id="0" rel="top">
    <node begin="0" cat="smain" end="10" id="1" rel="--">
      <node begin="0" case="nom" def="def" end="1" frame="pronoun(nwh,fir,sg,de,nom,def)" gen="de" getal="ev" his="normal" his_1="decap" his_1_1="normal" id="2" lcat="np" lemma="ik" naamval="nomin" num="sg" pdtype="pron" per="fir" persoon="1" pos="pron" postag="VNW(pers,pron,nomin,vol,1,ev)" pt="vnw" rel="su" rnum="sg" root="ik" sense="ik" status="vol" vwtype="pers" wh="nwh" word="Ik"/>
      <node begin="1" end="2" frame="verb(hebben,sg1,transitive_ndev)" his="normal" his_1="normal" id="3" infl="sg1" lcat="smain" lemma="doen" pos="verb" postag="WW(pv,tgw,ev)" pt="ww" pvagr="ev" pvtijd="tgw" rel="hd" root="doe" sc="transitive_ndev" sense="doe" stype="declarative" tense="present" v_per="fir" word="doe" wvorm="pv"/>
      <node begin="2" cat="np" end="6" id="4" rel="obj1">
        <node begin="2" end="3" frame="determiner(wat,nwh,mod,pro,nparg,ntopicpro)" getal="ev" his="normal" his_1="normal" id="5" infl="wat" lcat="detp" lemma="wat" naamval="stan" pdtype="pron" persoon="3o" pos="det" postag="VNW(onbep,pron,stan,vol,3o,ev)" pt="vnw" rel="det" root="wat" sense="wat" status="vol" vwtype="onbep" wh="nwh" word="wat"/>
        <node begin="3" end="4" frame="noun(het,count,sg)" gen="het" genus="onz" getal="ev" graad="basis" his="compound" his_1="2" id="6" lcat="np" lemma="boekhouding_werk" naamval="stan" ntype="soort" num="sg" pos="noun" postag="N(soort,ev,basis,onz,stan)" pt="n" rel="hd" rnum="sg" root="boekhouding_werk" sense="boekhouding_werk" word="boekhoudingwerk"/>
        <node begin="4" cat="pp" end="6" id="7" rel="mod">
          <node begin="4" end="5" frame="preposition(voor,[aan,door,uit,[in,de,plaats]])" his="normal" his_1="normal" id="8" lcat="pp" lemma="voor" pos="prep" postag="VZ(init)" pt="vz" rel="hd" root="voor" sense="voor" vztype="init" word="voor"/>
          <node begin="5" end="6" frame="proper_name(sg,'PER')" genus="zijd" getal="ev" graad="basis" his="normal" his_1="names_dictionary" id="9" lcat="np" lemma="Tom" naamval="stan" neclass="PER" ntype="eigen" num="sg" pos="name" postag="N(eigen,ev,basis,zijd,stan)" pt="n" rel="obj1" rnum="sg" root="Tom" sense="Tom" word="Tom"/>
        </node>
      </node>
      <node begin="6" cat="pp" end="8" id="10" rel="mod">
        <node begin="6" end="7" frame="preposition(van,[af,uit,vandaan,[af,aan]])" his="normal" his_1="normal" id="11" lcat="pp" lemma="van" pos="prep" postag="VZ(init)" pt="vz" rel="hd" root="van" sense="van" vztype="init" word="van"/>
        <node begin="7" end="8" frame="tmp_noun(de,count,sg)" gen="de" genus="zijd" getal="ev" graad="basis" his="normal" his_1="normal" id="12" lcat="np" lemma="tijd" naamval="stan" ntype="soort" num="sg" pos="noun" postag="N(soort,ev,basis,zijd,stan)" pt="n" rel="obj1" rnum="sg" root="tijd" sense="tijd" special="tmp" word="tijd"/>
      </node>
      <node begin="8" cat="pp" end="10" id="13" rel="mod">
        <node begin="8" end="9" frame="preposition(tot,[toe,[aan,toe]])" his="normal" his_1="normal" id="14" lcat="pp" lemma="tot" pos="prep" postag="VZ(init)" pt="vz" rel="hd" root="tot" sense="tot" vztype="init" word="tot"/>
        <node begin="9" end="10" frame="tmp_noun(de,count,sg)" gen="de" genus="zijd" getal="ev" graad="basis" his="normal" his_1="normal" id="15" lcat="np" lemma="tijd" naamval="stan" ntype="soort" num="sg" pos="noun" postag="N(soort,ev,basis,zijd,stan)" pt="n" rel="obj1" rnum="sg" root="tijd" sense="tijd" special="tmp" word="tijd"/>
      </node>
    </node>
    <node begin="10" end="11" frame="punct(punt)" his="normal" his_1="normal" id="16" lcat="punct" lemma="." pos="punct" postag="LET()" pt="let" rel="--" root="." sense="." special="punt" word="."/>
  </node>
  <sentence sentid="2330">Ik doe wat boekhoudingwerk voor Tom van tijd tot tijd .</sentence>
  <comments>
    <comment>Q#2330|Ik doe wat boekhoudingwerk voor Tom van tijd tot tijd .|1|1|-3.8471698339000016</comment>
  </comments>
</alpino_ds>
