<?xml version="1.0" encoding="UTF-8"?>
<alpino_ds version="1.15">
  <parser build="Alpino-x86_64-linux-glibc2.5-git1006-sicstus" date="2023-09-07T13:25" cats="1" skips="0" />
  <node begin="0" cat="top" end="7" id="0" rel="top">
    <node begin="0" cat="smain" end="6" id="1" rel="--">
      <node begin="0" case="nom" def="def" end="1" frame="pronoun(nwh,fir,sg,de,nom,def)" gen="de" getal="ev" his="normal" his_1="decap" his_1_1="normal" id="2" lcat="np" lemma="ik" naamval="nomin" num="sg" pdtype="pron" per="fir" persoon="1" pos="pron" postag="VNW(pers,pron,nomin,vol,1,ev)" pt="vnw" rel="su" rnum="sg" root="ik" sense="ik" status="vol" vwtype="pers" wh="nwh" word="Ik"/>
      <node begin="1" end="2" frame="verb(hebben,sg1,transitive)" his="normal" his_1="normal" id="3" infl="sg1" lcat="smain" lemma="dragen" pos="verb" postag="WW(pv,tgw,ev)" pt="ww" pvagr="ev" pvtijd="tgw" rel="hd" root="draag" sc="transitive" sense="draag" stype="declarative" tense="present" v_per="fir" word="draag" wvorm="pv"/>
      <node aform="base" begin="2" buiging="zonder" end="3" frame="adjective(no_e(adv))" graad="basis" his="normal" his_1="normal" id="4" infl="no_e" lcat="ap" lemma="gewoonlijk" pos="adj" positie="vrij" postag="ADJ(vrij,basis,zonder)" pt="adj" rel="mod" root="gewoonlijk" sense="gewoonlijk" vform="adj" word="gewoonlijk"/>
      <node begin="3" cat="np" end="6" id="5" rel="obj1">
        <node begin="3" buiging="zonder" end="4" frame="determiner(geen,nwh,mod,pro,yparg,nwkpro,geen)" his="normal" his_1="normal" id="6" infl="geen" lcat="detp" lemma="geen" naamval="stan" npagr="agr" pdtype="det" pos="det" positie="prenom" postag="VNW(onbep,det,stan,prenom,zonder,agr)" pt="vnw" rel="det" root="geen" sense="geen" vwtype="onbep" wh="nwh" word="geen"/>
        <node aform="base" begin="4" buiging="zonder" end="5" frame="adjective(no_e(adv))" graad="basis" his="normal" his_1="normal" id="7" infl="no_e" lcat="ap" lemma="digitaal" pos="adj" positie="prenom" postag="ADJ(prenom,basis,zonder)" pt="adj" rel="mod" root="digitaal" sense="digitaal" vform="adj" word="digitaal"/>
        <node begin="5" end="6" frame="noun(het,count,sg)" gen="het" genus="onz" getal="ev" graad="basis" his="normal" his_1="normal" id="8" lcat="np" lemma="horloge" naamval="stan" ntype="soort" num="sg" pos="noun" postag="N(soort,ev,basis,onz,stan)" pt="n" rel="hd" rnum="sg" root="horloge" sense="horloge" word="horloge"/>
      </node>
    </node>
    <node begin="6" end="7" frame="punct(punt)" his="normal" his_1="normal" id="9" lcat="punct" lemma="." pos="punct" postag="LET()" pt="let" rel="--" root="." sense="." special="punt" word="."/>
  </node>
  <sentence sentid="2335">Ik draag gewoonlijk geen digitaal horloge .</sentence>
  <comments>
    <comment>Q#2335|Ik draag gewoonlijk geen digitaal horloge .|1|1|-5.7300806062</comment>
  </comments>
</alpino_ds>
