<?xml version="1.0" encoding="UTF-8"?>
<alpino_ds version="1.15">
  <parser build="Alpino-x86_64-linux-glibc2.5-git1006-sicstus" date="2023-09-07T13:25" cats="1" skips="0" />
  <node begin="0" cat="top" end="8" id="0" rel="top">
    <node begin="0" cat="smain" end="7" id="1" rel="--">
      <node begin="0" case="nom" def="def" end="1" frame="pronoun(nwh,fir,sg,de,nom,def)" gen="de" getal="ev" his="normal" his_1="decap" his_1_1="normal" id="2" lcat="np" lemma="ik" naamval="nomin" num="sg" pdtype="pron" per="fir" persoon="1" pos="pron" postag="VNW(pers,pron,nomin,vol,1,ev)" pt="vnw" rel="su" rnum="sg" root="ik" sense="ik" status="vol" vwtype="pers" wh="nwh" word="Ik"/>
      <node begin="1" end="2" frame="verb(hebben,sg1,transitive)" his="normal" his_1="normal" id="3" infl="sg1" lcat="smain" lemma="dragen" pos="verb" postag="WW(pv,tgw,ev)" pt="ww" pvagr="ev" pvtijd="tgw" rel="hd" root="draag" sc="transitive" sense="draag" stype="declarative" tense="present" v_per="fir" word="draag" wvorm="pv"/>
      <node begin="2" cat="advp" end="4" his="normal" his_1="normal" id="4" rel="mod">
        <node begin="2" end="3" frame="adverb" id="5" lcat="advp" lemma="niet" pos="adv" postag="BW()" pt="bw" rel="mod" root="niet" sense="niet" word="niet"/>
        <node begin="3" end="4" frame="adverb" id="6" lcat="advp" lemma="graag" pos="adv" postag="BW()" pt="bw" rel="hd" root="graag" sense="graag" word="graag"/>
      </node>
      <node begin="4" end="5" frame="noun(de,count,pl)" gen="de" getal="mv" graad="basis" his="normal" his_1="normal" id="7" lcat="np" lemma="sport_schoen" ntype="soort" num="pl" pos="noun" postag="N(soort,mv,basis)" pt="n" rel="obj1" rnum="pl" root="sport_schoen" sense="sport_schoen" word="sportschoenen"/>
      <node begin="5" cat="pp" end="7" id="8" rel="mod">
        <node begin="5" end="6" frame="preposition(zonder,[])" his="normal" his_1="normal" id="9" lcat="pp" lemma="zonder" pos="prep" postag="VZ(init)" pt="vz" rel="hd" root="zonder" sense="zonder" vztype="init" word="zonder"/>
        <node begin="6" end="7" frame="noun(de,count,pl)" gen="de" getal="mv" graad="basis" his="normal" his_1="normal" id="10" lcat="np" lemma="sok" ntype="soort" num="pl" pos="noun" postag="N(soort,mv,basis)" pt="n" rel="obj1" rnum="pl" root="sok" sense="sok" word="sokken"/>
      </node>
    </node>
    <node begin="7" end="8" frame="punct(punt)" his="normal" his_1="normal" id="11" lcat="punct" lemma="." pos="punct" postag="LET()" pt="let" rel="--" root="." sense="." special="punt" word="."/>
  </node>
  <sentence sentid="2339">Ik draag niet graag sportschoenen zonder sokken .</sentence>
  <comments>
    <comment>Q#2339|Ik draag niet graag sportschoenen zonder sokken .|1|1|-4.8328353264</comment>
  </comments>
</alpino_ds>
