<?xml version="1.0" encoding="UTF-8"?>
<alpino_ds version="1.15">
  <parser build="Alpino-x86_64-linux-glibc2.5-git1006-sicstus" date="2023-09-07T13:18" cats="1" skips="0" />
  <node begin="0" cat="top" end="17" id="0" rel="top">
    <node begin="9" end="10" frame="punct(komma)" his="normal" his_1="normal" id="1" lcat="punct" lemma="," pos="punct" postag="LET()" pt="let" rel="--" root="," sense="," special="komma" word=","/>
    <node begin="0" cat="smain" end="16" id="2" rel="--">
      <node begin="10" end="11" frame="verb('hebben/zijn',past(sg),aux(inf))" his="normal" his_1="normal" id="3" infl="sg" lcat="smain" lemma="kunnen" pos="verb" postag="WW(pv,verl,ev)" pt="ww" pvagr="ev" pvtijd="verl" rel="hd" root="kan" sc="aux(inf)" sense="kan" stype="declarative" tense="past" v_per="fir" word="kon" wvorm="pv"/>
      <node begin="11" case="nom" def="def" end="12" frame="pronoun(nwh,fir,sg,de,nom,def)" gen="de" getal="ev" his="normal" his_1="normal" id="4" index="1" lcat="np" lemma="ik" naamval="nomin" num="sg" pdtype="pron" per="fir" persoon="1" pos="pron" postag="VNW(pers,pron,nomin,vol,1,ev)" pt="vnw" rel="su" rnum="sg" root="ik" sense="ik" status="vol" vwtype="pers" wh="nwh" word="ik"/>
      <node begin="0" cat="inf" end="16" id="5" rel="vc">
        <node begin="0" cat="cp" end="9" id="6" rel="mod">
          <node begin="0" conjtype="onder" end="1" frame="complementizer(als)" his="normal" his_1="decap" his_1_1="normal" id="7" lcat="cp" lemma="als" pos="comp" postag="VG(onder)" pt="vg" rel="cmp" root="als" sc="als" sense="als" word="Als"/>
          <node begin="1" cat="ssub" end="9" id="8" rel="body">
            <node begin="1" case="nom" def="def" end="2" frame="pronoun(nwh,fir,sg,de,nom,def)" gen="de" getal="ev" his="normal" his_1="normal" id="9" index="2" lcat="np" lemma="ik" naamval="nomin" num="sg" pdtype="pron" per="fir" persoon="1" pos="pron" postag="VNW(pers,pron,nomin,vol,1,ev)" pt="vnw" rel="su" rnum="sg" root="ik" sense="ik" status="vol" vwtype="pers" wh="nwh" word="ik"/>
            <node begin="1" cat="ppart" end="8" id="10" rel="vc">
              <node begin="1" end="2" id="11" index="2" rel="su"/>
              <node begin="2" cat="np" end="7" id="12" rel="predc">
                <node begin="2" end="3" frame="determiner(een)" his="normal" his_1="normal" id="13" infl="een" lcat="detp" lemma="een" lwtype="onbep" naamval="stan" npagr="agr" pos="det" postag="LID(onbep,stan,agr)" pt="lid" rel="det" root="een" sense="een" word="een"/>
                <node begin="3" end="4" frame="noun(de,count,sg)" gen="de" genus="zijd" getal="ev" graad="basis" his="normal" his_1="normal" id="14" lcat="np" lemma="vogel" naamval="stan" ntype="soort" num="sg" pos="noun" postag="N(soort,ev,basis,zijd,stan)" pt="n" rel="hd" rnum="sg" root="vogel" sense="vogel" word="vogel"/>
                <node begin="4" cat="rel" end="7" id="15" rel="mod">
                  <node begin="4" case="no_obl" end="5" frame="rel_pronoun(de,no_obl)" gen="de" getal="getal" his="normal" his_1="normal" id="16" index="3" lcat="np" lemma="die" naamval="stan" pdtype="pron" persoon="persoon" pos="pron" postag="VNW(betr,pron,stan,vol,persoon,getal)" pt="vnw" rel="rhd" rnum="sg" root="die" sense="die" status="vol" vwtype="betr" wh="rel" word="die"/>
                  <node begin="4" cat="ssub" end="7" id="17" rel="body">
                    <node begin="4" end="5" id="18" index="3" rel="su"/>
                    <node begin="5" end="6" frame="verb('hebben/zijn',modal_not_u,aux(inf))" his="normal" his_1="normal" id="19" infl="modal_not_u" lcat="ssub" lemma="kunnen" pos="verb" postag="WW(pv,tgw,ev)" pt="ww" pvagr="ev" pvtijd="tgw" rel="hd" root="kan" sc="aux(inf)" sense="kan" tense="present" v_per="thi" word="kan" wvorm="pv"/>
                    <node begin="4" cat="inf" end="7" id="20" rel="vc">
                      <node begin="4" end="5" id="21" index="3" rel="su"/>
                      <node begin="6" buiging="zonder" end="7" frame="verb(hebben,inf,intransitive)" his="normal" his_1="normal" id="22" infl="inf" lcat="inf" lemma="vliegen" pos="verb" positie="vrij" postag="WW(inf,vrij,zonder)" pt="ww" rel="hd" root="vlieg" sc="intransitive" sense="vlieg" word="vliegen" wvorm="inf"/>
                    </node>
                  </node>
                </node>
              </node>
              <node begin="7" buiging="zonder" end="8" frame="verb(unacc,psp,copula)" his="normal" his_1="normal" id="23" infl="psp" lcat="ppart" lemma="zijn" pos="verb" positie="vrij" postag="WW(vd,vrij,zonder)" pt="ww" rel="hd" root="ben" sc="copula" sense="ben" word="geweest" wvorm="vd"/>
            </node>
            <node begin="8" end="9" frame="verb(unacc,past(sg),aux_psp_zijn)" his="normal" his_1="normal" id="24" infl="sg" lcat="ssub" lemma="zijn" pos="verb" postag="WW(pv,verl,ev)" pt="ww" pvagr="ev" pvtijd="verl" rel="hd" root="ben" sc="aux_psp_zijn" sense="ben" tense="past" v_per="fir" word="was" wvorm="pv"/>
          </node>
        </node>
        <node begin="11" end="12" id="25" index="1" rel="su"/>
        <node begin="12" cat="pp" end="15" id="26" rel="ld">
          <node begin="12" end="13" frame="preposition(naar,[toe])" his="normal" his_1="normal" id="27" lcat="pp" lemma="naar" pos="prep" postag="VZ(init)" pt="vz" rel="hd" root="naar" sense="naar" vztype="init" word="naar"/>
          <node begin="13" case="both" def="def" end="14" frame="pronoun(nwh,je,sg,de,both,def,wkpro)" gen="de" getal="getal" his="normal" his_1="normal" id="28" lcat="np" lemma="je" naamval="obl" num="sg" pdtype="pron" per="je" persoon="2v" pos="pron" postag="VNW(pr,pron,obl,red,2v,getal)" pt="vnw" rel="obj1" rnum="sg" root="je" sense="je" special="wkpro" status="red" vwtype="pr" wh="nwh" word="je"/>
          <node begin="14" end="15" frame="particle(toe)" his="normal" his_1="normal" id="29" lcat="part" lemma="toe" pos="part" postag="VZ(fin)" pt="vz" rel="hdf" root="toe" sense="toe" vztype="fin" word="toe"/>
        </node>
        <node begin="15" buiging="zonder" end="16" frame="verb(zijn,inf,ld_pp)" his="normal" his_1="normal" id="30" infl="inf" lcat="inf" lemma="vliegen" pos="verb" positie="vrij" postag="WW(inf,vrij,zonder)" pt="ww" rel="hd" root="vlieg" sc="ld_pp" sense="vlieg" word="vliegen" wvorm="inf"/>
      </node>
    </node>
    <node begin="16" end="17" frame="punct(punt)" his="normal" his_1="normal" id="31" lcat="punct" lemma="." pos="punct" postag="LET()" pt="let" rel="--" root="." sense="." special="punt" word="."/>
  </node>
  <sentence sentid="235">Als ik een vogel die kan vliegen geweest was , kon ik naar je toe vliegen .</sentence>
  <comments>
    <comment>Q#235|Als ik een vogel die kan vliegen geweest was , kon ik naar je toe vliegen .|1|1|-18.367906226300004</comment>
  </comments>
</alpino_ds>
