<?xml version="1.0" encoding="UTF-8"?>
<alpino_ds version="1.15">
  <parser build="Alpino-x86_64-linux-glibc2.5-git1006-sicstus" date="2023-09-07T13:25" cats="1" skips="0" />
  <node begin="0" cat="top" end="14" id="0" rel="top">
    <node begin="0" cat="conj" end="13" id="1" rel="--">
      <node begin="0" cat="smain" end="5" id="2" rel="cnj">
        <node begin="0" case="nom" def="def" end="1" frame="pronoun(nwh,fir,sg,de,nom,def)" gen="de" getal="ev" his="normal" his_1="decap" his_1_1="normal" id="3" lcat="np" lemma="ik" naamval="nomin" num="sg" pdtype="pron" per="fir" persoon="1" pos="pron" postag="VNW(pers,pron,nomin,vol,1,ev)" pt="vnw" rel="su" rnum="sg" root="ik" sense="ik" status="vol" vwtype="pers" wh="nwh" word="Ik"/>
        <node begin="1" end="2" frame="verb(hebben,sg1,transitive)" his="normal" his_1="normal" id="4" infl="sg1" lcat="smain" lemma="gebruiken" pos="verb" postag="WW(pv,tgw,ev)" pt="ww" pvagr="ev" pvtijd="tgw" rel="hd" root="gebruik" sc="transitive" sense="gebruik" stype="declarative" tense="present" v_per="fir" word="gebruik" wvorm="pv"/>
        <node begin="2" cat="np" end="5" id="5" rel="obj1">
          <node begin="2" end="3" frame="determiner(een)" his="normal" his_1="normal" id="6" infl="een" lcat="detp" lemma="een" lwtype="onbep" naamval="stan" npagr="agr" pos="det" postag="LID(onbep,stan,agr)" pt="lid" rel="det" root="een" sense="een" word="een"/>
          <node begin="3" end="4" frame="noun(both,both,both)" gen="both" genus="zijd" getal="ev" graad="basis" his="noun" id="7" lcat="np" lemma="windows" naamval="stan" ntype="soort" num="both" pos="noun" postag="N(soort,ev,basis,zijd,stan)" pt="n" rel="hd" rnum="sg" root="windows" sense="windows" word="windows"/>
          <node begin="4" end="5" frame="number(hoofd(pl_num))" his="normal" his_1="number_expression" id="8" infl="pl_num" lcat="detp" lemma="10" numtype="hoofd" pos="num" positie="vrij" postag="TW(hoofd,vrij)" pt="tw" rel="app" root="10" sense="10" word="10"/>
        </node>
      </node>
      <node begin="5" conjtype="neven" end="6" frame="conj(en)" his="normal" his_1="normal" id="9" lcat="vg" lemma="en" pos="vg" postag="VG(neven)" pt="vg" rel="crd" root="en" sense="en" word="en"/>
      <node begin="6" cat="smain" end="13" id="10" rel="cnj">
        <node begin="6" case="nom" def="def" end="7" frame="pronoun(nwh,fir,sg,de,nom,def)" gen="de" getal="ev" his="normal" his_1="normal" id="11" index="1" lcat="np" lemma="ik" naamval="nomin" num="sg" pdtype="pron" per="fir" persoon="1" pos="pron" postag="VNW(pers,pron,nomin,vol,1,ev)" pt="vnw" rel="su" rnum="sg" root="ik" sense="ik" status="vol" vwtype="pers" wh="nwh" word="ik"/>
        <node begin="7" end="8" frame="verb('hebben/zijn',modal_not_u,aux(inf))" his="normal" his_1="normal" id="12" infl="modal_not_u" lcat="smain" lemma="kunnen" pos="verb" postag="WW(pv,tgw,ev)" pt="ww" pvagr="ev" pvtijd="tgw" rel="hd" root="kan" sc="aux(inf)" sense="kan" stype="declarative" tense="present" v_per="fir" word="kan" wvorm="pv"/>
        <node begin="6" cat="inf" end="13" id="13" rel="vc">
          <node begin="6" end="7" id="14" index="1" rel="su"/>
          <node begin="8" cat="np" end="12" id="15" rel="obj1">
            <node begin="8" buiging="zonder" end="9" frame="determiner(geen,nwh,mod,pro,yparg,nwkpro,geen)" his="normal" his_1="normal" id="16" infl="geen" lcat="detp" lemma="geen" naamval="stan" npagr="agr" pdtype="det" pos="det" positie="prenom" postag="VNW(onbep,det,stan,prenom,zonder,agr)" pt="vnw" rel="det" root="geen" sense="geen" vwtype="onbep" wh="nwh" word="geen"/>
            <node begin="9" cat="mwu" end="11" his="cap" id="17" rel="mod">
              <node begin="9" end="10" frame="proper_name(sg)" id="18" lcat="np" lemma="windows" neclass="MISC" num="sg" pos="name" postag="SPEC(deeleigen)" pt="spec" rel="mwp" rnum="sg" root="Windows" sense="Windows" spectype="deeleigen" word="windows"/>
              <node begin="10" end="11" frame="proper_name(sg)" id="19" lcat="np" lemma="95" neclass="MISC" num="sg" pos="name" postag="SPEC(deeleigen)" pt="spec" rel="mwp" rnum="sg" root="95" sense="95" spectype="deeleigen" word="95"/>
            </node>
            <node begin="11" end="12" frame="noun(het,count,sg)" gen="het" genus="onz" getal="ev" graad="basis" his="normal" his_1="normal" id="20" lcat="np" lemma="bestand" naamval="stan" ntype="soort" num="sg" pos="noun" postag="N(soort,ev,basis,onz,stan)" pt="n" rel="hd" rnum="sg" root="bestand" sense="bestand" word="bestand"/>
          </node>
          <node begin="12" buiging="zonder" end="13" frame="verb(hebben,inf,transitive)" his="normal" his_1="normal" id="21" infl="inf" lcat="inf" lemma="lezen" pos="verb" positie="vrij" postag="WW(inf,vrij,zonder)" pt="ww" rel="hd" root="lees" sc="transitive" sense="lees" word="lezen" wvorm="inf"/>
        </node>
      </node>
    </node>
    <node begin="13" end="14" frame="punct(punt)" his="normal" his_1="normal" id="22" lcat="punct" lemma="." pos="punct" postag="LET()" pt="let" rel="--" root="." sense="." special="punt" word="."/>
  </node>
  <sentence sentid="2375">Ik gebruik een windows 10 en ik kan geen windows 95 bestand lezen .</sentence>
  <comments>
    <comment>Q#2375|Ik gebruik een windows 10 en ik kan geen windows 95 bestand lezen .|1|1|-6.1431122494</comment>
  </comments>
</alpino_ds>
