<?xml version="1.0" encoding="UTF-8"?>
<alpino_ds version="1.15">
  <parser build="Alpino-x86_64-linux-glibc2.5-git1006-sicstus" date="2023-09-07T13:25" cats="2" skips="0" />
  <node begin="0" cat="top" end="12" id="0" rel="top">
    <node begin="4" end="5" frame="punct(komma)" his="normal" his_1="normal" id="1" lcat="punct" lemma="," pos="punct" postag="LET()" pt="let" rel="--" root="," sense="," special="komma" word=","/>
    <node begin="0" cat="du" end="11" id="2" rel="--">
      <node begin="0" cat="smain" end="6" id="3" rel="dp">
        <node begin="0" case="nom" def="def" end="1" frame="pronoun(nwh,fir,sg,de,nom,def)" gen="de" getal="ev" his="normal" his_1="decap" his_1_1="normal" id="4" lcat="np" lemma="ik" naamval="nomin" num="sg" pdtype="pron" per="fir" persoon="1" pos="pron" postag="VNW(pers,pron,nomin,vol,1,ev)" pt="vnw" rel="su" rnum="sg" root="ik" sense="ik" status="vol" vwtype="pers" wh="nwh" word="Ik"/>
        <node begin="1" end="2" frame="verb(hebben,sg1,transitive_ndev)" his="normal" his_1="normal" id="5" infl="sg1" lcat="smain" lemma="hebben" pos="verb" postag="WW(pv,tgw,ev)" pt="ww" pvagr="ev" pvtijd="tgw" rel="hd" root="heb" sc="transitive_ndev" sense="heb" stype="declarative" tense="present" v_per="fir" word="heb" wvorm="pv"/>
        <node begin="2" cat="np" end="6" id="6" rel="obj1">
          <node aform="base" begin="2" buiging="met-e" end="3" frame="adjective(e)" graad="basis" his="normal" his_1="normal" id="7" infl="e" lcat="ap" lemma="Frans" naamval="stan" pos="adj" positie="prenom" postag="ADJ(prenom,basis,met-e,stan)" pt="adj" rel="mod" root="Frans" sense="Frans" vform="adj" word="Franse"/>
          <node begin="3" end="4" frame="noun(de,count,sg)" gen="de" genus="zijd" getal="ev" graad="basis" his="normal" his_1="normal" id="8" lcat="np" lemma="nationaliteit" naamval="stan" ntype="soort" num="sg" pos="noun" postag="N(soort,ev,basis,zijd,stan)" pt="n" rel="hd" rnum="sg" root="nationaliteit" sense="nationaliteit" word="nationaliteit"/>
          <node begin="5" end="6" frame="noun(de,count,sg)" gen="de" genus="zijd" getal="ev" graad="basis" his="normal" his_1="normal" id="9" lcat="np" lemma="mijn" naamval="stan" ntype="soort" num="sg" pos="noun" postag="N(soort,ev,basis,zijd,stan)" pt="n" rel="app" rnum="sg" root="mijn" sense="mijn" word="mijn"/>
        </node>
      </node>
      <node begin="6" cat="smain" end="11" id="10" rel="dp">
        <node begin="6" cat="np" end="8" id="11" rel="su">
          <node begin="6" buiging="zonder" end="7" frame="determiner(pron)" getal="ev" his="normal" his_1="normal" id="12" infl="pron" lcat="detp" lemma="mijn" naamval="stan" npagr="agr" pdtype="det" persoon="1" pos="det" positie="prenom" postag="VNW(bez,det,stan,vol,1,ev,prenom,zonder,agr)" pron="true" pt="vnw" rel="det" root="mijn" sense="mijn" status="vol" vwtype="bez" word="mijn"/>
          <node begin="7" end="8" frame="noun(de,count,sg)" gen="de" genus="zijd" getal="ev" graad="basis" his="normal" his_1="normal" id="13" lcat="np" lemma="vader" naamval="stan" ntype="soort" num="sg" pos="noun" postag="N(soort,ev,basis,zijd,stan)" pt="n" rel="hd" rnum="sg" root="vader" sense="vader" word="vader"/>
        </node>
        <node begin="8" end="9" frame="verb(unacc,sg3,ld_pp)" his="normal" his_1="normal" id="14" infl="sg3" lcat="smain" lemma="komen" pos="verb" postag="WW(pv,tgw,met-t)" pt="ww" pvagr="met-t" pvtijd="tgw" rel="hd" root="kom" sc="ld_pp" sense="kom" stype="declarative" tense="present" v_per="thi" word="komt" wvorm="pv"/>
        <node begin="9" cat="pp" end="11" id="15" rel="ld">
          <node begin="9" end="10" frame="preposition(uit,[vandaan])" his="normal" his_1="normal" id="16" lcat="pp" lemma="uit" pos="prep" postag="VZ(init)" pt="vz" rel="hd" root="uit" sense="uit" vztype="init" word="uit"/>
          <node begin="10" end="11" frame="noun(both,both,both)" gen="both" genus="zijd" getal="ev" graad="basis" his="noun" id="17" lcat="np" lemma="guinea" naamval="stan" ntype="soort" num="both" pos="noun" postag="N(soort,ev,basis,zijd,stan)" pt="n" rel="obj1" rnum="sg" root="guinea" sense="guinea" word="guinea"/>
        </node>
      </node>
    </node>
    <node begin="11" end="12" frame="punct(punt)" his="robust_skip" id="18" lcat="--" lemma="." pos="punct" postag="LET()" pt="let" rel="--" root="." sense="." special="punt" word="."/>
  </node>
  <sentence sentid="2405">Ik heb Franse nationaliteit , mijn mijn vader komt uit guinea .</sentence>
  <comments>
    <comment>Q#2405|Ik heb Franse nationaliteit , mijn mijn vader komt uit guinea .|1|2|-2.5287337954000004</comment>
  </comments>
</alpino_ds>
