<?xml version="1.0" encoding="UTF-8"?>
<alpino_ds version="1.15">
  <parser build="Alpino-x86_64-linux-glibc2.5-git1006-sicstus" date="2023-09-07T13:25" cats="1" skips="0" />
  <node begin="0" cat="top" end="17" id="0" rel="top">
    <node begin="0" cat="conj" end="16" id="1" rel="--">
      <node begin="0" cat="smain" end="8" id="2" rel="cnj">
        <node begin="0" case="nom" def="def" end="1" frame="pronoun(nwh,fir,sg,de,nom,def)" gen="de" getal="ev" his="normal" his_1="decap" his_1_1="normal" id="3" index="1" lcat="np" lemma="ik" naamval="nomin" num="sg" pdtype="pron" per="fir" persoon="1" pos="pron" postag="VNW(pers,pron,nomin,vol,1,ev)" pt="vnw" rel="su" rnum="sg" root="ik" sense="ik" status="vol" vwtype="pers" wh="nwh" word="Ik"/>
        <node begin="1" end="2" frame="verb(hebben,sg1,aux_psp_hebben)" his="normal" his_1="normal" id="4" infl="sg1" lcat="smain" lemma="hebben" pos="verb" postag="WW(pv,tgw,ev)" pt="ww" pvagr="ev" pvtijd="tgw" rel="hd" root="heb" sc="aux_psp_hebben" sense="heb" stype="declarative" tense="present" v_per="fir" word="heb" wvorm="pv"/>
        <node begin="0" cat="ppart" end="8" id="5" rel="vc">
          <node begin="0" end="1" id="6" index="1" rel="su"/>
          <node begin="2" cat="mwu" end="4" his="normal" his_1="english_compound" id="7" rel="obj1">
            <node begin="2" end="3" frame="noun(het,count,sg)" gen="het" genus="zijd" getal="ev" graad="basis" id="8" lcat="np" lemma="anki" naamval="stan" ntype="soort" num="sg" pos="noun" postag="N(soort,ev,basis,zijd,stan)" pt="n" rel="mwp" rnum="sg" root="anki" sense="anki" word="anki"/>
            <node begin="3" end="4" frame="noun(het,count,sg)" gen="het" genus="onz" getal="ev" graad="basis" id="9" lcat="np" lemma="apparaat" naamval="stan" ntype="soort" num="sg" pos="noun" postag="N(soort,ev,basis,onz,stan)" pt="n" rel="mwp" rnum="sg" root="apparaat" sense="apparaat" word="apparaat"/>
          </node>
          <node begin="4" cat="np" end="6" id="10" rel="mod">
            <node begin="4" end="5" frame="determiner(een)" his="normal" his_1="normal" id="11" infl="een" lcat="detp" lemma="een" lwtype="onbep" naamval="stan" npagr="agr" pos="det" postag="LID(onbep,stan,agr)" pt="lid" rel="det" root="een" sense="een" word="een"/>
            <node begin="5" end="6" frame="tmp_noun(de,count,sg)" gen="de" genus="zijd" getal="ev" graad="basis" his="normal" his_1="normal" id="12" lcat="np" lemma="week" naamval="stan" ntype="soort" num="sg" pos="noun" postag="N(soort,ev,basis,zijd,stan)" pt="n" rel="hd" rnum="sg" root="week" sense="week" special="tmp" word="week"/>
          </node>
          <node begin="6" end="7" frame="adverb" his="normal" his_1="normal" id="13" lcat="advp" lemma="niet" pos="adv" postag="BW()" pt="bw" rel="mod" root="niet" sense="niet" word="niet"/>
          <node begin="7" buiging="zonder" end="8" frame="verb(hebben,psp,transitive)" his="normal" his_1="normal" id="14" infl="psp" lcat="ppart" lemma="gebruiken" pos="verb" positie="vrij" postag="WW(vd,vrij,zonder)" pt="ww" rel="hd" root="gebruik" sc="transitive" sense="gebruik" word="gebruikt" wvorm="vd"/>
        </node>
      </node>
      <node begin="8" conjtype="neven" end="9" frame="conj(en)" his="normal" his_1="normal" id="15" lcat="vg" lemma="en" pos="vg" postag="VG(neven)" pt="vg" rel="crd" root="en" sense="en" word="en"/>
      <node begin="9" cat="smain" end="16" id="16" rel="cnj">
        <node begin="10" end="11" frame="verb(hebben,sg1,subj_control(pass_te))" his="normal" his_1="normal" id="17" infl="sg1" lcat="smain" lemma="hebben" pos="verb" postag="WW(pv,tgw,ev)" pt="ww" pvagr="ev" pvtijd="tgw" rel="hd" root="heb" sc="subj_control(pass_te)" sense="heb" stype="declarative" tense="present" v_per="fir" word="heb" wvorm="pv"/>
        <node begin="11" case="nom" def="def" end="12" frame="pronoun(nwh,fir,sg,de,nom,def)" gen="de" getal="ev" his="normal" his_1="normal" id="18" index="2" lcat="np" lemma="ik" naamval="nomin" num="sg" pdtype="pron" per="fir" persoon="1" pos="pron" postag="VNW(pers,pron,nomin,vol,1,ev)" pt="vnw" rel="su" rnum="sg" root="ik" sense="ik" status="vol" vwtype="pers" wh="nwh" word="ik"/>
        <node begin="9" cat="ti" end="16" id="19" rel="vc">
          <node begin="14" end="15" frame="complementizer(te)" his="normal" his_1="normal" id="20" lcat="ti" lemma="te" pos="comp" postag="VZ(init)" pt="vz" rel="cmp" root="te" sc="te" sense="te" vztype="init" word="te"/>
          <node begin="9" cat="inf" end="16" id="21" rel="body">
            <node begin="9" end="10" frame="tmp_adverb" his="normal" his_1="normal" id="22" lcat="advp" lemma="nu" pos="adv" postag="BW()" pt="bw" rel="mod" root="nu" sense="nu" special="tmp" word="nu"/>
            <node begin="11" end="12" id="23" index="2" rel="su"/>
            <node begin="12" cat="np" end="14" id="24" rel="obj1">
              <node begin="12" end="13" frame="number(hoofd(pl_num))" his="normal" his_1="number_expression" id="25" infl="pl_num" lcat="detp" lemma="500" naamval="stan" numtype="hoofd" pos="num" positie="prenom" postag="TW(hoofd,prenom,stan)" pt="tw" rel="det" root="500" sense="500" word="500"/>
              <node begin="13" end="14" frame="noun(both,both,both)" gen="both" getal="mv" graad="basis" his="noun" id="26" lcat="np" lemma="flashcards" ntype="soort" num="both" pos="noun" postag="N(soort,mv,basis)" pt="n" rel="hd" rnum="pl" root="flashcards" sense="flashcards" word="flashcards"/>
            </node>
            <node begin="15" buiging="zonder" end="16" frame="verb(hebben,inf(no_e),transitive_ndev)" his="normal" his_1="normal" id="27" infl="inf(no_e)" lcat="inf" lemma="doen" pos="verb" positie="vrij" postag="WW(inf,vrij,zonder)" pt="ww" rel="hd" root="doe" sc="transitive_ndev" sense="doe" word="doen" wvorm="inf"/>
          </node>
        </node>
      </node>
    </node>
    <node begin="16" end="17" frame="punct(punt)" his="normal" his_1="normal" id="28" lcat="punct" lemma="." pos="punct" postag="LET()" pt="let" rel="--" root="." sense="." special="punt" word="."/>
  </node>
  <sentence sentid="2406">Ik heb anki apparaat een week niet gebruikt en nu heb ik 500 flashcards te doen .</sentence>
  <comments>
    <comment>Q#2406|Ik heb anki apparaat een week niet gebruikt en nu heb ik 500 flashcards te doen .|1|1|-4.447456467500002</comment>
  </comments>
</alpino_ds>
