<?xml version="1.0" encoding="UTF-8"?>
<alpino_ds version="1.15">
  <parser build="Alpino-x86_64-linux-glibc2.5-git1006-sicstus" date="2023-09-07T13:18" cats="1" skips="0" />
  <node begin="0" cat="top" end="19" id="0" rel="top">
    <node begin="11" end="12" frame="punct(komma)" his="normal" his_1="normal" id="1" lcat="punct" lemma="," pos="punct" postag="LET()" pt="let" rel="--" root="," sense="," special="komma" word=","/>
    <node begin="0" cat="smain" end="18" id="2" rel="--">
      <node begin="12" end="13" frame="verb(hebben,past(sg),aux(inf))" his="normal" his_1="normal" id="3" infl="sg" lcat="smain" lemma="zullen" pos="verb" postag="WW(pv,verl,ev)" pt="ww" pvagr="ev" pvtijd="verl" rel="hd" root="zal" sc="aux(inf)" sense="zal" stype="declarative" tense="past" v_per="fir" word="zou" wvorm="pv"/>
      <node begin="13" case="nom" def="def" end="14" frame="pronoun(nwh,fir,sg,de,nom,def)" gen="de" getal="ev" his="normal" his_1="normal" id="4" index="1" lcat="np" lemma="ik" naamval="nomin" num="sg" pdtype="pron" per="fir" persoon="1" pos="pron" postag="VNW(pers,pron,nomin,vol,1,ev)" pt="vnw" rel="su" rnum="sg" root="ik" sense="ik" status="vol" vwtype="pers" wh="nwh" word="ik"/>
      <node begin="0" cat="inf" end="18" id="5" rel="vc">
        <node begin="0" cat="cp" end="11" id="6" rel="mod">
          <node begin="0" conjtype="onder" end="1" frame="complementizer(als)" his="normal" his_1="decap" his_1_1="normal" id="7" lcat="cp" lemma="als" pos="comp" postag="VG(onder)" pt="vg" rel="cmp" root="als" sc="als" sense="als" word="Als"/>
          <node begin="1" cat="ssub" end="11" id="8" rel="body">
            <node begin="1" case="nom" def="def" end="2" frame="pronoun(nwh,fir,sg,de,nom,def)" gen="de" getal="ev" his="normal" his_1="normal" id="9" index="2" lcat="np" lemma="ik" naamval="nomin" num="sg" pdtype="pron" per="fir" persoon="1" pos="pron" postag="VNW(pers,pron,nomin,vol,1,ev)" pt="vnw" rel="su" rnum="sg" root="ik" sense="ik" status="vol" vwtype="pers" wh="nwh" word="ik"/>
            <node begin="4" end="5" frame="verb(hebben,past(sg),aux_psp_hebben)" his="normal" his_1="normal" id="10" infl="sg" lcat="ssub" lemma="hebben" pos="verb" postag="WW(pv,verl,ev)" pt="ww" pvagr="ev" pvtijd="verl" rel="hd" root="heb" sc="aux_psp_hebben" sense="heb" tense="past" v_per="fir" word="had" wvorm="pv"/>
            <node begin="1" cat="ppart" end="11" id="11" rel="vc">
              <node begin="1" end="2" id="12" index="2" rel="su"/>
              <node begin="5" buiging="zonder" end="6" frame="verb(hebben,psp,transitive)" his="normal" his_1="normal" id="13" infl="psp" lcat="ppart" lemma="nemen" pos="verb" positie="vrij" postag="WW(vd,vrij,zonder)" pt="ww" rel="hd" root="neem" sc="transitive" sense="neem" word="genomen" wvorm="vd"/>
              <node begin="2" cat="np" end="11" id="14" rel="obj1">
                <node begin="2" end="3" frame="determiner(het,nwh,nmod,pro,nparg,wkpro)" his="normal" his_1="normal" id="15" infl="het" lcat="detp" lemma="het" lwtype="bep" naamval="stan" npagr="evon" pos="det" postag="LID(bep,stan,evon)" pt="lid" rel="det" root="het" sense="het" wh="nwh" word="het"/>
                <node begin="3" end="4" frame="noun(het,count,sg)" gen="het" genus="onz" getal="ev" graad="basis" his="normal" his_1="normal" id="16" lcat="np" lemma="vliegtuig" naamval="stan" ntype="soort" num="sg" pos="noun" postag="N(soort,ev,basis,onz,stan)" pt="n" rel="hd" rnum="sg" root="vliegtuig" sense="vliegtuig" word="vliegtuig"/>
                <node begin="6" cat="rel" end="11" id="17" rel="mod">
                  <node begin="6" case="no_obl" end="7" frame="rel_pronoun(het,no_obl)" gen="het" getal="ev" his="normal" his_1="normal" id="18" index="3" lcat="np" lemma="dat" naamval="stan" pdtype="pron" persoon="3" pos="pron" postag="VNW(betr,pron,stan,vol,3,ev)" pt="vnw" rel="rhd" rnum="sg" root="dat" sense="dat" status="vol" vwtype="betr" wh="rel" word="dat"/>
                  <node begin="6" cat="ssub" end="11" id="19" rel="body">
                    <node begin="6" end="7" id="20" index="3" rel="su"/>
                    <node begin="7" cat="pp" end="10" id="21" rel="ld">
                      <node begin="7" end="8" frame="preposition(over,[heen])" his="normal" his_1="normal" id="22" lcat="pp" lemma="over" pos="prep" postag="VZ(init)" pt="vz" rel="hd" root="over" sense="over" vztype="init" word="over"/>
                      <node begin="8" cat="np" end="10" id="23" rel="obj1">
                        <node begin="8" end="9" frame="determiner(de)" his="normal" his_1="normal" id="24" infl="de" lcat="detp" lemma="de" lwtype="bep" naamval="stan" npagr="rest" pos="det" postag="LID(bep,stan,rest)" pt="lid" rel="det" root="de" sense="de" word="de"/>
                        <node begin="9" end="10" frame="noun(de,count,sg)" gen="de" genus="zijd" getal="ev" graad="basis" his="normal" his_1="normal" id="25" lcat="np" lemma="oceaan" naamval="stan" ntype="soort" num="sg" pos="noun" postag="N(soort,ev,basis,zijd,stan)" pt="n" rel="hd" rnum="sg" root="oceaan" sense="oceaan" word="oceaan"/>
                      </node>
                    </node>
                    <node begin="10" end="11" frame="verb('hebben/zijn',past(sg),ld_pp)" his="normal" his_1="normal" id="26" infl="sg" lcat="ssub" lemma="storten" pos="verb" postag="WW(pv,verl,ev)" pt="ww" pvagr="ev" pvtijd="verl" rel="hd" root="stort" sc="ld_pp" sense="stort" tense="past" v_per="thi" word="stortte" wvorm="pv"/>
                  </node>
                </node>
              </node>
            </node>
          </node>
        </node>
        <node begin="13" end="14" id="27" index="1" rel="su"/>
        <node begin="14" end="15" frame="tmp_adverb" his="normal" his_1="normal" id="28" lcat="advp" lemma="nu" pos="adv" postag="BW()" pt="bw" rel="mod" root="nu" sense="nu" special="tmp" word="nu"/>
        <node begin="15" end="16" frame="adverb" his="normal" his_1="normal" id="29" lcat="advp" lemma="niet" pos="adv" postag="BW()" pt="bw" rel="mod" root="niet" sense="niet" word="niet"/>
        <node aform="base" begin="16" buiging="zonder" end="17" frame="adjective(end(both))" his="normal" his_1="normal" id="30" infl="no_e" lcat="ppres" lemma="leven" pos="adj" positie="vrij" postag="WW(od,vrij,zonder)" pt="ww" rel="predc" root="leven" sense="leven" vform="gerund" word="levend" wvorm="od"/>
        <node begin="17" buiging="zonder" end="18" frame="verb(unacc,inf,copula)" his="normal" his_1="normal" id="31" infl="inf" lcat="inf" lemma="zijn" pos="verb" positie="vrij" postag="WW(inf,vrij,zonder)" pt="ww" rel="hd" root="ben" sc="copula" sense="ben" word="zijn" wvorm="inf"/>
      </node>
    </node>
    <node begin="18" end="19" frame="punct(punt)" his="normal" his_1="normal" id="32" lcat="punct" lemma="." pos="punct" postag="LET()" pt="let" rel="--" root="." sense="." special="punt" word="."/>
  </node>
  <sentence sentid="241">Als ik het vliegtuig had genomen dat over de oceaan stortte , zou ik nu niet levend zijn .</sentence>
  <comments>
    <comment>Q#241|Als ik het vliegtuig had genomen dat over de oceaan stortte , zou ik nu niet levend zijn .|1|1|-16.2166933062</comment>
  </comments>
</alpino_ds>
