<?xml version="1.0" encoding="UTF-8"?>
<alpino_ds version="1.15">
  <parser build="Alpino-x86_64-linux-glibc2.5-git1006-sicstus" date="2023-09-07T13:18" cats="1" skips="0" />
  <node begin="0" cat="top" end="15" id="0" rel="top">
    <node begin="7" end="8" frame="punct(komma)" his="normal" his_1="normal" id="1" lcat="punct" lemma="," pos="punct" postag="LET()" pt="let" rel="--" root="," sense="," special="komma" word=","/>
    <node begin="0" cat="smain" end="14" id="2" rel="--">
      <node begin="8" end="9" frame="verb(hebben,past(sg),aux(inf))" his="normal" his_1="normal" id="3" infl="sg" lcat="smain" lemma="zullen" pos="verb" postag="WW(pv,verl,ev)" pt="ww" pvagr="ev" pvtijd="verl" rel="hd" root="zal" sc="aux(inf)" sense="zal" stype="declarative" tense="past" v_per="fir" word="zou" wvorm="pv"/>
      <node begin="9" case="nom" def="def" end="10" frame="pronoun(nwh,fir,sg,de,nom,def)" gen="de" getal="ev" his="normal" his_1="normal" id="4" index="1" lcat="np" lemma="ik" naamval="nomin" num="sg" pdtype="pron" per="fir" persoon="1" pos="pron" postag="VNW(pers,pron,nomin,vol,1,ev)" pt="vnw" rel="su" rnum="sg" root="ik" sense="ik" status="vol" vwtype="pers" wh="nwh" word="ik"/>
      <node begin="0" cat="inf" end="14" id="5" rel="vc">
        <node begin="0" cat="cp" end="7" id="6" rel="mod">
          <node begin="0" conjtype="onder" end="1" frame="complementizer(als)" his="normal" his_1="decap" his_1_1="normal" id="7" lcat="cp" lemma="als" pos="comp" postag="VG(onder)" pt="vg" rel="cmp" root="als" sc="als" sense="als" word="Als"/>
          <node begin="1" cat="ssub" end="7" id="8" rel="body">
            <node begin="1" case="nom" def="def" end="2" frame="pronoun(nwh,fir,sg,de,nom,def)" gen="de" getal="ev" his="normal" his_1="normal" id="9" index="2" lcat="np" lemma="ik" naamval="nomin" num="sg" pdtype="pron" per="fir" persoon="1" pos="pron" postag="VNW(pers,pron,nomin,vol,1,ev)" pt="vnw" rel="su" rnum="sg" root="ik" sense="ik" status="vol" vwtype="pers" wh="nwh" word="ik"/>
            <node begin="4" end="5" frame="verb(hebben,past(sg),aux_psp_hebben)" his="normal" his_1="normal" id="10" infl="sg" lcat="ssub" lemma="hebben" pos="verb" postag="WW(pv,verl,ev)" pt="ww" pvagr="ev" pvtijd="verl" rel="hd" root="heb" sc="aux_psp_hebben" sense="heb" tense="past" v_per="fir" word="had" wvorm="pv"/>
            <node begin="1" cat="ppart" end="7" id="11" rel="vc">
              <node begin="1" end="2" id="12" index="2" rel="su"/>
              <node begin="2" cat="np" end="4" id="13" rel="obj1">
                <node begin="2" end="3" frame="determiner(het,nwh,nmod,pro,nparg,wkpro)" his="normal" his_1="normal" id="14" infl="het" lcat="detp" lemma="het" lwtype="bep" naamval="stan" npagr="evon" pos="det" postag="LID(bep,stan,evon)" pt="lid" rel="det" root="het" sense="het" wh="nwh" word="het"/>
                <node begin="3" end="4" frame="noun(het,count,sg)" gen="het" genus="onz" getal="ev" graad="basis" his="normal" his_1="normal" id="15" lcat="np" lemma="vliegtuig" naamval="stan" ntype="soort" num="sg" pos="noun" postag="N(soort,ev,basis,onz,stan)" pt="n" rel="hd" rnum="sg" root="vliegtuig" sense="vliegtuig" word="vliegtuig"/>
              </node>
              <node begin="5" buiging="zonder" end="6" frame="verb(hebben,psp,transitive)" his="normal" his_1="normal" id="16" infl="psp" lcat="ppart" lemma="nemen" pos="verb" positie="vrij" postag="WW(vd,vrij,zonder)" pt="ww" rel="hd" root="neem" sc="transitive" sense="neem" word="genomen" wvorm="vd"/>
              <node begin="6" end="7" frame="tmp_adverb" his="normal" his_1="normal" id="17" lcat="advp" lemma="gisteren" pos="adv" postag="BW()" pt="bw" rel="mod" root="gisteren" sense="gisteren" special="tmp" word="gisteren"/>
            </node>
          </node>
        </node>
        <node begin="9" end="10" id="18" index="1" rel="su"/>
        <node begin="10" end="11" frame="tmp_adverb" his="normal" his_1="normal" id="19" lcat="advp" lemma="nu" pos="adv" postag="BW()" pt="bw" rel="mod" root="nu" sense="nu" special="tmp" word="nu"/>
        <node begin="11" end="12" frame="adverb" his="normal" his_1="normal" id="20" lcat="advp" lemma="niet" pos="adv" postag="BW()" pt="bw" rel="mod" root="niet" sense="niet" word="niet"/>
        <node aform="base" begin="12" buiging="zonder" end="13" frame="adjective(end(both))" his="normal" his_1="normal" id="21" infl="no_e" lcat="ppres" lemma="leven" pos="adj" positie="vrij" postag="WW(od,vrij,zonder)" pt="ww" rel="predc" root="leven" sense="leven" vform="gerund" word="levend" wvorm="od"/>
        <node begin="13" buiging="zonder" end="14" frame="verb(unacc,inf,copula)" his="normal" his_1="normal" id="22" infl="inf" lcat="inf" lemma="zijn" pos="verb" positie="vrij" postag="WW(inf,vrij,zonder)" pt="ww" rel="hd" root="ben" sc="copula" sense="ben" word="zijn" wvorm="inf"/>
      </node>
    </node>
    <node begin="14" end="15" frame="punct(punt)" his="normal" his_1="normal" id="23" lcat="punct" lemma="." pos="punct" postag="LET()" pt="let" rel="--" root="." sense="." special="punt" word="."/>
  </node>
  <sentence sentid="242">Als ik het vliegtuig had genomen gisteren , zou ik nu niet levend zijn .</sentence>
  <comments>
    <comment>Q#242|Als ik het vliegtuig had genomen gisteren , zou ik nu niet levend zijn .|1|1|-14.0130833574</comment>
  </comments>
</alpino_ds>
