<?xml version="1.0" encoding="UTF-8"?>
<alpino_ds version="1.15">
  <parser build="Alpino-x86_64-linux-glibc2.5-git1006-sicstus" date="2023-09-07T13:18" cats="1" skips="0" />
  <node begin="0" cat="top" end="13" id="0" rel="top">
    <node begin="7" end="8" frame="punct(komma)" his="normal" his_1="normal" id="1" lcat="punct" lemma="," pos="punct" postag="LET()" pt="let" rel="--" root="," sense="," special="komma" word=","/>
    <node begin="0" cat="smain" end="12" id="2" rel="--">
      <node begin="8" end="9" frame="verb('hebben/zijn',modal_not_u,aux(inf))" his="normal" his_1="normal" id="3" infl="modal_not_u" lcat="smain" lemma="kunnen" pos="verb" postag="WW(pv,tgw,ev)" pt="ww" pvagr="ev" pvtijd="tgw" rel="hd" root="kan" sc="aux(inf)" sense="kan" stype="declarative" tense="present" v_per="fir" word="kan" wvorm="pv"/>
      <node begin="9" case="nom" def="def" end="10" frame="pronoun(nwh,fir,sg,de,nom,def)" gen="de" getal="ev" his="normal" his_1="normal" id="4" index="1" lcat="np" lemma="ik" naamval="nomin" num="sg" pdtype="pron" per="fir" persoon="1" pos="pron" postag="VNW(pers,pron,nomin,vol,1,ev)" pt="vnw" rel="su" rnum="sg" root="ik" sense="ik" status="vol" vwtype="pers" wh="nwh" word="ik"/>
      <node begin="0" cat="inf" end="12" id="5" rel="vc">
        <node begin="0" cat="cp" end="7" id="6" rel="mod">
          <node begin="0" conjtype="onder" end="1" frame="complementizer(als)" his="normal" his_1="decap" his_1_1="normal" id="7" lcat="cp" lemma="als" pos="comp" postag="VG(onder)" pt="vg" rel="cmp" root="als" sc="als" sense="als" word="Als"/>
          <node begin="1" cat="ssub" end="7" id="8" rel="body">
            <node begin="1" case="nom" def="def" end="2" frame="pronoun(nwh,fir,sg,de,nom,def)" gen="de" getal="ev" his="normal" his_1="normal" id="9" index="2" lcat="np" lemma="ik" naamval="nomin" num="sg" pdtype="pron" per="fir" persoon="1" pos="pron" postag="VNW(pers,pron,nomin,vol,1,ev)" pt="vnw" rel="su" rnum="sg" root="ik" sense="ik" status="vol" vwtype="pers" wh="nwh" word="ik"/>
            <node begin="4" end="5" frame="verb(zijn,sg1,aux(te_inf))" his="normal" his_1="normal" id="10" infl="sg1" lcat="ssub" lemma="beginnen" pos="verb" postag="WW(pv,tgw,ev)" pt="ww" pvagr="ev" pvtijd="tgw" rel="hd" root="begin" sc="aux(te_inf)" sense="begin" tense="present" v_per="fir" word="begin" wvorm="pv"/>
            <node begin="1" cat="ti" end="7" id="11" rel="vc">
              <node begin="5" end="6" frame="complementizer(te)" his="normal" his_1="normal" id="12" lcat="ti" lemma="te" pos="comp" postag="VZ(init)" pt="vz" rel="cmp" root="te" sc="te" sense="te" vztype="init" word="te"/>
              <node begin="1" cat="inf" end="7" id="13" rel="body">
                <node begin="1" end="2" id="14" index="2" rel="su"/>
                <node begin="2" cat="np" end="4" id="15" rel="obj1">
                  <node aform="base" begin="2" buiging="met-e" end="3" frame="adjective(e)" graad="basis" his="normal" his_1="normal" id="16" infl="e" lcat="ap" lemma="knapperig" naamval="stan" pos="adj" positie="prenom" postag="ADJ(prenom,basis,met-e,stan)" pt="adj" rel="mod" root="knapperig" sense="knapperig" vform="adj" word="knapperige"/>
                  <node begin="3" end="4" frame="noun(de,count,sg)" gen="de" genus="zijd" getal="ev" graad="basis" his="compound" his_1="2" id="17" lcat="np" lemma="aardappel_friet" naamval="stan" ntype="soort" num="sg" pos="noun" postag="N(soort,ev,basis,zijd,stan)" pt="n" rel="hd" rnum="sg" root="aardappel_friet" sense="aardappel_friet" word="aardappelfriet"/>
                </node>
                <node begin="6" buiging="zonder" end="7" frame="verb(hebben,inf,transitive)" his="normal" his_1="normal" id="18" infl="inf" lcat="inf" lemma="eten" pos="verb" positie="vrij" postag="WW(inf,vrij,zonder)" pt="ww" rel="hd" root="eet" sc="transitive" sense="eet" word="eten" wvorm="inf"/>
              </node>
            </node>
          </node>
        </node>
        <node begin="9" end="10" id="19" index="1" rel="su"/>
        <node begin="10" end="11" frame="adverb" his="normal" his_1="normal" id="20" lcat="advp" lemma="niet" pos="adv" postag="BW()" pt="bw" rel="mod" root="niet" sense="niet" word="niet"/>
        <node begin="11" buiging="zonder" end="12" frame="verb(zijn,inf,intransitive)" his="normal" his_1="normal" id="21" infl="inf" lcat="inf" lemma="stoppen" pos="verb" positie="vrij" postag="WW(inf,vrij,zonder)" pt="ww" rel="hd" root="stop" sc="intransitive" sense="stop" word="stoppen" wvorm="inf"/>
      </node>
    </node>
    <node begin="12" end="13" frame="punct(punt)" his="normal" his_1="normal" id="22" lcat="punct" lemma="." pos="punct" postag="LET()" pt="let" rel="--" root="." sense="." special="punt" word="."/>
  </node>
  <sentence sentid="244">Als ik knapperige aardappelfriet begin te eten , kan ik niet stoppen .</sentence>
  <comments>
    <comment>Q#244|Als ik knapperige aardappelfriet begin te eten , kan ik niet stoppen .|1|1|-8.689519053200002</comment>
  </comments>
</alpino_ds>
