<?xml version="1.0" encoding="UTF-8"?>
<alpino_ds version="1.15">
  <parser build="Alpino-x86_64-linux-glibc2.5-git1006-sicstus" date="2023-09-07T13:26" cats="1" skips="0" />
  <node begin="0" cat="top" end="6" id="0" rel="top">
    <node begin="0" cat="smain" end="5" id="1" rel="--">
      <node begin="0" case="nom" def="def" end="1" frame="pronoun(nwh,fir,sg,de,nom,def)" gen="de" getal="ev" his="normal" his_1="decap" his_1_1="normal" id="2" lcat="np" lemma="ik" naamval="nomin" num="sg" pdtype="pron" per="fir" persoon="1" pos="pron" postag="VNW(pers,pron,nomin,vol,1,ev)" pt="vnw" rel="su" rnum="sg" root="ik" sense="ik" status="vol" vwtype="pers" wh="nwh" word="Ik"/>
      <node begin="1" end="2" frame="verb(hebben,sg1,transitive_ndev)" his="normal" his_1="normal" id="3" infl="sg1" lcat="smain" lemma="hebben" pos="verb" postag="WW(pv,tgw,ev)" pt="ww" pvagr="ev" pvtijd="tgw" rel="hd" root="heb" sc="transitive_ndev" sense="heb" stype="declarative" tense="present" v_per="fir" word="heb" wvorm="pv"/>
      <node begin="2" cat="np" end="5" id="4" rel="obj1">
        <node begin="2" buiging="zonder" end="3" frame="determiner(geen,nwh,mod,pro,yparg,nwkpro,geen)" his="normal" his_1="normal" id="5" infl="geen" lcat="detp" lemma="geen" naamval="stan" npagr="agr" pdtype="det" pos="det" positie="prenom" postag="VNW(onbep,det,stan,prenom,zonder,agr)" pt="vnw" rel="det" root="geen" sense="geen" vwtype="onbep" wh="nwh" word="geen"/>
        <node aform="base" begin="3" buiging="zonder" end="4" frame="adjective(no_e(adv))" graad="basis" his="normal" his_1="normal" id="6" infl="no_e" lcat="ap" lemma="goed" pos="adj" positie="prenom" postag="ADJ(prenom,basis,zonder)" pt="adj" rel="mod" root="goed" sense="goed" vform="adj" word="goed"/>
        <node begin="4" end="5" frame="noun(het,count,sg)" gen="het" genus="onz" getal="ev" graad="basis" his="normal" his_1="normal" id="7" lcat="np" lemma="mes" naamval="stan" ntype="soort" num="sg" pos="noun" postag="N(soort,ev,basis,onz,stan)" pt="n" rel="hd" rnum="sg" root="mes" sense="mes" word="mes"/>
      </node>
    </node>
    <node begin="5" end="6" frame="punct(punt)" his="normal" his_1="normal" id="8" lcat="punct" lemma="." pos="punct" postag="LET()" pt="let" rel="--" root="." sense="." special="punt" word="."/>
  </node>
  <sentence sentid="2456">Ik heb geen goed mes .</sentence>
  <comments>
    <comment>Q#2456|Ik heb geen goed mes .|1|1|-6.352783139000001</comment>
  </comments>
</alpino_ds>
