<?xml version="1.0" encoding="UTF-8"?>
<alpino_ds version="1.15">
  <parser build="Alpino-x86_64-linux-glibc2.5-git1006-sicstus" date="2023-09-07T13:18" cats="1" skips="0" />
  <node begin="0" cat="top" end="16" id="0" rel="top">
    <node begin="6" end="7" frame="punct(komma)" his="normal" his_1="normal" id="1" lcat="punct" lemma="," pos="punct" postag="LET()" pt="let" rel="--" root="," sense="," special="komma" word=","/>
    <node begin="0" cat="smain" end="15" id="2" rel="--">
      <node begin="7" end="8" frame="verb(hebben,modal_not_u,aux(inf))" his="normal" his_1="normal" id="3" infl="modal_not_u" lcat="smain" lemma="zullen" pos="verb" postag="WW(pv,tgw,ev)" pt="ww" pvagr="ev" pvtijd="tgw" rel="hd" root="zal" sc="aux(inf)" sense="zal" stype="declarative" tense="present" v_per="fir" word="zal" wvorm="pv"/>
      <node begin="8" case="nom" def="def" end="9" frame="pronoun(nwh,fir,sg,de,nom,def)" gen="de" getal="ev" his="normal" his_1="normal" id="4" index="1" lcat="np" lemma="ik" naamval="nomin" num="sg" pdtype="pron" per="fir" persoon="1" pos="pron" postag="VNW(pers,pron,nomin,vol,1,ev)" pt="vnw" rel="su" rnum="sg" root="ik" sense="ik" status="vol" vwtype="pers" wh="nwh" word="ik"/>
      <node begin="0" cat="inf" end="15" id="5" rel="vc">
        <node begin="0" cat="cp" end="6" id="6" rel="mod">
          <node begin="0" conjtype="onder" end="1" frame="complementizer(als)" his="normal" his_1="decap" his_1_1="normal" id="7" lcat="cp" lemma="als" pos="comp" postag="VG(onder)" pt="vg" rel="cmp" root="als" sc="als" sense="als" word="Als"/>
          <node begin="1" cat="ssub" end="6" id="8" rel="body">
            <node begin="1" case="nom" def="def" end="2" frame="pronoun(nwh,fir,sg,de,nom,def)" gen="de" getal="ev" his="normal" his_1="normal" id="9" lcat="np" lemma="ik" naamval="nomin" num="sg" pdtype="pron" per="fir" persoon="1" pos="pron" postag="VNW(pers,pron,nomin,vol,1,ev)" pt="vnw" rel="su" rnum="sg" root="ik" sense="ik" status="vol" vwtype="pers" wh="nwh" word="ik"/>
            <node begin="2" cat="pp" end="5" id="10" rel="ld">
              <node begin="2" end="3" frame="preposition(naar,[toe])" his="normal" his_1="normal" id="11" lcat="pp" lemma="naar" pos="prep" postag="VZ(init)" pt="vz" rel="hd" root="naar" sense="naar" vztype="init" word="naar"/>
              <node begin="3" cat="np" end="5" id="12" rel="obj1">
                <node begin="3" end="4" frame="determiner(het,nwh,nmod,pro,nparg,wkpro)" his="normal" his_1="normal" id="13" infl="het" lcat="detp" lemma="het" lwtype="bep" naamval="stan" npagr="evon" pos="det" postag="LID(bep,stan,evon)" pt="lid" rel="det" root="het" sense="het" wh="nwh" word="het"/>
                <node begin="4" end="5" frame="noun(het,count,sg)" gen="het" genus="onz" getal="ev" graad="dim" his="normal" his_1="normal" id="14" lcat="np" lemma="feest" naamval="stan" ntype="soort" num="sg" pos="noun" postag="N(soort,ev,dim,onz,stan)" pt="n" rel="hd" rnum="sg" root="feest_DIM" sense="feest_DIM" word="feestje"/>
              </node>
            </node>
            <node begin="5" end="6" frame="verb(zijn,sg1,ld_pp)" his="normal" his_1="normal" id="15" infl="sg1" lcat="ssub" lemma="gaan" pos="verb" postag="WW(pv,tgw,ev)" pt="ww" pvagr="ev" pvtijd="tgw" rel="hd" root="ga" sc="ld_pp" sense="ga" tense="present" v_per="fir" word="ga" wvorm="pv"/>
          </node>
        </node>
        <node begin="8" end="9" id="16" index="1" rel="su"/>
        <node begin="9" cat="np" end="14" id="17" rel="obj1">
          <node begin="9" cat="np" end="11" his="normal" his_1="normal" id="18" rel="det">
            <node begin="9" end="10" frame="determiner(een)" id="19" infl="een" lcat="detp" lemma="een" lwtype="onbep" naamval="stan" npagr="agr" pos="det" postag="LID(onbep,stan,agr)" pt="lid" rel="det" root="een" sense="een" word="een"/>
            <node begin="10" end="11" frame="noun(both,both,sg)" gen="both" genus="onz" getal="ev" graad="basis" id="20" lcat="np" lemma="paar" naamval="stan" ntype="soort" num="sg" pos="noun" postag="N(soort,ev,basis,onz,stan)" pt="n" rel="hd" root="paar" sense="paar" word="paar"/>
          </node>
          <node begin="11" end="12" frame="noun(de,count,pl,measure)" gen="de" getal="mv" graad="basis" his="normal" his_1="normal" id="21" lcat="np" lemma="fles" ntype="soort" num="pl" pos="noun" postag="N(soort,mv,basis)" pt="n" rel="hd" rnum="pl" root="fles" sc="measure" sense="fles" word="flessen"/>
          <node begin="12" cat="np" end="14" id="22" rel="mod">
            <node aform="base" begin="12" buiging="zonder" end="13" frame="adjective(both(nonadv))" graad="basis" his="normal" his_1="normal" id="23" infl="both" lcat="ap" lemma="vintage" pos="adj" positie="prenom" postag="ADJ(prenom,basis,zonder)" pt="adj" rel="mod" root="vintage" sense="vintage" vform="adj" word="vintage"/>
            <node begin="13" end="14" frame="noun(de,both,sg)" gen="de" genus="zijd" getal="ev" graad="basis" his="normal" his_1="normal" id="24" lcat="np" lemma="wijn" naamval="stan" ntype="soort" num="sg" pos="noun" postag="N(soort,ev,basis,zijd,stan)" pt="n" rel="hd" rnum="sg" root="wijn" sense="wijn" word="wijn"/>
          </node>
        </node>
        <node begin="14" buiging="zonder" end="15" frame="verb(hebben,inf,ninv(transitive,part_transitive(mee)))" his="normal" his_1="part-V" id="25" infl="inf" lcat="inf" lemma="mee_nemen" pos="verb" positie="vrij" postag="WW(inf,vrij,zonder)" pt="ww" rel="hd" root="neem_mee" sc="part_transitive(mee)" sense="neem_mee" word="meenemen" wvorm="inf"/>
      </node>
    </node>
    <node begin="15" end="16" frame="punct(punt)" his="normal" his_1="normal" id="26" lcat="punct" lemma="." pos="punct" postag="LET()" pt="let" rel="--" root="." sense="." special="punt" word="."/>
  </node>
  <sentence sentid="248">Als ik naar het feestje ga , zal ik een paar flessen vintage wijn meenemen .</sentence>
  <comments>
    <comment>Q#248|Als ik naar het feestje ga , zal ik een paar flessen vintage wijn meenemen .|1|1|-13.7396378864</comment>
  </comments>
</alpino_ds>
