<?xml version="1.0" encoding="UTF-8"?>
<alpino_ds version="1.15">
  <parser build="Alpino-x86_64-linux-glibc2.5-git1006-sicstus" date="2023-09-07T13:17" cats="1" skips="0" />
  <node begin="0" cat="top" end="10" id="0" rel="top">
    <node begin="0" cat="smain" end="9" id="1" rel="--">
      <node begin="0" cat="np" end="5" id="2" index="1" rel="su">
        <node begin="0" buiging="met-e" end="1" frame="determiner(alle,nwh,mod,pro,nparg)" his="normal" his_1="decap" his_1_1="normal" id="3" infl="alle" lcat="detp" lemma="al" naamval="stan" npagr="agr" pdtype="det" pos="det" positie="prenom" postag="VNW(onbep,det,stan,prenom,met-e,agr)" pt="vnw" rel="det" root="al" sense="al" vwtype="onbep" wh="nwh" word="Alle"/>
        <node begin="1" end="2" frame="noun(het,count,pl)" gen="het" getal="mv" graad="basis" his="normal" his_1="normal" id="4" lcat="np" lemma="dier" ntype="soort" num="pl" pos="noun" postag="N(soort,mv,basis)" pt="n" rel="hd" rnum="pl" root="dier" sense="dier" word="dieren"/>
        <node begin="2" cat="pp" end="5" id="5" rel="mod">
          <node begin="2" end="3" frame="preposition(van,[af,uit,vandaan,[af,aan]])" his="normal" his_1="normal" id="6" lcat="pp" lemma="van" pos="prep" postag="VZ(init)" pt="vz" rel="hd" root="van" sense="van" vztype="init" word="van"/>
          <node begin="3" cat="np" end="5" id="7" rel="obj1">
            <node begin="3" end="4" frame="determiner(de)" his="normal" his_1="normal" id="8" infl="de" lcat="detp" lemma="de" lwtype="bep" naamval="stan" npagr="rest" pos="det" postag="LID(bep,stan,rest)" pt="lid" rel="det" root="de" sense="de" word="de"/>
            <node begin="4" end="5" frame="noun(de,count,sg)" gen="de" genus="zijd" getal="ev" graad="basis" his="normal" his_1="normal" id="9" lcat="np" lemma="wereld" naamval="stan" ntype="soort" num="sg" pos="noun" postag="N(soort,ev,basis,zijd,stan)" pt="n" rel="hd" rnum="sg" root="wereld" sense="wereld" word="wereld"/>
          </node>
        </node>
      </node>
      <node begin="5" end="6" frame="verb(hebben,past(pl),aux(inf))" his="normal" his_1="normal" id="10" infl="pl" lcat="smain" lemma="zullen" pos="verb" postag="WW(pv,verl,mv)" pt="ww" pvagr="mv" pvtijd="verl" rel="hd" root="zal" sc="aux(inf)" sense="zal" stype="declarative" tense="past" v_per="thi" word="zouden" wvorm="pv"/>
      <node begin="0" cat="inf" end="9" id="11" rel="vc">
        <node begin="0" end="5" id="12" index="1" rel="su"/>
        <node begin="7" buiging="zonder" end="8" frame="verb('hebben/zijn',inf,modifier(aux(inf)))" his="normal" his_1="normal" id="13" infl="inf" lcat="inf" lemma="moeten" pos="verb" positie="vrij" postag="WW(inf,vrij,zonder)" pt="ww" rel="hd" root="moet" sc="modifier(aux(inf))" sense="moet" word="moeten" wvorm="inf"/>
        <node begin="0" cat="inf" end="9" id="14" rel="vc">
          <node begin="0" end="5" id="15" index="1" rel="su"/>
          <node aform="base" begin="6" buiging="zonder" end="7" frame="adjective(no_e(adv))" graad="basis" his="normal" his_1="normal" id="16" infl="no_e" lcat="ap" lemma="naakt" pos="adj" positie="vrij" postag="ADJ(vrij,basis,zonder)" pt="adj" rel="predc" root="naakt" sense="naakt" vform="adj" word="naakt"/>
          <node begin="8" buiging="zonder" end="9" frame="verb(zijn,inf(no_e),ap_copula)" his="normal" his_1="normal" id="17" infl="inf(no_e)" lcat="inf" lemma="gaan" pos="verb" positie="vrij" postag="WW(inf,vrij,zonder)" pt="ww" rel="hd" root="ga" sc="ap_copula" sense="ga" word="gaan" wvorm="inf"/>
        </node>
      </node>
    </node>
    <node begin="9" end="10" frame="punct(punt)" his="normal" his_1="normal" id="18" lcat="punct" lemma="." pos="punct" postag="LET()" pt="let" rel="--" root="." sense="." special="punt" word="."/>
  </node>
  <sentence sentid="25">Alle dieren van de wereld zouden naakt moeten gaan .</sentence>
  <comments>
    <comment>Q#25|Alle dieren van de wereld zouden naakt moeten gaan .|1|1|-4.049078633099999</comment>
  </comments>
</alpino_ds>
