<?xml version="1.0" encoding="UTF-8"?>
<alpino_ds version="1.15">
  <parser build="Alpino-x86_64-linux-glibc2.5-git1006-sicstus" date="2023-09-07T13:26" cats="1" skips="0" />
  <node begin="0" cat="top" end="11" id="0" rel="top">
    <node begin="0" cat="smain" end="10" id="1" rel="--">
      <node begin="0" case="nom" def="def" end="1" frame="pronoun(nwh,fir,sg,de,nom,def)" gen="de" getal="ev" his="normal" his_1="decap" his_1_1="normal" id="2" index="1" lcat="np" lemma="ik" naamval="nomin" num="sg" pdtype="pron" per="fir" persoon="1" pos="pron" postag="VNW(pers,pron,nomin,vol,1,ev)" pt="vnw" rel="su" rnum="sg" root="ik" sense="ik" status="vol" vwtype="pers" wh="nwh" word="Ik"/>
      <node begin="1" end="2" frame="verb(hebben,sg1,aux_psp_hebben)" his="normal" his_1="normal" id="3" infl="sg1" lcat="smain" lemma="hebben" pos="verb" postag="WW(pv,tgw,ev)" pt="ww" pvagr="ev" pvtijd="tgw" rel="hd" root="heb" sc="aux_psp_hebben" sense="heb" stype="declarative" tense="present" v_per="fir" word="heb" wvorm="pv"/>
      <node begin="0" cat="ppart" end="10" id="4" rel="vc">
        <node begin="0" end="1" id="5" index="1" rel="su"/>
        <node begin="2" case="both" def="def" end="3" frame="pronoun(nwh,je,sg,de,both,def,wkpro)" gen="de" getal="getal" his="normal" his_1="normal" id="6" lcat="np" lemma="je" naamval="obl" num="sg" pdtype="pron" per="je" persoon="2v" pos="pron" postag="VNW(pr,pron,obl,red,2v,getal)" pt="vnw" rel="obj1" rnum="sg" root="je" sense="je" special="wkpro" status="red" vwtype="pr" wh="nwh" word="je"/>
        <node begin="3" end="4" frame="tmp_adverb" his="normal" his_1="normal" id="7" lcat="advp" lemma="nooit" pos="adv" postag="BW()" pt="bw" rel="mod" root="nooit" sense="nooit" special="tmp" word="nooit"/>
        <node aform="compar" begin="4" buiging="zonder" end="5" frame="adjective(er(adv))" graad="comp" his="normal" his_1="normal" id="8" infl="no_e" lcat="ap" lemma="eerder" pos="adj" positie="vrij" postag="ADJ(vrij,comp,zonder)" pt="adj" rel="mod" root="eerder" sense="eerder" vform="adj" word="eerder"/>
        <node begin="5" cat="pp" end="9" id="9" rel="pc">
          <node begin="5" end="6" frame="preposition(in,[])" his="normal" his_1="normal" id="10" lcat="pp" lemma="in" pos="prep" postag="VZ(init)" pt="vz" rel="hd" root="in" sense="in" vztype="init" word="in"/>
          <node begin="6" cat="np" end="9" id="11" rel="obj1">
            <node begin="6" end="7" frame="determiner(een)" his="normal" his_1="normal" id="12" infl="een" lcat="detp" lemma="een" lwtype="onbep" naamval="stan" npagr="agr" pos="det" postag="LID(onbep,stan,agr)" pt="lid" rel="det" root="een" sense="een" word="een"/>
            <node aform="base" begin="7" buiging="met-e" end="8" frame="adjective(e)" graad="basis" his="normal" his_1="normal" id="13" infl="e" lcat="ap" lemma="mooi" naamval="stan" pos="adj" positie="prenom" postag="ADJ(prenom,basis,met-e,stan)" pt="adj" rel="mod" root="mooi" sense="mooi" vform="adj" word="mooie"/>
            <node begin="8" end="9" frame="noun(de,count,sg)" gen="de" genus="zijd" getal="ev" graad="basis" his="normal" his_1="normal" id="14" lcat="np" lemma="jurk" naamval="stan" ntype="soort" num="sg" pos="noun" postag="N(soort,ev,basis,zijd,stan)" pt="n" rel="hd" rnum="sg" root="jurk" sense="jurk" word="jurk"/>
          </node>
        </node>
        <node begin="9" buiging="zonder" end="10" frame="verb(hebben,psp,np_pc_pp(in))" his="normal" his_1="normal" id="15" infl="psp" lcat="ppart" lemma="zien" pos="verb" positie="vrij" postag="WW(vd,vrij,zonder)" pt="ww" rel="hd" root="zie" sc="np_pc_pp(in)" sense="zie-in" word="gezien" wvorm="vd"/>
      </node>
    </node>
    <node begin="10" end="11" frame="punct(punt)" his="normal" his_1="normal" id="16" lcat="punct" lemma="." pos="punct" postag="LET()" pt="let" rel="--" root="." sense="." special="punt" word="."/>
  </node>
  <sentence sentid="2518">Ik heb je nooit eerder in een mooie jurk gezien .</sentence>
  <comments>
    <comment>Q#2518|Ik heb je nooit eerder in een mooie jurk gezien .|1|1|-11.982833446100003</comment>
  </comments>
</alpino_ds>
