<?xml version="1.0" encoding="UTF-8"?>
<alpino_ds version="1.15">
  <parser build="Alpino-x86_64-linux-glibc2.5-git1006-sicstus" date="2023-09-07T13:26" cats="1" skips="0" />
  <node begin="0" cat="top" end="12" id="0" rel="top">
    <node begin="0" cat="smain" end="11" id="1" rel="--">
      <node begin="0" case="nom" def="def" end="1" frame="pronoun(nwh,fir,sg,de,nom,def)" gen="de" getal="ev" his="normal" his_1="decap" his_1_1="normal" id="2" index="1" lcat="np" lemma="ik" naamval="nomin" num="sg" pdtype="pron" per="fir" persoon="1" pos="pron" postag="VNW(pers,pron,nomin,vol,1,ev)" pt="vnw" rel="su" rnum="sg" root="ik" sense="ik" status="vol" vwtype="pers" wh="nwh" word="Ik"/>
      <node begin="1" end="2" frame="verb(hebben,sg1,aux_psp_hebben)" his="normal" his_1="normal" id="3" infl="sg1" lcat="smain" lemma="hebben" pos="verb" postag="WW(pv,tgw,ev)" pt="ww" pvagr="ev" pvtijd="tgw" rel="hd" root="heb" sc="aux_psp_hebben" sense="heb" stype="declarative" tense="present" v_per="fir" word="heb" wvorm="pv"/>
      <node begin="0" cat="ppart" end="11" id="4" rel="vc">
        <node begin="0" end="1" id="5" index="1" rel="su"/>
        <node begin="2" end="3" frame="reflexive(fir,sg)" getal="ev" his="normal" his_1="normal" id="6" lcat="np" lemma="me" naamval="obl" num="sg" pdtype="pron" per="fir" persoon="1" pos="pron" postag="VNW(pr,pron,obl,red,1,ev)" pt="vnw" refl="refl" rel="se" root="me" sense="me" status="red" vwtype="pr" word="me"/>
        <node begin="3" cat="advp" end="5" id="7" rel="mod">
          <node begin="3" end="4" frame="modal_adverb" his="normal" his_1="normal" id="8" lcat="advp" lemma="nog" pos="adv" postag="BW()" pt="bw" rel="mod" root="nog" sc="modal" sense="nog" word="nog"/>
          <node begin="4" end="5" frame="tmp_adverb" his="normal" his_1="normal" id="9" lcat="advp" lemma="nooit" pos="adv" postag="BW()" pt="bw" rel="hd" root="nooit" sense="nooit" special="tmp" word="nooit"/>
        </node>
        <node aform="compar" begin="5" buiging="zonder" end="6" frame="adjective(er(padv))" graad="comp" his="normal" his_1="normal" id="10" infl="no_e" lcat="ap" lemma="trots" pos="adj" positie="vrij" postag="ADJ(vrij,comp,zonder)" pt="adj" rel="predc" root="trots" sense="trots" vform="adj" word="trotser"/>
        <node begin="6" buiging="zonder" end="7" frame="verb(hebben,psp,pred_refl)" his="normal" his_1="normal" id="11" infl="psp" lcat="ppart" lemma="voelen" pos="verb" positie="vrij" postag="WW(vd,vrij,zonder)" pt="ww" rel="hd" root="voel" sc="pred_refl" sense="zich-voel" word="gevoeld" wvorm="vd"/>
        <node begin="7" cat="pp" end="11" id="12" rel="mod">
          <node begin="7" end="8" frame="preposition(in,[])" his="normal" his_1="normal" id="13" lcat="pp" lemma="in" pos="prep" postag="VZ(init)" pt="vz" rel="hd" root="in" sense="in" vztype="init" word="in"/>
          <node begin="8" cat="np" end="11" id="14" rel="obj1">
            <node begin="8" buiging="zonder" end="9" frame="determiner(pron)" getal="ev" his="normal" his_1="normal" id="15" infl="pron" lcat="detp" lemma="mijn" naamval="stan" npagr="agr" pdtype="det" persoon="1" pos="det" positie="prenom" postag="VNW(bez,det,stan,vol,1,ev,prenom,zonder,agr)" pron="true" pt="vnw" rel="det" root="mijn" sense="mijn" status="vol" vwtype="bez" word="mijn"/>
            <node aform="base" begin="9" buiging="met-e" end="10" frame="adjective(e)" graad="basis" his="normal" his_1="normal" id="16" infl="e" lcat="ap" lemma="heel" naamval="stan" pos="adj" positie="prenom" postag="ADJ(prenom,basis,met-e,stan)" pt="adj" rel="mod" root="heel" sense="heel" vform="adj" word="hele"/>
            <node begin="10" end="11" frame="tmp_noun(het,count,sg)" gen="het" genus="onz" getal="ev" graad="basis" his="normal" his_1="normal" id="17" lcat="np" lemma="leven" naamval="stan" ntype="soort" num="sg" pos="noun" postag="N(soort,ev,basis,onz,stan)" pt="n" rel="hd" rnum="sg" root="leven" sense="leven" special="tmp" word="leven"/>
          </node>
        </node>
      </node>
    </node>
    <node begin="11" end="12" frame="punct(punt)" his="normal" his_1="normal" id="18" lcat="punct" lemma="." pos="punct" postag="LET()" pt="let" rel="--" root="." sense="." special="punt" word="."/>
  </node>
  <sentence sentid="2523">Ik heb me nog nooit trotser gevoeld in mijn hele leven .</sentence>
  <comments>
    <comment>Q#2523|Ik heb me nog nooit trotser gevoeld in mijn hele leven .|1|1|-15.256145610400004</comment>
  </comments>
</alpino_ds>
