<?xml version="1.0" encoding="UTF-8"?>
<alpino_ds version="1.15">
  <parser build="Alpino-x86_64-linux-glibc2.5-git1006-sicstus" date="2023-09-07T13:26" cats="2" skips="0" />
  <node begin="0" cat="top" end="10" id="0" rel="top">
    <node begin="0" cat="du" end="9" id="1" rel="--">
      <node begin="0" cat="smain" end="7" id="2" rel="dp">
        <node begin="0" case="nom" def="def" end="1" frame="pronoun(nwh,fir,sg,de,nom,def)" gen="de" getal="ev" his="normal" his_1="decap" his_1_1="normal" id="3" lcat="np" lemma="ik" naamval="nomin" num="sg" pdtype="pron" per="fir" persoon="1" pos="pron" postag="VNW(pers,pron,nomin,vol,1,ev)" pt="vnw" rel="su" rnum="sg" root="ik" sense="ik" status="vol" vwtype="pers" wh="nwh" word="Ik"/>
        <node begin="1" end="2" frame="verb(hebben,sg1,transitive_ndev)" his="normal" his_1="normal" id="4" infl="sg1" lcat="smain" lemma="hebben" pos="verb" postag="WW(pv,tgw,ev)" pt="ww" pvagr="ev" pvtijd="tgw" rel="hd" root="heb" sc="transitive_ndev" sense="heb" stype="declarative" tense="present" v_per="fir" word="heb" wvorm="pv"/>
        <node begin="2" cat="advp" end="4" id="5" rel="mod">
          <node begin="2" end="3" frame="modal_adverb" his="normal" his_1="normal" id="6" lcat="advp" lemma="nog" pos="adv" postag="BW()" pt="bw" rel="mod" root="nog" sc="modal" sense="nog" word="nog"/>
          <node begin="3" end="4" frame="tmp_adverb" his="normal" his_1="normal" id="7" lcat="advp" lemma="nooit" pos="adv" postag="BW()" pt="bw" rel="hd" root="nooit" sense="nooit" special="tmp" word="nooit"/>
        </node>
        <node begin="4" cat="np" end="7" id="8" rel="obj1">
          <node begin="4" end="5" frame="determiner(een)" his="normal" his_1="normal" id="9" infl="een" lcat="detp" lemma="een" lwtype="onbep" naamval="stan" npagr="agr" pos="det" postag="LID(onbep,stan,agr)" pt="lid" rel="det" root="een" sense="een" word="een"/>
          <node aform="base" begin="5" buiging="met-e" end="6" frame="adjective(ende(both))" his="normal" his_1="normal" id="10" infl="e" lcat="ppres" lemma="leven" pos="adj" positie="prenom" postag="WW(od,prenom,met-e)" pt="ww" rel="mod" root="leven" sense="leven" vform="gerund" word="levende" wvorm="od"/>
          <node begin="6" end="7" frame="noun(de,count,sg)" gen="de" genus="zijd" getal="ev" graad="basis" his="normal" his_1="normal" id="11" lcat="np" lemma="baby" naamval="stan" ntype="soort" num="sg" pos="noun" postag="N(soort,ev,basis,zijd,stan)" pt="n" rel="hd" rnum="sg" root="baby" sense="baby" word="baby"/>
        </node>
      </node>
      <node begin="7" cat="ppart" end="9" id="12" rel="dp">
        <node begin="7" end="8" frame="noun(de,count,sg)" gen="de" genus="zijd" getal="ev" graad="basis" his="normal" his_1="normal" id="13" lcat="np" lemma="walvis" naamval="stan" ntype="soort" num="sg" pos="noun" postag="N(soort,ev,basis,zijd,stan)" pt="n" rel="obj1" rnum="sg" root="walvis" sense="walvis" word="walvis"/>
        <node begin="8" buiging="zonder" end="9" frame="verb(hebben,psp,transitive_ndev_ndev)" his="normal" his_1="normal" id="14" infl="psp" lcat="ppart" lemma="zien" pos="verb" positie="vrij" postag="WW(vd,vrij,zonder)" pt="ww" rel="hd" root="zie" sc="transitive_ndev_ndev" sense="zie" word="gezien" wvorm="vd"/>
      </node>
    </node>
    <node begin="9" end="10" frame="punct(punt)" his="robust_skip" id="15" lcat="--" lemma="." pos="punct" postag="LET()" pt="let" rel="--" root="." sense="." special="punt" word="."/>
  </node>
  <sentence sentid="2560">Ik heb nog nooit een levende baby walvis gezien .</sentence>
  <comments>
    <comment>Q#2560|Ik heb nog nooit een levende baby walvis gezien .|1|2|-5.100613803600002</comment>
  </comments>
</alpino_ds>
