<?xml version="1.0" encoding="UTF-8"?>
<alpino_ds version="1.15">
  <parser build="Alpino-x86_64-linux-glibc2.5-git1006-sicstus" date="2023-09-07T13:26" cats="1" skips="0" />
  <node begin="0" cat="top" end="12" id="0" rel="top">
    <node begin="0" cat="smain" end="11" id="1" rel="--">
      <node begin="0" case="nom" def="def" end="1" frame="pronoun(nwh,fir,sg,de,nom,def)" gen="de" getal="ev" his="normal" his_1="decap" his_1_1="normal" id="2" index="1" lcat="np" lemma="ik" naamval="nomin" num="sg" pdtype="pron" per="fir" persoon="1" pos="pron" postag="VNW(pers,pron,nomin,vol,1,ev)" pt="vnw" rel="su" rnum="sg" root="ik" sense="ik" status="vol" vwtype="pers" wh="nwh" word="Ik"/>
      <node begin="1" end="2" frame="verb(hebben,sg1,aux_psp_hebben)" his="normal" his_1="normal" id="3" infl="sg1" lcat="smain" lemma="hebben" pos="verb" postag="WW(pv,tgw,ev)" pt="ww" pvagr="ev" pvtijd="tgw" rel="hd" root="heb" sc="aux_psp_hebben" sense="heb" stype="declarative" tense="present" v_per="fir" word="heb" wvorm="pv"/>
      <node begin="0" cat="ppart" end="11" id="4" rel="vc">
        <node begin="0" end="1" id="5" index="1" rel="su"/>
        <node begin="2" cat="advp" end="4" id="6" rel="mod">
          <node begin="2" end="3" frame="modal_adverb" his="normal" his_1="normal" id="7" lcat="advp" lemma="nog" pos="adv" postag="BW()" pt="bw" rel="mod" root="nog" sc="modal" sense="nog" word="nog"/>
          <node begin="3" end="4" frame="tmp_adverb" his="normal" his_1="normal" id="8" lcat="advp" lemma="nooit" pos="adv" postag="BW()" pt="bw" rel="hd" root="nooit" sense="nooit" special="tmp" word="nooit"/>
        </node>
        <node aform="compar" begin="4" buiging="zonder" end="5" frame="adjective(er(adv))" graad="comp" his="normal" his_1="normal" id="9" infl="no_e" lcat="ap" lemma="eerder" pos="adj" positie="vrij" postag="ADJ(vrij,comp,zonder)" pt="adj" rel="mod" root="eerder" sense="eerder" vform="adj" word="eerder"/>
        <node begin="5" cat="np" end="7" id="10" rel="obj1">
          <node begin="5" end="6" frame="determiner(een)" his="normal" his_1="normal" id="11" infl="een" lcat="detp" lemma="een" lwtype="onbep" naamval="stan" npagr="agr" pos="det" postag="LID(onbep,stan,agr)" pt="lid" rel="det" root="een" sense="een" word="een"/>
          <node begin="6" end="7" frame="noun(de,count,sg)" gen="de" genus="zijd" getal="ev" graad="basis" his="normal" his_1="normal" id="12" lcat="np" lemma="vriendin" naamval="stan" ntype="soort" num="sg" pos="noun" postag="N(soort,ev,basis,zijd,stan)" pt="n" rel="hd" rnum="sg" root="vriendin" sense="vriendin" word="vriendin"/>
        </node>
        <node begin="7" buiging="zonder" end="8" frame="verb(hebben,psp,transitive_ndev)" his="normal" his_1="normal" id="13" infl="psp" lcat="ppart" lemma="hebben" pos="verb" positie="vrij" postag="WW(vd,vrij,zonder)" pt="ww" rel="hd" root="heb" sc="transitive_ndev" sense="heb" word="gehad" wvorm="vd"/>
        <node begin="8" cat="ap" end="11" id="14" rel="mod">
          <node aform="compar" begin="8" buiging="zonder" end="9" frame="adjective(er(tmpadv))" graad="comp" his="normal" his_1="normal" id="15" infl="no_e" lcat="ap" lemma="lang" pos="adj" positie="vrij" postag="ADJ(vrij,comp,zonder)" pt="adj" rel="hd" root="lang" sense="lang" vform="adj" word="langer"/>
          <node begin="9" cat="cp" end="11" id="16" rel="obcomp">
            <node begin="9" conjtype="onder" end="10" frame="comparative(dan)" his="normal" his_1="normal" id="17" lcat="comparative" lemma="dan" pos="comparative" postag="VG(onder)" pt="vg" rel="cmp" root="dan" sense="dan" word="dan"/>
            <node begin="10" case="nom" def="def" end="11" frame="pronoun(nwh,fir,sg,de,nom,def)" gen="de" getal="ev" his="normal" his_1="normal" id="18" lcat="np" lemma="ik" naamval="nomin" num="sg" pdtype="pron" per="fir" persoon="1" pos="pron" postag="VNW(pers,pron,nomin,vol,1,ev)" pt="vnw" rel="body" rnum="sg" root="ik" sense="ik" status="vol" vwtype="pers" wh="nwh" word="ik"/>
          </node>
        </node>
      </node>
    </node>
    <node begin="11" end="12" frame="punct(punt)" his="normal" his_1="normal" id="19" lcat="punct" lemma="." pos="punct" postag="LET()" pt="let" rel="--" root="." sense="." special="punt" word="."/>
  </node>
  <sentence sentid="2571">Ik heb nog nooit eerder een vriendin gehad langer dan ik .</sentence>
  <comments>
    <comment>Q#2571|Ik heb nog nooit eerder een vriendin gehad langer dan ik .|1|1|-12.6703473197</comment>
  </comments>
</alpino_ds>
