<?xml version="1.0" encoding="UTF-8"?>
<alpino_ds version="1.15">
  <parser build="Alpino-x86_64-linux-glibc2.5-git1006-sicstus" date="2023-09-07T13:26" cats="1" skips="0" />
  <node begin="0" cat="top" end="7" id="0" rel="top">
    <node begin="0" cat="smain" end="6" id="1" rel="--">
      <node begin="0" case="nom" def="def" end="1" frame="pronoun(nwh,fir,sg,de,nom,def)" gen="de" getal="ev" his="normal" his_1="decap" his_1_1="normal" id="2" lcat="np" lemma="ik" naamval="nomin" num="sg" pdtype="pron" per="fir" persoon="1" pos="pron" postag="VNW(pers,pron,nomin,vol,1,ev)" pt="vnw" rel="su" rnum="sg" root="ik" sense="ik" status="vol" vwtype="pers" wh="nwh" word="Ik"/>
      <node begin="1" end="2" frame="verb(hebben,past(sg),part_transitive(bij))" his="normal" his_1="normal" id="3" infl="sg" lcat="smain" lemma="bij_houden" pos="verb" postag="WW(pv,verl,ev)" pt="ww" pvagr="ev" pvtijd="verl" rel="hd" root="houd_bij" sc="part_transitive(bij)" sense="houd_bij" stype="declarative" tense="past" v_per="fir" word="hield" wvorm="pv"/>
      <node begin="2" end="3" frame="tmp_adverb" his="normal" his_1="normal" id="4" lcat="advp" lemma="ooit" pos="adv" postag="BW()" pt="bw" rel="mod" root="ooit" sense="ooit" special="tmp" word="ooit"/>
      <node begin="3" cat="np" end="5" id="5" rel="obj1">
        <node begin="3" end="4" frame="determiner(een)" his="normal" his_1="normal" id="6" infl="een" lcat="detp" lemma="een" lwtype="onbep" naamval="stan" npagr="agr" pos="det" postag="LID(onbep,stan,agr)" pt="lid" rel="det" root="een" sense="een" word="een"/>
        <node begin="4" end="5" frame="noun(het,count,sg)" gen="het" genus="onz" getal="ev" graad="basis" his="normal" his_1="normal" id="7" lcat="np" lemma="dag_boek" naamval="stan" ntype="soort" num="sg" pos="noun" postag="N(soort,ev,basis,onz,stan)" pt="n" rel="hd" rnum="sg" root="dag_boek" sense="dag_boek" word="dagboek"/>
      </node>
      <node begin="5" end="6" frame="particle(bij)" his="normal" his_1="normal" id="8" lcat="part" lemma="bij" pos="part" postag="VZ(fin)" pt="vz" rel="svp" root="bij" sense="bij" vztype="fin" word="bij"/>
    </node>
    <node begin="6" end="7" frame="punct(punt)" his="normal" his_1="normal" id="9" lcat="punct" lemma="." pos="punct" postag="LET()" pt="let" rel="--" root="." sense="." special="punt" word="."/>
  </node>
  <sentence sentid="2600">Ik hield ooit een dagboek bij .</sentence>
  <comments>
    <comment>Q#2600|Ik hield ooit een dagboek bij .|1|1|-8.799184033900001</comment>
  </comments>
</alpino_ds>
