<?xml version="1.0" encoding="UTF-8"?>
<alpino_ds version="1.15">
  <parser build="Alpino-x86_64-linux-glibc2.5-git1006-sicstus" date="2023-09-07T13:26" cats="1" skips="0" />
  <node begin="0" cat="top" end="8" id="0" rel="top">
    <node begin="0" cat="smain" end="7" id="1" rel="--">
      <node begin="0" case="nom" def="def" end="1" frame="pronoun(nwh,fir,sg,de,nom,def)" gen="de" getal="ev" his="normal" his_1="decap" his_1_1="normal" id="2" lcat="np" lemma="ik" naamval="nomin" num="sg" pdtype="pron" per="fir" persoon="1" pos="pron" postag="VNW(pers,pron,nomin,vol,1,ev)" pt="vnw" rel="su" rnum="sg" root="ik" sense="ik" status="vol" vwtype="pers" wh="nwh" word="Ik"/>
      <node begin="1" end="2" frame="verb(hebben,sg1,tr_sbar)" his="normal" his_1="normal" id="3" infl="sg1" lcat="smain" lemma="hopen" pos="verb" postag="WW(pv,tgw,ev)" pt="ww" pvagr="ev" pvtijd="tgw" rel="hd" root="hoop" sc="tr_sbar" sense="hoop" stype="declarative" tense="present" v_per="fir" word="hoop" wvorm="pv"/>
      <node begin="2" cat="cp" end="7" id="4" rel="vc">
        <node begin="2" conjtype="onder" end="3" frame="complementizer(dat)" his="normal" his_1="normal" id="5" lcat="cp" lemma="dat" pos="comp" postag="VG(onder)" pt="vg" rel="cmp" root="dat" sc="dat" sense="dat" word="dat"/>
        <node begin="3" cat="ssub" end="7" id="6" rel="body">
          <node begin="3" end="4" frame="determiner(het,nwh,nmod,pro,nparg)" getal="ev" his="normal" his_1="normal" id="7" infl="het" lcat="np" lemma="dit" naamval="stan" pdtype="pron" persoon="3o" pos="det" postag="VNW(aanw,pron,stan,vol,3o,ev)" pt="vnw" rel="su" rnum="sg" root="dit" sense="dit" status="vol" vwtype="aanw" wh="nwh" word="dit"/>
          <node begin="4" cat="np" end="6" id="8" rel="predc">
            <node begin="4" buiging="zonder" end="5" frame="determiner(geen,nwh,mod,pro,yparg,nwkpro,geen)" his="normal" his_1="normal" id="9" infl="geen" lcat="detp" lemma="geen" naamval="stan" npagr="agr" pdtype="det" pos="det" positie="prenom" postag="VNW(onbep,det,stan,prenom,zonder,agr)" pt="vnw" rel="det" root="geen" sense="geen" vwtype="onbep" wh="nwh" word="geen"/>
            <node begin="5" end="6" frame="noun(de,count,sg)" gen="de" genus="zijd" getal="ev" graad="basis" his="normal" his_1="normal" id="10" lcat="np" lemma="fout" naamval="stan" ntype="soort" num="sg" pos="noun" postag="N(soort,ev,basis,zijd,stan)" pt="n" rel="hd" rnum="sg" root="fout" sense="fout" word="fout"/>
          </node>
          <node begin="6" end="7" frame="verb(unacc,sg_is,copula)" his="normal" his_1="normal" id="11" infl="sg_is" lcat="ssub" lemma="zijn" pos="verb" postag="WW(pv,tgw,ev)" pt="ww" pvagr="ev" pvtijd="tgw" rel="hd" root="ben" sc="copula" sense="ben" tense="present" v_per="thi" word="is" wvorm="pv"/>
        </node>
      </node>
    </node>
    <node begin="7" end="8" frame="punct(punt)" his="normal" his_1="normal" id="12" lcat="punct" lemma="." pos="punct" postag="LET()" pt="let" rel="--" root="." sense="." special="punt" word="."/>
  </node>
  <sentence sentid="2607">Ik hoop dat dit geen fout is .</sentence>
  <comments>
    <comment>Q#2607|Ik hoop dat dit geen fout is .|1|1|-8.4788482148</comment>
  </comments>
</alpino_ds>
