<?xml version="1.0" encoding="UTF-8"?>
<alpino_ds version="1.15">
  <parser build="Alpino-x86_64-linux-glibc2.5-git1006-sicstus" date="2023-09-07T13:26" cats="1" skips="0" />
  <node begin="0" cat="top" end="9" id="0" rel="top">
    <node begin="0" cat="smain" end="8" id="1" rel="--">
      <node begin="0" case="nom" def="def" end="1" frame="pronoun(nwh,fir,sg,de,nom,def)" gen="de" getal="ev" his="normal" his_1="decap" his_1_1="normal" id="2" lcat="np" lemma="ik" naamval="nomin" num="sg" pdtype="pron" per="fir" persoon="1" pos="pron" postag="VNW(pers,pron,nomin,vol,1,ev)" pt="vnw" rel="su" rnum="sg" root="ik" sense="ik" status="vol" vwtype="pers" wh="nwh" word="Ik"/>
      <node begin="1" end="2" frame="verb(hebben,sg1,tr_sbar)" his="normal" his_1="normal" id="3" infl="sg1" lcat="smain" lemma="hopen" pos="verb" postag="WW(pv,tgw,ev)" pt="ww" pvagr="ev" pvtijd="tgw" rel="hd" root="hoop" sc="tr_sbar" sense="hoop" stype="declarative" tense="present" v_per="fir" word="hoop" wvorm="pv"/>
      <node begin="2" cat="cp" end="8" id="4" rel="vc">
        <node begin="2" conjtype="onder" end="3" frame="complementizer(dat)" his="normal" his_1="normal" id="5" lcat="cp" lemma="dat" pos="comp" postag="VG(onder)" pt="vg" rel="cmp" root="dat" sc="dat" sense="dat" word="dat"/>
        <node begin="3" cat="ssub" end="8" id="6" rel="body">
          <node begin="3" case="both" def="def" end="4" frame="pronoun(nwh,je,sg,de,both,def,wkpro)" gen="de" getal="ev" his="normal" his_1="normal" id="7" lcat="np" lemma="je" naamval="nomin" num="sg" pdtype="pron" per="je" persoon="2v" pos="pron" postag="VNW(pers,pron,nomin,red,2v,ev)" pt="vnw" rel="su" rnum="sg" root="je" sense="je" special="wkpro" status="red" vwtype="pers" wh="nwh" word="je"/>
          <node begin="4" end="5" frame="adverb" his="normal" his_1="normal" id="8" lcat="advp" lemma="niet" pos="adv" postag="BW()" pt="bw" rel="mod" root="niet" sense="niet" word="niet"/>
          <node begin="5" end="6" frame="adverb" his="normal" his_1="normal" id="9" lcat="advp" lemma="meteen" pos="adv" postag="BW()" pt="bw" rel="mod" root="meteen" sense="meteen" word="meteen"/>
          <node begin="6" end="7" frame="noun(het,count,pl)" gen="het" getal="mv" graad="basis" his="normal" his_1="normal" id="10" lcat="np" lemma="antwoord" ntype="soort" num="pl" pos="noun" postag="N(soort,mv,basis)" pt="n" rel="obj1" rnum="pl" root="antwoord" sense="antwoord" word="antwoorden"/>
          <node begin="7" end="8" frame="verb(hebben,sg,transitive)" his="normal" his_1="normal" id="11" infl="sg" lcat="ssub" lemma="verwachten" pos="verb" postag="WW(pv,tgw,ev)" pt="ww" pvagr="ev" pvtijd="tgw" rel="hd" root="verwacht" sc="transitive" sense="verwacht" tense="present" v_per="ninvje" word="verwacht" wvorm="pv"/>
        </node>
      </node>
    </node>
    <node begin="8" end="9" frame="punct(punt)" his="normal" his_1="normal" id="12" lcat="punct" lemma="." pos="punct" postag="LET()" pt="let" rel="--" root="." sense="." special="punt" word="."/>
  </node>
  <sentence sentid="2615">Ik hoop dat je niet meteen antwoorden verwacht .</sentence>
  <comments>
    <comment>Q#2615|Ik hoop dat je niet meteen antwoorden verwacht .|1|1|-8.310015843899999</comment>
  </comments>
</alpino_ds>
