<?xml version="1.0" encoding="UTF-8"?>
<alpino_ds version="1.15">
  <parser build="Alpino-x86_64-linux-glibc2.5-git1006-sicstus" date="2023-09-07T13:26" cats="1" skips="0" />
  <node begin="0" cat="top" end="9" id="0" rel="top">
    <node begin="0" cat="smain" end="8" id="1" rel="--">
      <node begin="0" case="nom" def="def" end="1" frame="pronoun(nwh,fir,sg,de,nom,def)" gen="de" getal="ev" his="normal" his_1="decap" his_1_1="normal" id="2" lcat="np" lemma="ik" naamval="nomin" num="sg" pdtype="pron" per="fir" persoon="1" pos="pron" postag="VNW(pers,pron,nomin,vol,1,ev)" pt="vnw" rel="su" rnum="sg" root="ik" sense="ik" status="vol" vwtype="pers" wh="nwh" word="Ik"/>
      <node begin="1" end="2" frame="verb(hebben,sg1,pc_pp(van))" his="normal" his_1="normal" id="3" infl="sg1" lcat="smain" lemma="houden" pos="verb" postag="WW(pv,tgw,ev)" pt="ww" pvagr="ev" pvtijd="tgw" rel="hd" root="houd" sc="pc_pp(van)" sense="houd-van" stype="declarative" tense="present" v_per="fir" word="hou" wvorm="pv"/>
      <node begin="3" end="4" frame="adverb" his="normal" his_1="normal" id="4" lcat="advp" lemma="niet" pos="adv" postag="BW()" pt="bw" rel="mod" root="niet" sense="niet" word="niet"/>
      <node begin="2" cat="pp" end="5" id="5" rel="pc">
        <node begin="2" end="3" frame="er_vp_adverb" getal="getal" his="normal" his_1="normal" id="6" lcat="advp" lemma="er" naamval="stan" pdtype="adv-pron" persoon="3" pos="adv" postag="VNW(aanw,adv-pron,stan,red,3,getal)" pt="vnw" rel="obj1" root="er" sense="er" special="er" status="red" vwtype="aanw" word="er"/>
        <node begin="4" end="5" frame="preposition(van,[af,uit,vandaan,[af,aan]])" his="normal" his_1="normal" id="7" lcat="pp" lemma="van" pos="prep" postag="VZ(fin)" pt="vz" rel="hd" root="van" sense="van" vztype="fin" word="van"/>
      </node>
      <node begin="5" cat="cp" end="8" id="8" rel="mod">
        <node begin="5" conjtype="onder" end="6" frame="complementizer" his="normal" his_1="normal" id="9" lcat="cp" lemma="wanneer" pos="comp" postag="VG(onder)" pt="vg" rel="cmp" root="wanneer" sense="wanneer" word="wanneer"/>
        <node begin="6" cat="ssub" end="8" id="10" rel="body">
          <node begin="6" end="7" frame="tmp_noun(de,count,sg)" gen="de" genus="zijd" getal="ev" graad="basis" his="normal" his_1="normal" id="11" lcat="np" lemma="lente" naamval="stan" ntype="soort" num="sg" pos="noun" postag="N(soort,ev,basis,zijd,stan)" pt="n" rel="su" rnum="sg" root="lente" sense="lente" special="tmp" word="lente"/>
          <node begin="7" end="8" frame="verb(unacc,sg3,intransitive)" his="normal" his_1="normal" id="12" infl="sg3" lcat="ssub" lemma="komen" pos="verb" postag="WW(pv,tgw,met-t)" pt="ww" pvagr="met-t" pvtijd="tgw" rel="hd" root="kom" sc="intransitive" sense="kom" tense="present" v_per="thi" word="komt" wvorm="pv"/>
        </node>
      </node>
    </node>
    <node begin="8" end="9" frame="punct(punt)" his="normal" his_1="normal" id="13" lcat="punct" lemma="." pos="punct" postag="LET()" pt="let" rel="--" root="." sense="." special="punt" word="."/>
  </node>
  <sentence sentid="2625">Ik hou er niet van wanneer lente komt .</sentence>
  <comments>
    <comment>Q#2625|Ik hou er niet van wanneer lente komt .|1|1|-5.855020440299999</comment>
  </comments>
</alpino_ds>
