<?xml version="1.0" encoding="UTF-8"?>
<alpino_ds version="1.15">
  <parser build="Alpino-x86_64-linux-glibc2.5-git1006-sicstus" date="2023-09-07T13:26" cats="1" skips="0" />
  <node begin="0" cat="top" end="7" id="0" rel="top">
    <node begin="0" cat="smain" end="6" id="1" rel="--">
      <node begin="0" case="nom" def="def" end="1" frame="pronoun(nwh,fir,sg,de,nom,def)" gen="de" getal="ev" his="normal" his_1="decap" his_1_1="normal" id="2" lcat="np" lemma="ik" naamval="nomin" num="sg" pdtype="pron" per="fir" persoon="1" pos="pron" postag="VNW(pers,pron,nomin,vol,1,ev)" pt="vnw" rel="su" rnum="sg" root="ik" sense="ik" status="vol" vwtype="pers" wh="nwh" word="Ik"/>
      <node begin="1" end="2" frame="verb(hebben,sg1,pc_pp(van))" his="normal" his_1="normal" id="3" infl="sg1" lcat="smain" lemma="houden" pos="verb" postag="WW(pv,tgw,ev)" pt="ww" pvagr="ev" pvtijd="tgw" rel="hd" root="houd" sc="pc_pp(van)" sense="houd-van" stype="declarative" tense="present" v_per="fir" word="hou" wvorm="pv"/>
      <node begin="2" cat="advp" end="4" id="4" rel="mod">
        <node begin="2" end="3" frame="modal_adverb(adv_comp_prep)" his="normal" his_1="normal" id="5" lcat="advp" lemma="helemaal" pos="adv" postag="BW()" pt="bw" rel="mod" root="helemaal" sc="adv_comp_prep" sense="helemaal" word="helemaal"/>
        <node begin="3" end="4" frame="adverb" his="normal" his_1="normal" id="6" lcat="advp" lemma="niet" pos="adv" postag="BW()" pt="bw" rel="hd" root="niet" sense="niet" word="niet"/>
      </node>
      <node begin="4" cat="pp" end="6" id="7" rel="pc">
        <node begin="4" end="5" frame="preposition(van,[af,uit,vandaan,[af,aan]])" his="normal" his_1="normal" id="8" lcat="pp" lemma="van" pos="prep" postag="VZ(init)" pt="vz" rel="hd" root="van" sense="van" vztype="init" word="van"/>
        <node begin="5" end="6" frame="noun(het,mass,sg)" gen="het" genus="onz" getal="ev" graad="basis" his="normal" his_1="normal" id="9" lcat="np" lemma="varken_vlees" naamval="stan" ntype="soort" num="sg" pos="noun" postag="N(soort,ev,basis,onz,stan)" pt="n" rel="obj1" rnum="sg" root="varken_vlees" sense="varken_vlees" word="varkensvlees"/>
      </node>
    </node>
    <node begin="6" end="7" frame="punct(punt)" his="normal" his_1="normal" id="10" lcat="punct" lemma="." pos="punct" postag="LET()" pt="let" rel="--" root="." sense="." special="punt" word="."/>
  </node>
  <sentence sentid="2627">Ik hou helemaal niet van varkensvlees .</sentence>
  <comments>
    <comment>Q#2627|Ik hou helemaal niet van varkensvlees .|1|1|-3.9058050744000004</comment>
  </comments>
</alpino_ds>
