<?xml version="1.0" encoding="UTF-8"?>
<alpino_ds version="1.15">
  <parser build="Alpino-x86_64-linux-glibc2.5-git1006-sicstus" date="2023-09-07T13:26" cats="1" skips="0" />
  <node begin="0" cat="top" end="10" id="0" rel="top">
    <node begin="0" cat="smain" end="9" id="1" rel="--">
      <node begin="0" case="nom" def="def" end="1" frame="pronoun(nwh,fir,sg,de,nom,def)" gen="de" getal="ev" his="normal" his_1="decap" his_1_1="normal" id="2" lcat="np" lemma="ik" naamval="nomin" num="sg" pdtype="pron" per="fir" persoon="1" pos="pron" postag="VNW(pers,pron,nomin,vol,1,ev)" pt="vnw" rel="su" rnum="sg" root="ik" sense="ik" status="vol" vwtype="pers" wh="nwh" word="Ik"/>
      <node begin="1" end="2" frame="verb(hebben,sg1,pc_pp(van))" his="normal" his_1="normal" id="3" infl="sg1" lcat="smain" lemma="houden" pos="verb" postag="WW(pv,tgw,ev)" pt="ww" pvagr="ev" pvtijd="tgw" rel="hd" root="houd" sc="pc_pp(van)" sense="houd-van" stype="declarative" tense="present" v_per="fir" word="hou" wvorm="pv"/>
      <node begin="2" end="3" frame="adverb" his="normal" his_1="normal" id="4" lcat="advp" lemma="niet" pos="adv" postag="BW()" pt="bw" rel="mod" root="niet" sense="niet" word="niet"/>
      <node aform="base" begin="3" buiging="zonder" end="4" frame="adjective(no_e(adv))" graad="basis" his="normal" his_1="normal" id="5" infl="no_e" lcat="ap" lemma="echt" pos="adj" positie="vrij" postag="ADJ(vrij,basis,zonder)" pt="adj" rel="mod" root="echt" sense="echt" vform="adj" word="echt"/>
      <node begin="4" cat="pp" end="9" id="6" rel="pc">
        <node begin="4" end="5" frame="preposition(van,[af,uit,vandaan,[af,aan]])" his="normal" his_1="normal" id="7" lcat="pp" lemma="van" pos="prep" postag="VZ(init)" pt="vz" rel="hd" root="van" sense="van" vztype="init" word="van"/>
        <node begin="5" cat="np" end="9" id="8" rel="obj1">
          <node begin="5" cat="conj" end="8" id="9" rel="mod">
            <node aform="base" begin="5" buiging="met-e" end="6" frame="adjective(e)" graad="basis" his="normal" his_1="normal" id="10" infl="e" lcat="ap" lemma="klein" naamval="stan" pos="adj" positie="prenom" postag="ADJ(prenom,basis,met-e,stan)" pt="adj" rel="cnj" root="klein" sense="klein" vform="adj" word="kleine"/>
            <node begin="6" conjtype="neven" end="7" frame="conj(en)" his="normal" his_1="normal" id="11" lcat="vg" lemma="en" pos="vg" postag="VG(neven)" pt="vg" rel="crd" root="en" sense="en" word="en"/>
            <node aform="base" begin="7" buiging="met-e" end="8" frame="adjective(e)" graad="basis" his="normal" his_1="normal" id="12" infl="e" lcat="ap" lemma="langzaam" naamval="stan" pos="adj" positie="prenom" postag="ADJ(prenom,basis,met-e,stan)" pt="adj" rel="cnj" root="langzaam" sense="langzaam" vform="adj" word="langzame"/>
          </node>
          <node begin="8" end="9" frame="noun(het,count,pl)" gen="het" getal="mv" graad="basis" his="normal" his_1="normal" id="13" lcat="np" lemma="paard" ntype="soort" num="pl" pos="noun" postag="N(soort,mv,basis)" pt="n" rel="hd" rnum="pl" root="paard" sense="paard" word="paarden"/>
        </node>
      </node>
    </node>
    <node begin="9" end="10" frame="punct(punt)" his="normal" his_1="normal" id="14" lcat="punct" lemma="." pos="punct" postag="LET()" pt="let" rel="--" root="." sense="." special="punt" word="."/>
  </node>
  <sentence sentid="2628">Ik hou niet echt van kleine en langzame paarden .</sentence>
  <comments>
    <comment>Q#2628|Ik hou niet echt van kleine en langzame paarden .|1|1|-5.8421276352</comment>
  </comments>
</alpino_ds>
