<?xml version="1.0" encoding="UTF-8"?>
<alpino_ds version="1.15">
  <parser build="Alpino-x86_64-linux-glibc2.5-git1006-sicstus" date="2023-09-07T13:26" cats="1" skips="0" />
  <node begin="0" cat="top" end="11" id="0" rel="top">
    <node begin="0" cat="smain" end="10" id="1" rel="--">
      <node begin="0" case="nom" def="def" end="1" frame="pronoun(nwh,fir,sg,de,nom,def)" gen="de" getal="ev" his="normal" his_1="decap" his_1_1="normal" id="2" lcat="np" lemma="ik" naamval="nomin" num="sg" pdtype="pron" per="fir" persoon="1" pos="pron" postag="VNW(pers,pron,nomin,vol,1,ev)" pt="vnw" rel="su" rnum="sg" root="ik" sense="ik" status="vol" vwtype="pers" wh="nwh" word="Ik"/>
      <node begin="1" end="2" frame="verb(hebben,sg1,pc_pp(van))" his="normal" his_1="normal" id="3" infl="sg1" lcat="smain" lemma="houden" pos="verb" postag="WW(pv,tgw,ev)" pt="ww" pvagr="ev" pvtijd="tgw" rel="hd" root="houd" sc="pc_pp(van)" sense="houd-van" stype="declarative" tense="present" v_per="fir" word="hou" wvorm="pv"/>
      <node begin="2" end="3" frame="adverb" his="normal" his_1="normal" id="4" lcat="advp" lemma="niet" pos="adv" postag="BW()" pt="bw" rel="mod" root="niet" sense="niet" word="niet"/>
      <node begin="3" cat="pp" end="10" id="5" rel="pc">
        <node begin="3" end="4" frame="preposition(van,[af,uit,vandaan,[af,aan]])" his="normal" his_1="normal" id="6" lcat="pp" lemma="van" pos="prep" postag="VZ(init)" pt="vz" rel="hd" root="van" sense="van" vztype="init" word="van"/>
        <node begin="4" cat="np" end="10" id="7" rel="obj1">
          <node begin="4" end="5" frame="determiner(het,nwh,nmod,pro,nparg,wkpro)" his="normal" his_1="normal" id="8" infl="het" lcat="detp" lemma="het" lwtype="bep" naamval="stan" npagr="evon" pos="det" postag="LID(bep,stan,evon)" pt="lid" rel="det" root="het" sense="het" wh="nwh" word="het"/>
          <node begin="5" buiging="zonder" end="6" frame="v_noun(intransitive)" getal-n="zonder-n" his="normal" his_1="normal" id="9" lcat="np" lemma="plaatsen" pos="verb" positie="nom" postag="WW(inf,nom,zonder,zonder-n)" pt="ww" rel="hd" rnum="sg" root="plaats" sc="intransitive" sense="plaats" special="v_noun" word="plaatsen" wvorm="inf"/>
          <node begin="6" cat="pp" end="10" id="10" rel="mod">
            <node begin="6" end="7" frame="preposition(van,[af,uit,vandaan,[af,aan]])" his="normal" his_1="normal" id="11" lcat="pp" lemma="van" pos="prep" postag="VZ(init)" pt="vz" rel="hd" root="van" sense="van" vztype="init" word="van"/>
            <node begin="7" cat="np" end="10" id="12" rel="obj1">
              <node begin="7" end="8" frame="noun(de,count,pl)" gen="de" getal="mv" graad="basis" his="normal" his_1="variant" his_1_1="variant" his_1_1_1="foto&apos;s" his_1_1_2="foto’s" his_1_2="normal" id="13" lcat="np" lemma="foto" ntype="soort" num="pl" pos="noun" postag="N(soort,mv,basis)" pt="n" rel="hd" rnum="pl" root="foto" sense="foto" word="foto’s"/>
              <node begin="8" cat="pp" end="10" id="14" rel="mod">
                <node begin="8" end="9" frame="preposition(op,[af,na])" his="normal" his_1="normal" id="15" lcat="pp" lemma="op" pos="prep" postag="VZ(init)" pt="vz" rel="hd" root="op" sense="op" vztype="init" word="op"/>
                <node begin="9" end="10" frame="proper_name(sg)" genus="genus" getal="ev" graad="basis" his="normal" his_1="names_dictionary" id="16" lcat="np" lemma="facebook" naamval="stan" neclass="MISC" ntype="eigen" num="sg" pos="name" postag="N(eigen,ev,basis,genus,stan)" pt="n" rel="obj1" rnum="sg" root="facebook" sense="facebook" word="facebook"/>
              </node>
            </node>
          </node>
        </node>
      </node>
    </node>
    <node begin="10" end="11" frame="punct(punt)" his="normal" his_1="normal" id="17" lcat="punct" lemma="." pos="punct" postag="LET()" pt="let" rel="--" root="." sense="." special="punt" word="."/>
  </node>
  <sentence sentid="2649">Ik hou niet van het plaatsen van foto’s op facebook .</sentence>
  <comments>
    <comment>Q#2649|Ik hou niet van het plaatsen van foto’s op facebook .|1|1|0.003285570299999041</comment>
  </comments>
</alpino_ds>
