<?xml version="1.0" encoding="UTF-8"?>
<alpino_ds version="1.15">
  <parser build="Alpino-x86_64-linux-glibc2.5-git1006-sicstus" date="2023-09-07T13:26" cats="2" skips="0" />
  <node begin="0" cat="top" end="8" id="0" rel="top">
    <node begin="0" cat="du" end="7" id="1" rel="--">
      <node begin="0" cat="smain" end="5" id="2" rel="dp">
        <node begin="0" case="nom" def="def" end="1" frame="pronoun(nwh,fir,sg,de,nom,def)" gen="de" getal="ev" his="normal" his_1="decap" his_1_1="normal" id="3" lcat="np" lemma="ik" naamval="nomin" num="sg" pdtype="pron" per="fir" persoon="1" pos="pron" postag="VNW(pers,pron,nomin,vol,1,ev)" pt="vnw" rel="su" rnum="sg" root="ik" sense="ik" status="vol" vwtype="pers" wh="nwh" word="Ik"/>
        <node begin="1" end="2" frame="verb(hebben,sg1,pc_pp(van))" his="normal" his_1="normal" id="4" infl="sg1" lcat="smain" lemma="houden" pos="verb" postag="WW(pv,tgw,ev)" pt="ww" pvagr="ev" pvtijd="tgw" rel="hd" root="houd" sc="pc_pp(van)" sense="houd-van" stype="declarative" tense="present" v_per="fir" word="hou" wvorm="pv"/>
        <node begin="2" end="3" frame="adverb" his="normal" his_1="normal" id="5" lcat="advp" lemma="niet" pos="adv" postag="BW()" pt="bw" rel="mod" root="niet" sense="niet" word="niet"/>
        <node begin="3" cat="pp" end="5" id="6" rel="pc">
          <node begin="3" end="4" frame="preposition(van,[af,uit,vandaan,[af,aan]])" his="normal" his_1="normal" id="7" lcat="pp" lemma="van" pos="prep" postag="VZ(init)" pt="vz" rel="hd" root="van" sense="van" vztype="init" word="van"/>
          <node aform="base" begin="4" buiging="met-e" end="5" frame="adjective(e)" getal-n="zonder-n" graad="basis" his="normal" his_1="normal" id="8" infl="e" lcat="np" lemma="saai" naamval="stan" pos="adj" positie="nom" postag="ADJ(nom,basis,met-e,zonder-n,stan)" pt="adj" rel="obj1" rnum="sg" root="saai" sense="saai" vform="adj" word="saaie"/>
        </node>
      </node>
      <node begin="5" cat="inf" end="7" id="9" rel="dp">
        <node begin="5" end="6" frame="fixed_part([tv])" genus="zijd" getal="ev" graad="basis" his="normal" his_1="variant" his_1_1="variant" his_1_1_1="tv" his_1_1_2="TV" his_1_2="normal" id="10" lcat="fixed" lemma="tv" naamval="stan" ntype="soort" pos="fixed" postag="N(soort,ev,basis,zijd,stan)" pt="n" rel="svp" root="tv" sense="tv" word="TV"/>
        <node begin="6" buiging="zonder" end="7" frame="verb(hebben,inf,fixed([[tv]],imp_passive))" his="normal" his_1="normal" id="11" infl="inf" lcat="inf" lemma="kijken" pos="verb" positie="vrij" postag="WW(inf,vrij,zonder)" pt="ww" rel="hd" root="kijk" sc="fixed([[tv]],imp_passive)" sense="tv-kijk" word="kijken" wvorm="inf"/>
      </node>
    </node>
    <node begin="7" end="8" frame="punct(punt)" his="robust_skip" id="12" lcat="--" lemma="." pos="punct" postag="LET()" pt="let" rel="--" root="." sense="." special="punt" word="."/>
  </node>
  <sentence sentid="2664">Ik hou niet van saaie TV kijken .</sentence>
  <comments>
    <comment>Q#2664|Ik hou niet van saaie TV kijken .|1|2|-0.23313340630000168</comment>
  </comments>
</alpino_ds>
