<?xml version="1.0" encoding="UTF-8"?>
<alpino_ds version="1.15">
  <parser build="Alpino-x86_64-linux-glibc2.5-git1006-sicstus" date="2023-09-07T13:26" cats="1" skips="0" />
  <node begin="0" cat="top" end="12" id="0" rel="top">
    <node begin="0" cat="smain" end="11" id="1" rel="--">
      <node begin="0" case="nom" def="def" end="1" frame="pronoun(nwh,fir,sg,de,nom,def)" gen="de" getal="ev" his="normal" his_1="decap" his_1_1="normal" id="2" lcat="np" lemma="ik" naamval="nomin" num="sg" pdtype="pron" per="fir" persoon="1" pos="pron" postag="VNW(pers,pron,nomin,vol,1,ev)" pt="vnw" rel="su" rnum="sg" root="ik" sense="ik" status="vol" vwtype="pers" wh="nwh" word="Ik"/>
      <node begin="1" end="2" frame="verb(hebben,sg1,pc_pp(van))" his="normal" his_1="normal" id="3" infl="sg1" lcat="smain" lemma="houden" pos="verb" postag="WW(pv,tgw,ev)" pt="ww" pvagr="ev" pvtijd="tgw" rel="hd" root="houd" sc="pc_pp(van)" sense="houd-van" stype="declarative" tense="present" v_per="fir" word="hou" wvorm="pv"/>
      <node begin="2" end="3" frame="adverb" his="normal" his_1="normal" id="4" lcat="advp" lemma="niet" pos="adv" postag="BW()" pt="bw" rel="mod" root="niet" sense="niet" word="niet"/>
      <node begin="3" cat="pp" end="5" id="5" rel="pc">
        <node begin="3" end="4" frame="preposition(van,[af,uit,vandaan,[af,aan]])" his="normal" his_1="normal" id="6" lcat="pp" lemma="van" pos="prep" postag="VZ(init)" pt="vz" rel="hd" root="van" sense="van" vztype="init" word="van"/>
        <node begin="4" end="5" frame="noun(de,count,sg)" gen="de" genus="zijd" getal="ev" graad="basis" his="normal" his_1="normal" id="7" lcat="np" lemma="verandering" naamval="stan" ntype="soort" num="sg" pos="noun" postag="N(soort,ev,basis,zijd,stan)" pt="n" rel="obj1" rnum="sg" root="verandering" sense="verandering" word="verandering"/>
      </node>
      <node begin="5" cat="cp" end="11" id="8" rel="mod">
        <node begin="5" conjtype="onder" end="6" frame="complementizer(als)" his="normal" his_1="normal" id="9" lcat="cp" lemma="als" pos="comp" postag="VG(onder)" pt="vg" rel="cmp" root="als" sc="als" sense="als" word="als"/>
        <node begin="6" cat="ssub" end="11" id="10" rel="body">
          <node begin="6" end="7" frame="determiner(het,nwh,nmod,pro,nparg,wkpro)" genus="onz" getal="ev" his="normal" his_1="normal" id="11" infl="het" lcat="np" lemma="het" naamval="stan" pdtype="pron" persoon="3" pos="det" postag="VNW(pers,pron,stan,red,3,ev,onz)" pt="vnw" rel="su" rnum="sg" root="het" sense="het" status="red" vwtype="pers" wh="nwh" word="het"/>
          <node aform="base" begin="7" buiging="zonder" end="8" frame="adjective(postn_no_e(nonadv))" graad="basis" his="normal" his_1="normal" id="12" infl="no_e" lcat="ap" lemma="onbekend" pos="adj" positie="vrij" postag="ADJ(vrij,basis,zonder)" pt="adj" rel="predc" root="onbekend" sense="onbekend" vform="adj" word="onbekend"/>
          <node begin="8" cat="pp" end="10" id="13" rel="mod">
            <node begin="8" end="9" frame="preposition(voor,[aan,door,uit,[in,de,plaats]])" his="normal" his_1="normal" id="14" lcat="pp" lemma="voor" pos="prep" postag="VZ(init)" pt="vz" rel="hd" root="voor" sense="voor" vztype="init" word="voor"/>
            <node begin="9" case="dat_acc" def="def" end="10" frame="pronoun(nwh,fir,sg,de,dat_acc,def,wkpro)" gen="de" getal="ev" his="normal" his_1="normal" id="15" lcat="np" lemma="me" naamval="obl" num="sg" pdtype="pron" per="fir" persoon="1" pos="pron" postag="VNW(pr,pron,obl,red,1,ev)" pt="vnw" rel="obj1" rnum="sg" root="me" sense="me" special="wkpro" status="red" vwtype="pr" wh="nwh" word="me"/>
          </node>
          <node begin="10" end="11" frame="verb(unacc,sg_is,copula)" his="normal" his_1="normal" id="16" infl="sg_is" lcat="ssub" lemma="zijn" pos="verb" postag="WW(pv,tgw,ev)" pt="ww" pvagr="ev" pvtijd="tgw" rel="hd" root="ben" sc="copula" sense="ben" tense="present" v_per="thi" word="is" wvorm="pv"/>
        </node>
      </node>
    </node>
    <node begin="11" end="12" frame="punct(punt)" his="normal" his_1="normal" id="17" lcat="punct" lemma="." pos="punct" postag="LET()" pt="let" rel="--" root="." sense="." special="punt" word="."/>
  </node>
  <sentence sentid="2669">Ik hou niet van verandering als het onbekend voor me is .</sentence>
  <comments>
    <comment>Q#2669|Ik hou niet van verandering als het onbekend voor me is .|1|1|-2.224212856500002</comment>
  </comments>
</alpino_ds>
