<?xml version="1.0" encoding="UTF-8"?>
<alpino_ds version="1.15">
  <parser build="Alpino-x86_64-linux-glibc2.5-git1006-sicstus" date="2023-09-07T13:18" cats="1" skips="0" />
  <node begin="0" cat="top" end="25" id="0" rel="top">
    <node begin="8" end="9" frame="punct(komma)" his="normal" his_1="normal" id="1" lcat="punct" lemma="," pos="punct" postag="LET()" pt="let" rel="--" root="," sense="," special="komma" word=","/>
    <node begin="15" end="16" frame="punct(komma)" his="normal" his_1="normal" id="2" lcat="punct" lemma="," pos="punct" postag="LET()" pt="let" rel="--" root="," sense="," special="komma" word=","/>
    <node begin="0" cat="du" end="24" id="3" rel="--">
      <node begin="0" cat="cp" end="15" id="4" rel="sat">
        <node begin="0" conjtype="onder" end="1" frame="complementizer(als)" his="normal" his_1="decap" his_1_1="normal" id="5" lcat="cp" lemma="als" pos="comp" postag="VG(onder)" pt="vg" rel="cmp" root="als" sc="als" sense="als" word="Als"/>
        <node begin="1" cat="ssub" end="15" id="6" rel="body">
          <node begin="1" case="both" def="def" end="2" frame="pronoun(nwh,je,sg,de,both,def,wkpro)" gen="de" getal="ev" his="normal" his_1="normal" id="7" lcat="np" lemma="je" naamval="nomin" num="sg" pdtype="pron" per="je" persoon="2v" pos="pron" postag="VNW(pers,pron,nomin,red,2v,ev)" pt="vnw" rel="su" rnum="sg" root="je" sense="je" special="wkpro" status="red" vwtype="pers" wh="nwh" word="je"/>
          <node begin="2" cat="np" end="4" id="8" rel="obj1">
            <node begin="2" end="3" frame="determiner(een)" his="normal" his_1="normal" id="9" infl="een" lcat="detp" lemma="een" lwtype="onbep" naamval="stan" npagr="agr" pos="det" postag="LID(onbep,stan,agr)" pt="lid" rel="det" root="een" sense="een" word="een"/>
            <node begin="3" end="4" frame="noun(de,count,sg)" gen="de" genus="zijd" getal="ev" graad="basis" his="normal" his_1="normal" id="10" lcat="np" lemma="zin" naamval="stan" ntype="soort" num="sg" pos="noun" postag="N(soort,ev,basis,zijd,stan)" pt="n" rel="hd" rnum="sg" root="zin" sense="zin" word="zin"/>
          </node>
          <node begin="4" end="5" frame="verb(hebben,sg3,np_pc_pp(in))" his="normal" his_1="normal" id="11" infl="sg3" lcat="ssub" lemma="veranderen" pos="verb" postag="WW(pv,tgw,met-t)" pt="ww" pvagr="met-t" pvtijd="tgw" rel="hd" root="verander" sc="np_pc_pp(in)" sense="verander-in" tense="present" v_per="ninvje" word="verandert" wvorm="pv"/>
          <node begin="5" cat="pp" end="15" id="12" rel="pc">
            <node begin="5" end="6" frame="preposition(in,[])" his="normal" his_1="normal" id="13" lcat="pp" lemma="in" pos="prep" postag="VZ(init)" pt="vz" rel="hd" root="in" sense="in" vztype="init" word="in"/>
            <node begin="6" cat="np" end="15" id="14" rel="obj1">
              <node begin="6" buiging="met-e" end="7" frame="determiner(de,nwh,nmod,pro,nparg)" his="normal" his_1="normal" id="15" infl="de" lcat="detp" lemma="deze" naamval="stan" npagr="rest" pdtype="det" pos="det" positie="prenom" postag="VNW(aanw,det,stan,prenom,met-e,rest)" pt="vnw" rel="det" root="deze" sense="deze" vwtype="aanw" wh="nwh" word="deze"/>
              <node begin="7" end="8" frame="noun(de,count,sg)" gen="de" genus="zijd" getal="ev" graad="basis" his="normal" his_1="normal" id="16" lcat="np" lemma="tekst" naamval="stan" ntype="soort" num="sg" pos="noun" postag="N(soort,ev,basis,zijd,stan)" pt="n" rel="hd" rnum="sg" root="tekst" sense="tekst" word="tekst"/>
              <node begin="9" cat="rel" end="15" id="17" rel="mod">
                <node begin="9" case="no_obl" end="10" frame="rel_pronoun(de,no_obl)" gen="de" getal="getal" his="normal" his_1="normal" id="18" index="1" lcat="np" lemma="die" naamval="stan" pdtype="pron" persoon="persoon" pos="pron" postag="VNW(betr,pron,stan,vol,persoon,getal)" pt="vnw" rel="rhd" rnum="sg" root="die" sense="die" status="vol" vwtype="betr" wh="rel" word="die"/>
                <node begin="9" cat="ssub" end="15" id="19" rel="body">
                  <node begin="9" end="10" id="20" index="1" rel="su"/>
                  <node begin="10" end="11" frame="adverb" his="normal" his_1="normal" id="21" lcat="advp" lemma="al" pos="adv" postag="BW()" pt="bw" rel="mod" root="al" sense="al" word="al"/>
                  <node begin="11" cat="np" end="14" id="22" rel="obj1">
                    <node begin="11" cat="np" end="13" his="normal" his_1="normal" id="23" rel="det">
                      <node begin="11" end="12" frame="determiner(een)" id="24" infl="een" lcat="detp" lemma="een" lwtype="onbep" naamval="stan" npagr="agr" pos="det" postag="LID(onbep,stan,agr)" pt="lid" rel="det" root="een" sense="een" word="een"/>
                      <node begin="12" end="13" frame="noun(both,both,sg)" gen="both" genus="onz" getal="ev" graad="basis" id="25" lcat="np" lemma="paar" naamval="stan" ntype="soort" num="sg" pos="noun" postag="N(soort,ev,basis,onz,stan)" pt="n" rel="hd" root="paar" sense="paar" word="paar"/>
                    </node>
                    <node begin="13" end="14" frame="noun(de,count,pl)" gen="de" getal="mv" graad="basis" his="normal" his_1="normal" id="26" lcat="np" lemma="vertaling" ntype="soort" num="pl" pos="noun" postag="N(soort,mv,basis)" pt="n" rel="hd" rnum="pl" root="vertaling" sense="vertaling" word="vertalingen"/>
                  </node>
                  <node begin="14" end="15" frame="verb(hebben,sg_heeft,transitive_ndev)" his="normal" his_1="normal" id="27" infl="sg_heeft" lcat="ssub" lemma="hebben" pos="verb" postag="WW(pv,tgw,met-t)" pt="ww" pvagr="met-t" pvtijd="tgw" rel="hd" root="heb" sc="transitive_ndev" sense="heb" tense="present" v_per="thi" word="heeft" wvorm="pv"/>
                </node>
              </node>
            </node>
          </node>
        </node>
      </node>
      <node begin="16" cat="sv1" end="24" id="28" rel="nucl">
        <node begin="16" end="17" frame="verb(hebben,sg1,transitive)" his="normal" his_1="normal" id="29" infl="sg1" lcat="sv1" lemma="waarschuwen" pos="verb" postag="WW(pv,tgw,ev)" pt="ww" pvagr="ev" pvtijd="tgw" rel="hd" root="waarschuw" sc="transitive" sense="waarschuw" stype="imparative" tense="present" v_per="invje" word="waarschuw" wvorm="pv"/>
        <node begin="17" end="18" frame="adverb" his="normal" his_1="normal" id="30" lcat="advp" lemma="alsjeblieft" pos="adv" postag="BW()" pt="bw" rel="mod" root="alsjeblieft" sense="alsjeblieft" word="alsjeblieft"/>
        <node begin="18" cat="np" end="24" id="31" rel="obj1">
          <node begin="18" end="19" frame="determiner(de)" his="normal" his_1="normal" id="32" infl="de" lcat="detp" lemma="de" lwtype="bep" naamval="stan" npagr="rest" pos="det" postag="LID(bep,stan,rest)" pt="lid" rel="det" root="de" sense="de" word="de"/>
          <node begin="19" end="20" frame="noun(de,count,pl)" gen="de" getal="mv" graad="basis" his="normal" his_1="normal" id="33" lcat="np" lemma="auteur" ntype="soort" num="pl" pos="noun" postag="N(soort,mv,basis)" pt="n" rel="hd" rnum="pl" root="auteur" sense="auteur" word="auteurs"/>
          <node begin="20" cat="pp" end="24" id="34" rel="mod">
            <node begin="20" end="21" frame="preposition(van,[af,uit,vandaan,[af,aan]])" his="normal" his_1="normal" id="35" lcat="pp" lemma="van" pos="prep" postag="VZ(init)" pt="vz" rel="hd" root="van" sense="van" vztype="init" word="van"/>
            <node begin="21" cat="np" end="24" id="36" rel="obj1">
              <node begin="21" end="22" frame="determiner(de)" his="normal" his_1="normal" id="37" infl="de" lcat="detp" lemma="de" lwtype="bep" naamval="stan" npagr="rest" pos="det" postag="LID(bep,stan,rest)" pt="lid" rel="det" root="de" sense="de" word="de"/>
              <node begin="22" end="23" frame="noun(de,count,pl)" gen="de" getal="mv" graad="basis" his="normal" his_1="normal" id="38" lcat="np" lemma="vertaling" ntype="soort" num="pl" pos="noun" postag="N(soort,mv,basis)" pt="n" rel="hd" rnum="pl" root="vertaling" sense="vertaling" word="vertalingen"/>
              <node begin="23" end="24" frame="er_adverb(over)" his="normal" his_1="normal" id="39" lcat="pp" lemma="erover" pos="pp" postag="BW()" pt="bw" rel="mod" root="erover" sense="erover" special="er" word="erover"/>
            </node>
          </node>
        </node>
      </node>
    </node>
    <node begin="24" end="25" frame="punct(punt)" his="normal" his_1="normal" id="40" lcat="punct" lemma="." pos="punct" postag="LET()" pt="let" rel="--" root="." sense="." special="punt" word="."/>
  </node>
  <sentence sentid="275">Als je een zin verandert in deze tekst , die al een paar vertalingen heeft , waarschuw alsjeblieft de auteurs van de vertalingen erover .</sentence>
  <comments>
    <comment>Q#275|Als je een zin verandert in deze tekst , die al een paar vertalingen heeft , waarschuw alsjeblieft de auteurs van de vertalingen erover .|1|1|-6.530294287400007</comment>
  </comments>
</alpino_ds>
