<?xml version="1.0" encoding="UTF-8"?>
<alpino_ds version="1.15">
  <parser build="Alpino-x86_64-linux-glibc2.5-git1006-sicstus" date="2023-09-07T13:18" cats="1" skips="0" />
  <node begin="0" cat="top" end="11" id="0" rel="top">
    <node begin="4" end="5" frame="punct(komma)" his="normal" his_1="normal" id="1" lcat="punct" lemma="," pos="punct" postag="LET()" pt="let" rel="--" root="," sense="," special="komma" word=","/>
    <node begin="0" cat="smain" end="10" id="2" rel="--">
      <node begin="0" cat="cp" end="4" id="3" rel="mod">
        <node begin="0" conjtype="onder" end="1" frame="complementizer(als)" his="normal" his_1="decap" his_1_1="normal" id="4" lcat="cp" lemma="als" pos="comp" postag="VG(onder)" pt="vg" rel="cmp" root="als" sc="als" sense="als" word="Als"/>
        <node begin="1" cat="ssub" end="4" id="5" rel="body">
          <node begin="1" case="both" def="def" end="2" frame="pronoun(nwh,je,sg,de,both,def,wkpro)" gen="de" getal="ev" his="normal" his_1="normal" id="6" lcat="np" lemma="je" naamval="nomin" num="sg" pdtype="pron" per="je" persoon="2v" pos="pron" postag="VNW(pers,pron,nomin,red,2v,ev)" pt="vnw" rel="su" rnum="sg" root="je" sense="je" special="wkpro" status="red" vwtype="pers" wh="nwh" word="je"/>
          <node begin="2" end="3" frame="noun(de,count,sg)" gen="de" genus="zijd" getal="ev" graad="basis" his="normal" his_1="normal" id="7" lcat="np" lemma="vrede" naamval="stan" ntype="soort" num="sg" pos="noun" postag="N(soort,ev,basis,zijd,stan)" pt="n" rel="obj1" rnum="sg" root="vrede" sense="vrede" word="vrede"/>
          <node begin="3" end="4" frame="verb(hebben,modal_not_u,transitive_ndev_ndev)" his="normal" his_1="normal" id="8" infl="modal_not_u" lcat="ssub" lemma="willen" pos="verb" postag="WW(pv,tgw,ev)" pt="ww" pvagr="ev" pvtijd="tgw" rel="hd" root="wil" sc="transitive_ndev_ndev" sense="wil" tense="present" v_per="ninvje" word="wil" wvorm="pv"/>
        </node>
      </node>
      <node begin="5" end="6" frame="verb(hebben,sg1,part_pc_pp(voor,op))" his="normal" his_1="normal" id="9" infl="sg1" lcat="smain" lemma="voor_bereiden" pos="verb" postag="WW(pv,tgw,ev)" pt="ww" pvagr="ev" pvtijd="tgw" rel="hd" root="bereid_voor" sc="part_pc_pp(voor,op)" sense="bereid_voor-op" stype="declarative" tense="present" v_per="invje" word="bereid" wvorm="pv"/>
      <node begin="6" case="both" def="def" end="7" frame="pronoun(nwh,je,sg,de,both,def,wkpro)" gen="de" getal="ev" his="normal" his_1="normal" id="10" lcat="np" lemma="je" naamval="nomin" num="sg" pdtype="pron" per="je" persoon="2v" pos="pron" postag="VNW(pers,pron,nomin,red,2v,ev)" pt="vnw" rel="su" rnum="sg" root="je" sense="je" special="wkpro" status="red" vwtype="pers" wh="nwh" word="je"/>
      <node begin="7" end="8" frame="particle(voor)" his="normal" his_1="normal" id="11" lcat="part" lemma="voor" pos="part" postag="VZ(fin)" pt="vz" rel="svp" root="voor" sense="voor" vztype="fin" word="voor"/>
      <node begin="8" cat="pp" end="10" id="12" rel="pc">
        <node begin="8" end="9" frame="preposition(op,[af,na])" his="normal" his_1="normal" id="13" lcat="pp" lemma="op" pos="prep" postag="VZ(init)" pt="vz" rel="hd" root="op" sense="op" vztype="init" word="op"/>
        <node begin="9" end="10" frame="noun(de,both,sg)" gen="de" genus="zijd" getal="ev" graad="basis" his="normal" his_1="normal" id="14" lcat="np" lemma="oorlog" naamval="stan" ntype="soort" num="sg" pos="noun" postag="N(soort,ev,basis,zijd,stan)" pt="n" rel="obj1" rnum="sg" root="oorlog" sense="oorlog" word="oorlog"/>
      </node>
    </node>
    <node begin="10" end="11" frame="punct(punt)" his="normal" his_1="normal" id="15" lcat="punct" lemma="." pos="punct" postag="LET()" pt="let" rel="--" root="." sense="." special="punt" word="."/>
  </node>
  <sentence sentid="286">Als je vrede wil , bereid je voor op oorlog .</sentence>
  <comments>
    <comment>Q#286|Als je vrede wil , bereid je voor op oorlog .|1|1|-4.612596965000001</comment>
  </comments>
</alpino_ds>
