<?xml version="1.0" encoding="UTF-8"?>
<alpino_ds version="1.15">
  <parser build="Alpino-x86_64-linux-glibc2.5-git1006-sicstus" date="2023-09-07T13:18" cats="1" skips="0" />
  <node begin="0" cat="top" end="15" id="0" rel="top">
    <node begin="10" end="11" frame="punct(komma)" his="normal" his_1="normal" id="1" lcat="punct" lemma="," pos="punct" postag="LET()" pt="let" rel="--" root="," sense="," special="komma" word=","/>
    <node begin="0" cat="du" end="14" id="2" rel="--">
      <node begin="0" cat="cp" end="10" id="3" rel="sat">
        <node begin="0" conjtype="onder" end="1" frame="complementizer(als)" his="normal" his_1="decap" his_1_1="normal" id="4" lcat="cp" lemma="als" pos="comp" postag="VG(onder)" pt="vg" rel="cmp" root="als" sc="als" sense="als" word="Als"/>
        <node begin="1" cat="ssub" end="10" id="5" rel="body">
          <node begin="1" case="both" def="def" end="2" frame="pronoun(nwh,je,sg,de,both,def,wkpro)" gen="de" getal="ev" his="normal" his_1="normal" id="6" lcat="np" lemma="je" naamval="nomin" num="sg" pdtype="pron" per="je" persoon="2v" pos="pron" postag="VNW(pers,pron,nomin,red,2v,ev)" pt="vnw" rel="su" rnum="sg" root="je" sense="je" special="wkpro" status="red" vwtype="pers" wh="nwh" word="je"/>
          <node begin="2" end="3" frame="verb(hebben,modal_not_u,modifier(tr_sbar))" his="normal" his_1="normal" id="7" infl="modal_not_u" lcat="ssub" lemma="willen" pos="verb" postag="WW(pv,tgw,ev)" pt="ww" pvagr="ev" pvtijd="tgw" rel="hd" root="wil" sc="modifier(tr_sbar)" sense="wil" tense="present" v_per="ninvje" word="wil" wvorm="pv"/>
          <node begin="3" cat="cp" end="10" id="8" rel="vc">
            <node begin="3" conjtype="onder" end="4" frame="complementizer(dat)" his="normal" his_1="normal" id="9" lcat="cp" lemma="dat" pos="comp" postag="VG(onder)" pt="vg" rel="cmp" root="dat" sc="dat" sense="dat" word="dat"/>
            <node begin="4" cat="ssub" end="10" id="10" rel="body">
              <node begin="4" cat="np" end="7" id="11" rel="su">
                <node begin="4" end="5" frame="determiner(een)" his="normal" his_1="normal" id="12" infl="een" lcat="detp" lemma="een" lwtype="onbep" naamval="stan" npagr="agr" pos="det" postag="LID(onbep,stan,agr)" pt="lid" rel="det" root="een" sense="een" word="een"/>
                <node aform="base" begin="5" buiging="met-e" end="6" frame="adjective(e)" graad="basis" his="normal" his_1="normal" id="13" infl="e" lcat="ap" lemma="goed" naamval="stan" pos="adj" positie="prenom" postag="ADJ(prenom,basis,met-e,stan)" pt="adj" rel="mod" root="goed" sense="goed" vform="adj" word="goede"/>
                <node begin="6" end="7" frame="noun(de,count,bare_meas)" gen="de" genus="zijd" getal="ev" graad="basis" his="normal" his_1="normal" id="14" lcat="np" lemma="man" naamval="stan" ntype="soort" num="bare_meas" pos="noun" postag="N(soort,ev,basis,zijd,stan)" pt="n" rel="hd" rnum="sg" root="man" sense="man" word="man"/>
              </node>
              <node begin="7" cat="np" end="9" id="15" rel="obj1">
                <node begin="7" end="8" frame="determiner(een)" his="normal" his_1="normal" id="16" infl="een" lcat="detp" lemma="een" lwtype="onbep" naamval="stan" npagr="agr" pos="det" postag="LID(onbep,stan,agr)" pt="lid" rel="det" root="een" sense="een" word="een"/>
                <node begin="8" end="9" frame="noun(het,count,sg)" gen="het" genus="onz" getal="ev" graad="basis" his="compound" his_1="2" id="17" lcat="np" lemma="huwelijk_aanzoek" naamval="stan" ntype="soort" num="sg" pos="noun" postag="N(soort,ev,basis,onz,stan)" pt="n" rel="hd" rnum="sg" root="huwelijk_aanzoek" sense="huwelijk_aanzoek" word="huwelijksaanzoek"/>
              </node>
              <node begin="9" end="10" frame="verb(hebben,sg3,transitive_ndev)" his="normal" his_1="normal" id="18" infl="sg3" lcat="ssub" lemma="doen" pos="verb" postag="WW(pv,tgw,met-t)" pt="ww" pvagr="met-t" pvtijd="tgw" rel="hd" root="doe" sc="transitive_ndev" sense="doe" tense="present" v_per="thi" word="doet" wvorm="pv"/>
            </node>
          </node>
        </node>
      </node>
      <node begin="11" cat="sv1" end="14" id="19" rel="nucl">
        <node begin="11" end="12" frame="verb(hebben,sg1,transitive)" his="normal" his_1="normal" id="20" infl="sg1" lcat="sv1" lemma="voeden" pos="verb" postag="WW(pv,tgw,ev)" pt="ww" pvagr="ev" pvtijd="tgw" rel="hd" root="voed" sc="transitive" sense="voed" stype="imparative" tense="present" v_per="invje" word="voed" wvorm="pv"/>
        <node begin="12" case="dat_acc" def="def" end="13" frame="pronoun(nwh,thi,sg,de,dat_acc,def)" gen="de" genus="masc" getal="ev" his="normal" his_1="normal" id="21" lcat="np" lemma="hem" naamval="obl" num="sg" pdtype="pron" per="thi" persoon="3" pos="pron" postag="VNW(pers,pron,obl,vol,3,ev,masc)" pt="vnw" rel="obj1" rnum="sg" root="hem" sense="hem" status="vol" vwtype="pers" wh="nwh" word="hem"/>
        <node aform="base" begin="13" buiging="zonder" end="14" frame="adjective(no_e(adv))" graad="basis" his="normal" his_1="normal" id="22" infl="no_e" lcat="ap" lemma="goed" pos="adj" positie="vrij" postag="ADJ(vrij,basis,zonder)" pt="adj" rel="mod" root="goed" sense="goed" vform="adj" word="goed"/>
      </node>
    </node>
    <node begin="14" end="15" frame="punct(punt)" his="normal" his_1="normal" id="23" lcat="punct" lemma="." pos="punct" postag="LET()" pt="let" rel="--" root="." sense="." special="punt" word="."/>
  </node>
  <sentence sentid="288">Als je wil dat een goede man een huwelijksaanzoek doet , voed hem goed .</sentence>
  <comments>
    <comment>Q#288|Als je wil dat een goede man een huwelijksaanzoek doet , voed hem goed .|1|1|-8.9063671367</comment>
  </comments>
</alpino_ds>
