<?xml version="1.0" encoding="UTF-8"?>
<alpino_ds version="1.15">
  <parser build="Alpino-x86_64-linux-glibc2.5-git1006-sicstus" date="2023-09-07T13:18" cats="1" skips="0" />
  <node begin="0" cat="top" end="18" id="0" rel="top">
    <node begin="8" end="9" frame="punct(komma)" his="normal" his_1="normal" id="1" lcat="punct" lemma="," pos="punct" postag="LET()" pt="let" rel="--" root="," sense="," special="komma" word=","/>
    <node begin="0" cat="smain" end="17" id="2" rel="--">
      <node begin="9" end="10" frame="verb(hebben,past(sg),aux(inf))" his="normal" his_1="normal" id="3" infl="sg" lcat="smain" lemma="zullen" pos="verb" postag="WW(pv,verl,ev)" pt="ww" pvagr="ev" pvtijd="verl" rel="hd" root="zal" sc="aux(inf)" sense="zal" stype="declarative" tense="past" v_per="invje" word="zou" wvorm="pv"/>
      <node begin="10" case="both" def="def" end="11" frame="pronoun(nwh,je,sg,de,both,def,wkpro)" gen="de" getal="ev" his="normal" his_1="normal" id="4" index="1" lcat="np" lemma="je" naamval="nomin" num="sg" pdtype="pron" per="je" persoon="2v" pos="pron" postag="VNW(pers,pron,nomin,red,2v,ev)" pt="vnw" rel="su" rnum="sg" root="je" sense="je" special="wkpro" status="red" vwtype="pers" wh="nwh" word="je"/>
      <node begin="0" cat="inf" end="17" id="5" rel="vc">
        <node begin="10" end="11" id="6" index="1" rel="su"/>
        <node begin="13" buiging="zonder" end="14" frame="verb('hebben/zijn',inf,modifier(aux(inf)))" his="normal" his_1="normal" id="7" infl="inf" lcat="inf" lemma="moeten" pos="verb" positie="vrij" postag="WW(inf,vrij,zonder)" pt="ww" rel="hd" root="moet" sc="modifier(aux(inf))" sense="moet" word="moeten" wvorm="inf"/>
        <node begin="0" cat="inf" end="17" id="8" rel="vc">
          <node begin="0" cat="cp" end="8" id="9" rel="mod">
            <node begin="0" conjtype="onder" end="1" frame="complementizer(als)" his="normal" his_1="decap" his_1_1="normal" id="10" lcat="cp" lemma="als" pos="comp" postag="VG(onder)" pt="vg" rel="cmp" root="als" sc="als" sense="als" word="Als"/>
            <node begin="1" cat="ssub" end="8" id="11" rel="body">
              <node begin="1" case="both" def="def" end="2" frame="pronoun(nwh,je,sg,de,both,def,wkpro)" gen="de" getal="ev" his="normal" his_1="normal" id="12" lcat="np" lemma="je" naamval="nomin" num="sg" pdtype="pron" per="je" persoon="2v" pos="pron" postag="VNW(pers,pron,nomin,red,2v,ev)" pt="vnw" rel="su" rnum="sg" root="je" sense="je" special="wkpro" status="red" vwtype="pers" wh="nwh" word="je"/>
              <node begin="2" cat="ap" end="4" id="13" rel="predc">
                <node begin="2" end="3" frame="adverb" his="normal" his_1="normal" id="14" lcat="advp" lemma="zo" pos="adv" postag="BW()" pt="bw" rel="mod" root="zo" sense="zo" word="zo"/>
                <node aform="base" begin="3" buiging="zonder" end="4" frame="adjective(no_e(nonadv))" graad="basis" his="normal" his_1="normal" id="15" infl="no_e" lcat="ap" lemma="veeleisend" pos="adj" positie="vrij" postag="ADJ(vrij,basis,zonder)" pt="adj" rel="hd" root="veeleisend" sense="veeleisend" vform="adj" word="veeleisend"/>
              </node>
              <node begin="4" end="5" frame="verb(unacc,sg_bent,copula)" his="normal" his_1="normal" id="16" infl="sg_bent" lcat="ssub" lemma="zijn" pos="verb" postag="WW(pv,tgw,met-t)" pt="ww" pvagr="met-t" pvtijd="tgw" rel="hd" root="ben" sc="copula" sense="ben" tense="present" v_per="ninvje" word="bent" wvorm="pv"/>
              <node begin="5" cat="pp" end="8" id="17" rel="mod">
                <node begin="5" end="6" frame="preposition(van,[af,uit,vandaan,[af,aan]])" his="normal" his_1="normal" id="18" lcat="pp" lemma="van" pos="prep" postag="VZ(init)" pt="vz" rel="hd" root="van" sense="van" vztype="init" word="van"/>
                <node begin="6" cat="np" end="8" id="19" rel="obj1">
                  <node begin="6" end="7" frame="determiner(een)" his="normal" his_1="normal" id="20" infl="een" lcat="detp" lemma="een" lwtype="onbep" naamval="stan" npagr="agr" pos="det" postag="LID(onbep,stan,agr)" pt="lid" rel="det" root="een" sense="een" word="een"/>
                  <node aform="compar" begin="7" buiging="zonder" end="8" frame="nominalized_compar_adjective_sg" getal-n="zonder-n" graad="basis" his="normal" his_1="normal" id="21" lcat="np" lemma="ander" num="sg" personalized="true" pos="adj" positie="nom" postag="ADJ(nom,basis,zonder,zonder-n)" pt="adj" rel="hd" rnum="sg" root="ander" sense="ander" special="a_noun" word="ander"/>
                </node>
              </node>
            </node>
          </node>
          <node begin="10" end="11" id="22" index="1" rel="su"/>
          <node begin="11" end="12" frame="sentence_adverb" his="normal" his_1="normal" id="23" lcat="advp" lemma="ook" pos="adv" postag="BW()" pt="bw" rel="mod" root="ook" sense="ook" special="sentence" word="ook"/>
          <node aform="base" begin="12" buiging="zonder" end="13" frame="adjective(no_e(nonadv))" graad="basis" his="normal" his_1="normal" id="24" infl="no_e" lcat="ap" lemma="veeleisend" pos="adj" positie="vrij" postag="ADJ(vrij,basis,zonder)" pt="adj" rel="predc" root="veeleisend" sense="veeleisend" vform="adj" word="veeleisend"/>
          <node begin="14" buiging="zonder" end="15" frame="verb(unacc,inf,copula)" his="normal" his_1="normal" id="25" infl="inf" lcat="inf" lemma="zijn" pos="verb" positie="vrij" postag="WW(inf,vrij,zonder)" pt="ww" rel="hd" root="ben" sc="copula" sense="ben" word="zijn" wvorm="inf"/>
          <node begin="15" cat="pp" end="17" id="26" rel="mod">
            <node begin="15" end="16" frame="preposition(van,[af,uit,vandaan,[af,aan]])" his="normal" his_1="normal" id="27" lcat="pp" lemma="van" pos="prep" postag="VZ(init)" pt="vz" rel="hd" root="van" sense="van" vztype="init" word="van"/>
            <node begin="16" case="dat_acc" def="def" end="17" frame="pronoun(nwh,je,both,de,dat_acc,def)" gen="de" getal="getal" his="normal" his_1="normal" id="28" lcat="np" lemma="jezelf" naamval="obl" num="both" pdtype="pron" per="je" persoon="2v" pos="pron" postag="VNW(pr,pron,obl,nadr,2v,getal)" pt="vnw" rel="obj1" rnum="sg" root="jezelf" sense="jezelf" status="nadr" vwtype="pr" wh="nwh" word="jezelf"/>
          </node>
        </node>
      </node>
    </node>
    <node begin="17" end="18" frame="punct(punt)" his="normal" his_1="normal" id="29" lcat="punct" lemma="." pos="punct" postag="LET()" pt="let" rel="--" root="." sense="." special="punt" word="."/>
  </node>
  <sentence sentid="297">Als je zo veeleisend bent van een ander , zou je ook veeleisend moeten zijn van jezelf .</sentence>
  <comments>
    <comment>Q#297|Als je zo veeleisend bent van een ander , zou je ook veeleisend moeten zijn van jezelf .|1|1|-10.466097175900003</comment>
  </comments>
</alpino_ds>
