<?xml version="1.0" encoding="UTF-8"?>
<alpino_ds version="1.15">
  <parser build="Alpino-x86_64-linux-glibc2.5-git1006-sicstus" date="2023-09-07T13:18" cats="1" skips="0" />
  <node begin="0" cat="top" end="12" id="0" rel="top">
    <node begin="5" end="6" frame="punct(komma)" his="normal" his_1="normal" id="1" lcat="punct" lemma="," pos="punct" postag="LET()" pt="let" rel="--" root="," sense="," special="komma" word=","/>
    <node begin="0" cat="du" end="11" id="2" rel="--">
      <node begin="0" cat="cp" end="7" id="3" rel="dp">
        <node begin="0" conjtype="onder" end="1" frame="complementizer(als)" his="normal" his_1="decap" his_1_1="normal" id="4" lcat="cp" lemma="als" pos="comp" postag="VG(onder)" pt="vg" rel="cmp" root="als" sc="als" sense="als" word="Als"/>
        <node begin="1" cat="ssub" end="7" id="5" rel="body">
          <node begin="1" cat="np" end="3" id="6" rel="su">
            <node begin="1" buiging="zonder" end="2" frame="determiner(pron)" getal="ev" his="normal" his_1="normal" id="7" infl="pron" lcat="detp" lemma="jou" naamval="stan" npagr="agr" pdtype="det" persoon="2v" pos="det" positie="prenom" postag="VNW(bez,det,stan,vol,2v,ev,prenom,zonder,agr)" pron="true" pt="vnw" rel="det" root="jou" sense="jou" status="vol" vwtype="bez" word="jouw"/>
            <node begin="2" end="3" frame="noun(het,count,sg)" gen="het" genus="onz" getal="ev" graad="basis" his="normal" his_1="normal" id="8" lcat="np" lemma="kind" naamval="stan" ntype="soort" num="sg" pos="noun" postag="N(soort,ev,basis,onz,stan)" pt="n" rel="hd" rnum="sg" root="kind" sense="kind" word="kind"/>
          </node>
          <node begin="3" end="4" frame="noun(het,count,sg)" gen="het" genus="onz" getal="ev" graad="basis" his="normal" his_1="normal" id="9" lcat="np" lemma="gif" naamval="stan" ntype="soort" num="sg" pos="noun" postag="N(soort,ev,basis,onz,stan)" pt="n" rel="obj1" rnum="sg" root="gif" sense="gif" word="gif"/>
          <node begin="4" end="5" frame="verb(hebben,sg3,transitive)" his="normal" his_1="normal" id="10" infl="sg3" lcat="ssub" lemma="drinken" pos="verb" postag="WW(pv,tgw,met-t)" pt="ww" pvagr="met-t" pvtijd="tgw" rel="hd" root="drink" sc="transitive" sense="drink" tense="present" v_per="thi" word="drinkt" wvorm="pv"/>
          <node begin="6" end="7" frame="adverb" his="normal" his_1="normal" id="11" lcat="advp" lemma="haast" pos="adv" postag="BW()" pt="bw" rel="mod" root="haast" sense="haast" word="haast"/>
        </node>
      </node>
      <node begin="7" case="dat_acc" def="def" end="8" frame="pronoun(nwh,thi,sg,de,dat_acc,def)" gen="de" genus="masc" getal="ev" his="normal" his_1="normal" id="12" lcat="np" lemma="hem" naamval="obl" num="sg" pdtype="pron" per="thi" persoon="3" pos="pron" postag="VNW(pers,pron,obl,vol,3,ev,masc)" pt="vnw" rel="dp" rnum="sg" root="hem" sense="hem" status="vol" vwtype="pers" wh="nwh" word="hem"/>
      <node begin="8" cat="pp" end="11" id="13" rel="dp">
        <node begin="8" end="9" frame="preposition(naar,[toe])" his="normal" his_1="normal" id="14" lcat="pp" lemma="naar" pos="prep" postag="VZ(init)" pt="vz" rel="hd" root="naar" sense="naar" vztype="init" word="naar"/>
        <node begin="9" cat="np" end="11" id="15" rel="obj1">
          <node begin="9" end="10" frame="determiner(het,nwh,nmod,pro,nparg,wkpro)" his="normal" his_1="normal" id="16" infl="het" lcat="detp" lemma="het" lwtype="bep" naamval="stan" npagr="evon" pos="det" postag="LID(bep,stan,evon)" pt="lid" rel="det" root="het" sense="het" wh="nwh" word="het"/>
          <node begin="10" end="11" frame="noun(het,count,sg)" gen="het" genus="onz" getal="ev" graad="basis" his="normal" his_1="normal" id="17" lcat="np" lemma="ziekenhuis" naamval="stan" ntype="soort" num="sg" pos="noun" postag="N(soort,ev,basis,onz,stan)" pt="n" rel="hd" rnum="sg" root="ziekenhuis" sense="ziekenhuis" word="ziekenhuis"/>
        </node>
      </node>
    </node>
    <node begin="11" end="12" frame="punct(punt)" his="normal" his_1="normal" id="18" lcat="punct" lemma="." pos="punct" postag="LET()" pt="let" rel="--" root="." sense="." special="punt" word="."/>
  </node>
  <sentence sentid="302">Als jouw kind gif drinkt , haast hem naar het ziekenhuis .</sentence>
  <comments>
    <comment>Q#302|Als jouw kind gif drinkt , haast hem naar het ziekenhuis .|1|1|-0.9059705725999994</comment>
  </comments>
</alpino_ds>
