<?xml version="1.0" encoding="UTF-8"?>
<alpino_ds version="1.15">
  <parser build="Alpino-x86_64-linux-glibc2.5-git1006-sicstus" date="2023-09-07T13:18" cats="1" skips="0" />
  <node begin="0" cat="top" end="9" id="0" rel="top">
    <node begin="0" cat="smain" end="8" id="1" rel="--">
      <node begin="0" end="1" frame="noun(het,mass,sg)" gen="het" genus="onz" getal="ev" graad="basis" his="normal" his_1="normal" id="2" lcat="np" lemma="Arabisch" naamval="stan" ntype="eigen" num="sg" pos="noun" postag="N(eigen,ev,basis,onz,stan)" pt="n" rel="su" rnum="sg" root="Arabisch" sense="Arabisch" word="Arabisch"/>
      <node begin="1" end="2" frame="verb(unacc,sg_is,copula)" his="normal" his_1="normal" id="3" infl="sg_is" lcat="smain" lemma="zijn" pos="verb" postag="WW(pv,tgw,ev)" pt="ww" pvagr="ev" pvtijd="tgw" rel="hd" root="ben" sc="copula" sense="ben" stype="declarative" tense="present" v_per="thi" word="is" wvorm="pv"/>
      <node begin="2" cat="np" end="8" id="4" rel="predc">
        <node begin="2" buiging="zonder" end="3" frame="determiner(geen,nwh,mod,pro,yparg,nwkpro,geen)" his="normal" his_1="normal" id="5" infl="geen" lcat="detp" lemma="geen" naamval="stan" npagr="agr" pdtype="det" pos="det" positie="prenom" postag="VNW(onbep,det,stan,prenom,zonder,agr)" pt="vnw" rel="det" root="geen" sense="geen" vwtype="onbep" wh="nwh" word="geen"/>
        <node begin="3" cat="conj" end="7" id="6" rel="mod">
          <node aform="base" begin="3" buiging="met-e" end="4" frame="adjective(e)" graad="basis" his="normal" his_1="normal" id="7" infl="e" lcat="ap" lemma="moeilijk" naamval="stan" pos="adj" positie="prenom" postag="ADJ(prenom,basis,met-e,stan)" pt="adj" rel="cnj" root="moeilijk" sense="moeilijk" vform="adj" word="moeilijke"/>
          <node begin="4" conjtype="neven" end="5" frame="conj(en)" his="normal" his_1="normal" id="8" lcat="vg" lemma="en" pos="vg" postag="VG(neven)" pt="vg" rel="crd" root="en" sense="en" word="en"/>
          <node begin="5" cat="ap" end="7" id="9" rel="cnj">
            <node aform="base" begin="5" buiging="zonder" end="6" frame="adjective(no_e(adv))" graad="basis" his="normal" his_1="normal" id="10" infl="no_e" lcat="ap" lemma="erg" pos="adj" positie="vrij" postag="ADJ(vrij,basis,zonder)" pt="adj" rel="mod" root="erg" sense="erg" vform="adj" word="erg"/>
            <node aform="base" begin="6" buiging="met-e" end="7" frame="adjective(e)" graad="basis" his="normal" his_1="normal" id="11" infl="e" lcat="ap" lemma="ingewikkeld" naamval="stan" pos="adj" positie="prenom" postag="ADJ(prenom,basis,met-e,stan)" pt="adj" rel="hd" root="ingewikkeld" sense="ingewikkeld" vform="adj" word="ingewikkelde"/>
          </node>
        </node>
        <node begin="7" end="8" frame="noun(de,count,sg)" gen="de" genus="zijd" getal="ev" graad="basis" his="normal" his_1="normal" id="12" lcat="np" lemma="taal" naamval="stan" ntype="soort" num="sg" pos="noun" postag="N(soort,ev,basis,zijd,stan)" pt="n" rel="hd" rnum="sg" root="taal" sense="taal" word="taal"/>
      </node>
    </node>
    <node begin="8" end="9" frame="punct(punt)" his="normal" his_1="normal" id="13" lcat="punct" lemma="." pos="punct" postag="LET()" pt="let" rel="--" root="." sense="." special="punt" word="."/>
  </node>
  <sentence sentid="318">Arabisch is geen moeilijke en erg ingewikkelde taal .</sentence>
  <comments>
    <comment>Q#318|Arabisch is geen moeilijke en erg ingewikkelde taal .|1|1|-5.408737447299999</comment>
  </comments>
</alpino_ds>
