<?xml version="1.0" encoding="UTF-8"?>
<alpino_ds version="1.15">
  <parser build="Alpino-x86_64-linux-glibc2.5-git1006-sicstus" date="2023-09-07T13:18" cats="1" skips="0" />
  <node begin="0" cat="top" end="9" id="0" rel="top">
    <node begin="0" cat="smain" end="8" id="1" rel="--">
      <node begin="0" end="1" frame="proper_name(sg,'PER')" genus="zijd" getal="ev" graad="basis" his="normal" his_1="names_dictionary" id="2" index="1" lcat="np" lemma="Ben" naamval="stan" neclass="PER" ntype="eigen" num="sg" pos="name" postag="N(eigen,ev,basis,zijd,stan)" pt="n" rel="su" rnum="sg" root="Ben" sense="Ben" word="Ben"/>
      <node begin="1" end="2" frame="verb(hebben,past(sg),subj_control(te_inf))" his="normal" his_1="normal" id="3" infl="sg" lcat="smain" lemma="leren" pos="verb" postag="WW(pv,verl,ev)" pt="ww" pvagr="ev" pvtijd="verl" rel="hd" root="leer" sc="subj_control(te_inf)" sense="leer" stype="declarative" tense="past" v_per="thi" word="leerde" wvorm="pv"/>
      <node begin="0" cat="ti" end="8" id="4" rel="vc">
        <node begin="4" end="5" frame="complementizer(te)" his="normal" his_1="normal" id="5" lcat="ti" lemma="te" pos="comp" postag="VZ(init)" pt="vz" rel="cmp" root="te" sc="te" sense="te" vztype="init" word="te"/>
        <node begin="0" cat="inf" end="8" id="6" rel="body">
          <node begin="0" end="1" id="7" index="1" rel="su"/>
          <node begin="2" cat="np" end="4" id="8" rel="obj1">
            <node begin="2" end="3" frame="determiner(een)" his="normal" his_1="normal" id="9" infl="een" lcat="detp" lemma="een" lwtype="onbep" naamval="stan" npagr="agr" pos="det" postag="LID(onbep,stan,agr)" pt="lid" rel="det" root="een" sense="een" word="een"/>
            <node begin="3" end="4" frame="noun(het,count,sg)" gen="het" genus="onz" getal="ev" graad="basis" his="normal" his_1="normal" id="10" lcat="np" lemma="vuur" naamval="stan" ntype="soort" num="sg" pos="noun" postag="N(soort,ev,basis,onz,stan)" pt="n" rel="hd" rnum="sg" root="vuur" sense="vuur" word="vuur"/>
          </node>
          <node begin="5" buiging="zonder" end="6" frame="verb(hebben,inf,transitive)" his="normal" his_1="normal" id="11" infl="inf" lcat="inf" lemma="maken" pos="verb" positie="vrij" postag="WW(inf,vrij,zonder)" pt="ww" rel="hd" root="maak" sc="transitive" sense="maak" word="maken" wvorm="inf"/>
          <node begin="6" cat="pp" end="8" id="12" rel="mod">
            <node begin="6" end="7" frame="preposition(zonder,[])" his="normal" his_1="normal" id="13" lcat="pp" lemma="zonder" pos="prep" postag="VZ(init)" pt="vz" rel="hd" root="zonder" sense="zonder" vztype="init" word="zonder"/>
            <node begin="7" end="8" frame="noun(de,count,pl)" gen="de" getal="mv" graad="basis" his="normal" his_1="normal" id="14" lcat="np" lemma="lucifer" ntype="soort" num="pl" pos="noun" postag="N(soort,mv,basis)" pt="n" rel="obj1" rnum="pl" root="lucifer" sense="lucifer" word="lucifers"/>
          </node>
        </node>
      </node>
    </node>
    <node begin="8" end="9" frame="punct(punt)" his="normal" his_1="normal" id="15" lcat="punct" lemma="." pos="punct" postag="LET()" pt="let" rel="--" root="." sense="." special="punt" word="."/>
  </node>
  <sentence sentid="334">Ben leerde een vuur te maken zonder lucifers .</sentence>
  <comments>
    <comment>Q#334|Ben leerde een vuur te maken zonder lucifers .|1|1|-2.048006384900001</comment>
  </comments>
</alpino_ds>
