<?xml version="1.0" encoding="UTF-8"?>
<alpino_ds version="1.15">
  <parser build="Alpino-x86_64-linux-glibc2.5-git1006-sicstus" date="2023-09-07T13:18" cats="1" skips="0" />
  <node begin="0" cat="top" end="10" id="0" rel="top">
    <node begin="0" cat="smain" end="9" id="1" rel="--">
      <node begin="0" end="1" frame="noun(de,mass,sg)" gen="de" genus="zijd" getal="ev" graad="basis" his="normal" his_1="decap" his_1_1="normal" id="2" lcat="np" lemma="benzine" naamval="stan" ntype="soort" num="sg" pos="noun" postag="N(soort,ev,basis,zijd,stan)" pt="n" rel="su" rnum="sg" root="benzine" sense="benzine" word="Benzine"/>
      <node begin="1" end="2" frame="verb(unacc,sg_is,copula)" his="normal" his_1="normal" id="3" infl="sg_is" lcat="smain" lemma="zijn" pos="verb" postag="WW(pv,tgw,ev)" pt="ww" pvagr="ev" pvtijd="tgw" rel="hd" root="ben" sc="copula" sense="ben" stype="declarative" tense="present" v_per="thi" word="is" wvorm="pv"/>
      <node begin="2" cat="advp" end="5" id="4" rel="mod">
        <node begin="2" end="3" frame="adverb" id="5" lcat="advp" lemma="niet" pos="adv" postag="BW()" pt="bw" rel="hd" root="niet" sense="niet" word="niet"/>
        <node aform="compar" begin="3" buiging="zonder" end="4" frame="adjective(er(tmpadv))" graad="comp" id="6" infl="no_e" lcat="ap" lemma="lang" pos="adj" positie="vrij" postag="ADJ(vrij,comp,zonder)" pt="adj" rel="mod" root="lang" sense="lang" vform="adj" word="langer"/>
        <node begin="4" buiging="zonder" end="5" frame="postadv_adverb" graad="comp" his="normal" his_1="normal" id="7" lcat="advp" lemma="veel" naamval="stan" pdtype="grad" pos="adv" positie="vrij" postag="VNW(onbep,grad,stan,vrij,zonder,comp)" pt="vnw" rel="mod" root="veel" sense="veel" special="postadv" vwtype="onbep" word="meer"/>
      </node>
      <node begin="5" cat="np" end="9" id="8" rel="predc">
        <node begin="5" end="6" frame="determiner(een)" his="normal" his_1="normal" id="9" infl="een" lcat="detp" lemma="een" lwtype="onbep" naamval="stan" npagr="agr" pos="det" postag="LID(onbep,stan,agr)" pt="lid" rel="det" root="een" sense="een" word="een"/>
        <node aform="base" begin="6" buiging="met-e" end="7" frame="adjective(e)" graad="basis" his="normal" his_1="normal" id="10" infl="e" lcat="ap" lemma="goedkoop" naamval="stan" pos="adj" positie="prenom" postag="ADJ(prenom,basis,met-e,stan)" pt="adj" rel="mod" root="goedkoop" sense="goedkoop" vform="adj" word="goedkope"/>
        <node aform="base" begin="7" buiging="met-e" end="8" frame="adjective(e)" graad="basis" his="normal" his_1="normal" id="11" infl="e" lcat="ap" lemma="vloeibaar" naamval="stan" pos="adj" positie="prenom" postag="ADJ(prenom,basis,met-e,stan)" pt="adj" rel="mod" root="vloeibaar" sense="vloeibaar" vform="adj" word="vloeibare"/>
        <node begin="8" end="9" frame="noun(de,count,sg)" gen="de" genus="zijd" getal="ev" graad="basis" his="normal" his_1="normal" id="12" lcat="np" lemma="brandstof" naamval="stan" ntype="soort" num="sg" pos="noun" postag="N(soort,ev,basis,zijd,stan)" pt="n" rel="hd" rnum="sg" root="brandstof" sense="brandstof" word="brandstof"/>
      </node>
    </node>
    <node begin="9" end="10" frame="punct(punt)" his="normal" his_1="normal" id="13" lcat="punct" lemma="." pos="punct" postag="LET()" pt="let" rel="--" root="." sense="." special="punt" word="."/>
  </node>
  <sentence sentid="342">Benzine is niet langer meer een goedkope vloeibare brandstof .</sentence>
  <comments>
    <comment>Q#342|Benzine is niet langer meer een goedkope vloeibare brandstof .|1|1|-7.395113689200001</comment>
  </comments>
</alpino_ds>
