<?xml version="1.0" encoding="UTF-8"?>
<alpino_ds version="1.15">
  <parser build="Alpino-x86_64-linux-glibc2.5-git1006-sicstus" date="2023-09-07T13:18" cats="1" skips="0" />
  <node begin="0" cat="top" end="5" id="0" rel="top">
    <node begin="0" cat="smain" end="4" id="1" rel="--">
      <node begin="0" end="1" frame="proper_name(sg,'PER')" genus="zijd" getal="ev" graad="basis" his="normal" his_1="names_dictionary" id="2" lcat="np" lemma="Betty" naamval="stan" neclass="PER" ntype="eigen" num="sg" pos="name" postag="N(eigen,ev,basis,zijd,stan)" pt="n" rel="su" rnum="sg" root="Betty" sense="Betty" word="Betty"/>
      <node begin="1" end="2" frame="verb(hebben,sg3,ld_pp)" his="normal" his_1="normal" id="3" infl="sg3" lcat="smain" lemma="wonen" pos="verb" postag="WW(pv,tgw,met-t)" pt="ww" pvagr="met-t" pvtijd="tgw" rel="hd" root="woon" sc="ld_pp" sense="woon" stype="declarative" tense="present" v_per="thi" word="woont" wvorm="pv"/>
      <node begin="2" cat="pp" end="4" id="4" rel="ld">
        <node begin="2" end="3" frame="preposition(in,[])" his="normal" his_1="normal" id="5" lcat="pp" lemma="in" pos="prep" postag="VZ(init)" pt="vz" rel="hd" root="in" sense="in" vztype="init" word="in"/>
        <node begin="3" end="4" frame="proper_name(sg,'LOC')" genus="onz" getal="ev" graad="basis" his="normal" his_1="names_dictionary" id="6" lcat="np" lemma="Duitsland" naamval="stan" neclass="LOC" ntype="eigen" num="sg" pos="name" postag="N(eigen,ev,basis,onz,stan)" pt="n" rel="obj1" rnum="sg" root="Duitsland" sense="Duitsland" word="Duitsland"/>
      </node>
    </node>
    <node begin="4" end="5" frame="punct(punt)" his="normal" his_1="normal" id="7" lcat="punct" lemma="." pos="punct" postag="LET()" pt="let" rel="--" root="." sense="." special="punt" word="."/>
  </node>
  <sentence sentid="348">Betty woont in Duitsland .</sentence>
  <comments>
    <comment>Q#348|Betty woont in Duitsland .|1|1|-2.2097764030000002</comment>
  </comments>
</alpino_ds>
