<?xml version="1.0" encoding="UTF-8"?>
<alpino_ds version="1.15">
  <parser build="Alpino-x86_64-linux-glibc2.5-git1006-sicstus" date="2023-09-07T13:18" cats="1" skips="0" />
  <node begin="0" cat="top" end="15" id="0" rel="top">
    <node begin="0" cat="smain" end="14" id="1" rel="--">
      <node begin="0" cat="np" end="4" id="2" rel="su">
        <node begin="0" end="1" frame="modal_adverb(adv_noun_prep)" his="normal" his_1="decap" his_1_1="normal" id="3" lcat="advp" lemma="bijna" pos="adv" postag="BW()" pt="bw" rel="mod" root="bijna" sc="adv_noun_prep" sense="bijna" word="Bijna"/>
        <node begin="1" buiging="zonder" end="2" frame="determiner(geen,nwh,mod,pro,yparg,nwkpro,geen)" his="normal" his_1="normal" id="4" infl="geen" lcat="detp" lemma="geen" naamval="stan" npagr="agr" pdtype="det" pos="det" positie="prenom" postag="VNW(onbep,det,stan,prenom,zonder,agr)" pt="vnw" rel="det" root="geen" sense="geen" vwtype="onbep" wh="nwh" word="geen"/>
        <node begin="2" buiging="met-e" end="3" frame="adj_number(enkele)" his="normal" his_1="normal" id="5" infl="enkele" lcat="detp" lemma="enkel" naamval="stan" npagr="rest" pdtype="det" pos="det" positie="prenom" postag="VNW(onbep,det,stan,prenom,met-e,rest)" pt="vnw" rel="det" root="enkel" sense="enkel" special="adj_number" vwtype="onbep" word="enkele"/>
        <node begin="3" end="4" frame="noun(de,count,sg)" gen="de" genus="zijd" getal="ev" graad="basis" his="normal" his_1="normal" id="6" lcat="np" lemma="student" naamval="stan" ntype="soort" num="sg" pos="noun" postag="N(soort,ev,basis,zijd,stan)" pt="n" rel="hd" rnum="sg" root="student" sense="student" word="student"/>
      </node>
      <node begin="4" end="5" frame="verb(hebben,sg3,transitive)" his="normal" his_1="normal" id="7" infl="sg3" lcat="smain" lemma="krijgen" pos="verb" postag="WW(pv,tgw,met-t)" pt="ww" pvagr="met-t" pvtijd="tgw" rel="hd" root="krijg" sc="transitive" sense="krijg" stype="declarative" tense="present" v_per="thi" word="krijgt" wvorm="pv"/>
      <node begin="5" cat="np" end="14" id="8" rel="obj1">
        <node aform="base" begin="5" buiging="met-e" end="6" frame="adjective(e)" graad="basis" his="normal" his_1="normal" id="9" infl="e" lcat="ap" lemma="volledig" naamval="stan" pos="adj" positie="prenom" postag="ADJ(prenom,basis,met-e,stan)" pt="adj" rel="mod" root="volledig" sense="volledig" vform="adj" word="volledige"/>
        <node begin="6" end="7" frame="noun(het,count,pl)" gen="het" getal="mv" graad="basis" his="normal" his_1="normal" id="10" lcat="np" lemma="cijfer" ntype="soort" num="pl" pos="noun" postag="N(soort,mv,basis)" pt="n" rel="hd" rnum="pl" root="cijfer" sense="cijfer" word="cijfers"/>
        <node begin="7" cat="pp" end="14" id="11" rel="mod">
          <node begin="7" end="8" frame="preposition(voor,[aan,door,uit,[in,de,plaats]])" his="normal" his_1="normal" id="12" lcat="pp" lemma="voor" pos="prep" postag="VZ(init)" pt="vz" rel="hd" root="voor" sense="voor" vztype="init" word="voor"/>
          <node begin="8" cat="np" end="14" id="13" rel="obj1">
            <node begin="8" cat="ap" end="10" id="14" rel="mod">
              <node begin="8" end="9" frame="adverb" his="normal" his_1="normal" id="15" lcat="advp" lemma="zeer" pos="adv" postag="BW()" pt="bw" rel="mod" root="zeer" sense="zeer" word="zeer"/>
              <node aform="base" begin="9" buiging="met-e" end="10" frame="adjective(e)" graad="basis" his="normal" his_1="normal" id="16" infl="e" lcat="ap" lemma="slecht" naamval="stan" pos="adj" positie="prenom" postag="ADJ(prenom,basis,met-e,stan)" pt="adj" rel="hd" root="slecht" sense="slecht" vform="adj" word="slechte"/>
            </node>
            <node begin="10" end="11" frame="noun(de,count,pl)" gen="de" getal="mv" graad="basis" his="normal" his_1="normal" id="17" lcat="np" lemma="prestatie" ntype="soort" num="pl" pos="noun" postag="N(soort,mv,basis)" pt="n" rel="hd" rnum="pl" root="prestatie" sense="prestatie" word="prestaties"/>
            <node begin="11" cat="pp" end="14" id="18" rel="mod">
              <node begin="11" end="12" frame="preposition(in,[])" his="normal" his_1="normal" id="19" lcat="pp" lemma="in" pos="prep" postag="VZ(init)" pt="vz" rel="hd" root="in" sense="in" vztype="init" word="in"/>
              <node begin="12" cat="np" end="14" id="20" rel="obj1">
                <node aform="base" begin="12" buiging="met-e" end="13" frame="adjective(e)" graad="basis" his="cap" id="21" infl="e" lcat="ap" lemma="Chinees" naamval="stan" pos="adj" positie="prenom" postag="ADJ(prenom,basis,met-e,stan)" pt="adj" rel="mod" root="Chinees" sense="Chinees" vform="adj" word="chinese"/>
                <node begin="13" end="14" frame="noun(de,count,pl)" gen="de" getal="mv" graad="basis" his="normal" his_1="normal" id="22" lcat="np" lemma="klassieker" ntype="soort" num="pl" pos="noun" postag="N(soort,mv,basis)" pt="n" rel="hd" rnum="pl" root="klassieker" sense="klassieker" word="klassiekers"/>
              </node>
            </node>
          </node>
        </node>
      </node>
    </node>
    <node begin="14" end="15" frame="punct(punt)" his="normal" his_1="normal" id="23" lcat="punct" lemma="." pos="punct" postag="LET()" pt="let" rel="--" root="." sense="." special="punt" word="."/>
  </node>
  <sentence sentid="352">Bijna geen enkele student krijgt volledige cijfers voor zeer slechte prestaties in chinese klassiekers .</sentence>
  <comments>
    <comment>Q#352|Bijna geen enkele student krijgt volledige cijfers voor zeer slechte prestaties in chinese klassiekers .|1|1|-4.741154568100001</comment>
  </comments>
</alpino_ds>
