<?xml version="1.0" encoding="UTF-8"?>
<alpino_ds version="1.15">
  <parser build="Alpino-x86_64-linux-glibc2.5-git1006-sicstus" date="2023-09-07T13:18" cats="1" skips="0" />
  <node begin="0" cat="top" end="8" id="0" rel="top">
    <node begin="0" cat="smain" end="7" id="1" rel="--">
      <node begin="0" cat="np" end="3" id="2" rel="su">
        <node begin="0" end="1" frame="modal_adverb(adv_noun_prep)" his="normal" his_1="decap" his_1_1="normal" id="3" lcat="advp" lemma="bijna" pos="adv" postag="BW()" pt="bw" rel="mod" root="bijna" sc="adv_noun_prep" sense="bijna" word="Bijna"/>
        <node begin="1" buiging="zonder" end="2" frame="determiner(het,nwh,mod)" his="normal" his_1="normal" id="4" infl="het" lcat="detp" lemma="ieder" naamval="stan" npagr="evon" pdtype="det" pos="det" positie="prenom" postag="VNW(onbep,det,stan,prenom,zonder,evon)" pt="vnw" rel="det" root="ieder" sense="ieder" vwtype="onbep" wh="nwh" word="ieder"/>
        <node begin="2" end="3" frame="noun(het,count,sg)" gen="het" genus="onz" getal="ev" graad="basis" his="normal" his_1="normal" id="5" lcat="np" lemma="kind" naamval="stan" ntype="soort" num="sg" pos="noun" postag="N(soort,ev,basis,onz,stan)" pt="n" rel="hd" rnum="sg" root="kind" sense="kind" word="kind"/>
      </node>
      <node begin="3" end="4" frame="verb(zijn,past(sg),pc_pp(voor))" his="normal" his_1="normal" id="6" infl="sg" lcat="smain" lemma="gaan" pos="verb" postag="WW(pv,verl,ev)" pt="ww" pvagr="ev" pvtijd="verl" rel="hd" root="ga" sc="pc_pp(voor)" sense="ga-voor" stype="declarative" tense="past" v_per="thi" word="ging" wvorm="pv"/>
      <node begin="4" cat="pp" end="7" id="7" rel="pc">
        <node begin="4" end="5" frame="preposition(voor,[aan,door,uit,[in,de,plaats]])" his="normal" his_1="normal" id="8" lcat="pp" lemma="voor" pos="prep" postag="VZ(init)" pt="vz" rel="hd" root="voor" sense="voor" vztype="init" word="voor"/>
        <node begin="5" cat="np" end="7" id="9" rel="obj1">
          <node begin="5" end="6" frame="determiner(de)" his="normal" his_1="normal" id="10" infl="de" lcat="detp" lemma="de" lwtype="bep" naamval="stan" npagr="rest" pos="det" postag="LID(bep,stan,rest)" pt="lid" rel="det" root="de" sense="de" word="de"/>
          <node begin="6" end="7" frame="noun(de,count,sg)" gen="de" genus="zijd" getal="ev" graad="basis" his="normal" his_1="normal" id="11" lcat="np" lemma="suiker_spin" naamval="stan" ntype="soort" num="sg" pos="noun" postag="N(soort,ev,basis,zijd,stan)" pt="n" rel="hd" rnum="sg" root="suiker_spin" sense="suiker_spin" word="suikerspin"/>
        </node>
      </node>
    </node>
    <node begin="7" end="8" frame="punct(punt)" his="normal" his_1="normal" id="12" lcat="punct" lemma="." pos="punct" postag="LET()" pt="let" rel="--" root="." sense="." special="punt" word="."/>
  </node>
  <sentence sentid="360">Bijna ieder kind ging voor de suikerspin .</sentence>
  <comments>
    <comment>Q#360|Bijna ieder kind ging voor de suikerspin .|1|1|-1.7815652146999996</comment>
  </comments>
</alpino_ds>
