<?xml version="1.0" encoding="UTF-8"?>
<alpino_ds version="1.15">
  <parser build="Alpino-x86_64-linux-glibc2.5-git1006-sicstus" date="2023-09-07T13:18" cats="3" skips="1" />
  <node begin="0" cat="top" end="13" id="0" rel="top">
    <node begin="7" conjtype="neven" end="8" frame="conj(of)" his="robust_skip" id="1" lcat="--" lemma="of" pos="vg" postag="VG(neven)" pt="vg" rel="--" root="of" sense="of" word="of"/>
    <node begin="0" cat="du" end="12" id="2" rel="--">
      <node begin="0" cat="smain" end="6" id="3" rel="dp">
        <node begin="0" cat="np" end="3" id="4" rel="su">
          <node begin="0" end="1" frame="modal_adverb(adv_noun_prep)" his="normal" his_1="decap" his_1_1="normal" id="5" lcat="advp" lemma="bijna" pos="adv" postag="BW()" pt="bw" rel="mod" root="bijna" sc="adv_noun_prep" sense="bijna" word="Bijna"/>
          <node begin="1" buiging="zonder" end="2" frame="determiner(het,nwh,mod)" his="normal" his_1="normal" id="6" infl="het" lcat="detp" lemma="ieder" naamval="stan" npagr="evon" pdtype="det" pos="det" positie="prenom" postag="VNW(onbep,det,stan,prenom,zonder,evon)" pt="vnw" rel="det" root="ieder" sense="ieder" vwtype="onbep" wh="nwh" word="ieder"/>
          <node begin="2" end="3" frame="noun(het,count,sg)" gen="het" genus="onz" getal="ev" graad="basis" his="normal" his_1="normal" id="7" lcat="np" lemma="kind" naamval="stan" ntype="soort" num="sg" pos="noun" postag="N(soort,ev,basis,onz,stan)" pt="n" rel="hd" rnum="sg" root="kind" sense="kind" word="kind"/>
        </node>
        <node begin="3" end="4" frame="verb(hebben,past(sg),transitive)" his="normal" his_1="normal" id="8" infl="sg" lcat="smain" lemma="kiezen" pos="verb" postag="WW(pv,verl,ev)" pt="ww" pvagr="ev" pvtijd="verl" rel="hd" root="kies" sc="transitive" sense="kies" stype="declarative" tense="past" v_per="thi" word="koos" wvorm="pv"/>
        <node begin="4" cat="np" end="6" id="9" rel="obj1">
          <node begin="4" buiging="met-e" end="5" frame="determiner(welke)" his="normal" his_1="normal" id="10" infl="welke" lcat="detp" lemma="enig" naamval="stan" npagr="rest" pdtype="det" pos="det" positie="prenom" postag="VNW(onbep,det,stan,prenom,met-e,rest)" pt="vnw" rel="det" root="enig" sense="enig" vwtype="onbep" word="enige"/>
          <node begin="5" end="6" frame="noun(de,mass,sg)" gen="de" genus="zijd" getal="ev" graad="basis" his="normal" his_1="normal" id="11" lcat="np" lemma="mint" naamval="stan" ntype="soort" num="sg" pos="noun" postag="N(soort,ev,basis,zijd,stan)" pt="n" rel="hd" rnum="sg" root="mint" sense="mint" word="mint"/>
        </node>
      </node>
      <node begin="6" end="7" frame="noun(het,count,pl)" gen="het" getal="mv" graad="dim" his="normal" his_1="normal" id="12" lcat="np" lemma="chocola" ntype="soort" num="pl" pos="noun" postag="N(soort,mv,dim)" pt="n" rel="dp" rnum="pl" root="chocola_DIM" sense="chocola_DIM" word="chocolaatjes"/>
      <node begin="8" cat="sv1" end="12" id="13" rel="dp">
        <node begin="8" dropped_agr="sg" end="9" frame="verb(zijn,past(sg),pc_pp(voor))" his="normal" his_1="normal" id="14" infl="sg" lcat="sv1" lemma="gaan" pos="verb" postag="WW(pv,verl,ev)" pt="ww" pvagr="ev" pvtijd="verl" rel="hd" root="ga" sc="pc_pp(voor)" sense="ga-voor" stype="topic_drop" tense="past" v_per="thi;fir" word="ging" wvorm="pv"/>
        <node begin="9" cat="pp" end="12" id="15" rel="pc">
          <node begin="9" end="10" frame="preposition(voor,[aan,door,uit,[in,de,plaats]])" his="normal" his_1="normal" id="16" lcat="pp" lemma="voor" pos="prep" postag="VZ(init)" pt="vz" rel="hd" root="voor" sense="voor" vztype="init" word="voor"/>
          <node begin="10" cat="np" end="12" id="17" rel="obj1">
            <node begin="10" end="11" frame="determiner(de)" his="normal" his_1="normal" id="18" infl="de" lcat="detp" lemma="de" lwtype="bep" naamval="stan" npagr="rest" pos="det" postag="LID(bep,stan,rest)" pt="lid" rel="det" root="de" sense="de" word="de"/>
            <node begin="11" end="12" frame="noun(de,count,sg)" gen="de" genus="zijd" getal="ev" graad="basis" his="normal" his_1="normal" id="19" lcat="np" lemma="suiker_spin" naamval="stan" ntype="soort" num="sg" pos="noun" postag="N(soort,ev,basis,zijd,stan)" pt="n" rel="hd" rnum="sg" root="suiker_spin" sense="suiker_spin" word="suikerspin"/>
          </node>
        </node>
      </node>
    </node>
    <node begin="12" end="13" frame="punct(punt)" his="robust_skip" id="20" lcat="--" lemma="." pos="punct" postag="LET()" pt="let" rel="--" root="." sense="." special="punt" word="."/>
  </node>
  <sentence sentid="361">Bijna ieder kind koos enige mint chocolaatjes of ging voor de suikerspin .</sentence>
  <comments>
    <comment>Q#361|Bijna ieder kind koos enige mint chocolaatjes of ging voor de suikerspin .|1|4|1.6663827342999984</comment>
  </comments>
</alpino_ds>
