<?xml version="1.0" encoding="UTF-8"?>
<alpino_ds version="1.15">
  <parser build="Alpino-x86_64-linux-glibc2.5-git1006-sicstus" date="2023-09-07T13:18" cats="2" skips="0" />
  <node begin="0" cat="top" end="12" id="0" rel="top">
    <node begin="0" cat="du" end="11" id="1" rel="--">
      <node begin="0" cat="smain" end="4" id="2" rel="dp">
        <node begin="0" cat="np" end="3" id="3" rel="su">
          <node begin="0" end="1" frame="modal_adverb(adv_noun_prep)" his="normal" his_1="decap" his_1_1="normal" id="4" lcat="advp" lemma="bijna" pos="adv" postag="BW()" pt="bw" rel="mod" root="bijna" sc="adv_noun_prep" sense="bijna" word="Bijna"/>
          <node begin="1" buiging="zonder" end="2" frame="determiner(het,nwh,mod)" his="normal" his_1="normal" id="5" infl="het" lcat="detp" lemma="ieder" naamval="stan" npagr="evon" pdtype="det" pos="det" positie="prenom" postag="VNW(onbep,det,stan,prenom,zonder,evon)" pt="vnw" rel="det" root="ieder" sense="ieder" vwtype="onbep" wh="nwh" word="ieder"/>
          <node begin="2" end="3" frame="noun(het,count,sg)" gen="het" genus="onz" getal="ev" graad="basis" his="normal" his_1="normal" id="6" lcat="np" lemma="kind" naamval="stan" ntype="soort" num="sg" pos="noun" postag="N(soort,ev,basis,onz,stan)" pt="n" rel="hd" rnum="sg" root="kind" sense="kind" word="kind"/>
        </node>
        <node begin="3" end="4" frame="verb(hebben,past(sg),intransitive)" his="normal" his_1="normal" id="7" infl="sg" lcat="smain" lemma="kiezen" pos="verb" postag="WW(pv,verl,ev)" pt="ww" pvagr="ev" pvtijd="verl" rel="hd" root="kies" sc="intransitive" sense="kies" stype="declarative" tense="past" v_per="thi" word="koos" wvorm="pv"/>
      </node>
      <node begin="4" cat="conj" end="11" id="8" rel="dp">
        <node begin="4" cat="sv1" end="6" id="9" rel="cnj">
          <node begin="4" end="5" frame="verb(hebben,sg3,transitive)" his="normal" his_1="normal" id="10" infl="sg3" lcat="sv1" lemma="minnen" pos="verb" postag="WW(pv,tgw,met-t)" pt="ww" pvagr="met-t" pvtijd="tgw" rel="hd" root="min" sc="transitive" sense="min" tense="present" v_per="thi" word="mint" wvorm="pv"/>
          <node begin="5" end="6" frame="noun(het,count,pl)" gen="het" getal="mv" graad="dim" his="normal" his_1="normal" id="11" lcat="np" lemma="chocola" ntype="soort" num="pl" pos="noun" postag="N(soort,mv,dim)" pt="n" rel="obj1" rnum="pl" root="chocola_DIM" sense="chocola_DIM" word="chocolaatjes"/>
        </node>
        <node begin="6" conjtype="neven" end="7" frame="conj(of)" his="normal" his_1="normal" id="12" lcat="vg" lemma="of" pos="vg" postag="VG(neven)" pt="vg" rel="crd" root="of" sense="of" word="of"/>
        <node begin="7" cat="sv1" end="11" id="13" rel="cnj">
          <node begin="7" end="8" frame="verb(zijn,past(sg),pc_pp(voor))" his="normal" his_1="normal" id="14" infl="sg" lcat="sv1" lemma="gaan" pos="verb" postag="WW(pv,verl,ev)" pt="ww" pvagr="ev" pvtijd="verl" rel="hd" root="ga" sc="pc_pp(voor)" sense="ga-voor" tense="past" v_per="thi" word="ging" wvorm="pv"/>
          <node begin="8" cat="pp" end="11" id="15" rel="pc">
            <node begin="8" end="9" frame="preposition(voor,[aan,door,uit,[in,de,plaats]])" his="normal" his_1="normal" id="16" lcat="pp" lemma="voor" pos="prep" postag="VZ(init)" pt="vz" rel="hd" root="voor" sense="voor" vztype="init" word="voor"/>
            <node begin="9" cat="np" end="11" id="17" rel="obj1">
              <node begin="9" end="10" frame="determiner(de)" his="normal" his_1="normal" id="18" infl="de" lcat="detp" lemma="de" lwtype="bep" naamval="stan" npagr="rest" pos="det" postag="LID(bep,stan,rest)" pt="lid" rel="det" root="de" sense="de" word="de"/>
              <node begin="10" end="11" frame="noun(de,count,sg)" gen="de" genus="zijd" getal="ev" graad="basis" his="normal" his_1="normal" id="19" lcat="np" lemma="suiker_spin" naamval="stan" ntype="soort" num="sg" pos="noun" postag="N(soort,ev,basis,zijd,stan)" pt="n" rel="hd" rnum="sg" root="suiker_spin" sense="suiker_spin" word="suikerspin"/>
            </node>
          </node>
        </node>
      </node>
    </node>
    <node begin="11" end="12" frame="punct(punt)" his="robust_skip" id="20" lcat="--" lemma="." pos="punct" postag="LET()" pt="let" rel="--" root="." sense="." special="punt" word="."/>
  </node>
  <sentence sentid="362">Bijna ieder kind koos mint chocolaatjes of ging voor de suikerspin .</sentence>
  <comments>
    <comment>Q#362|Bijna ieder kind koos mint chocolaatjes of ging voor de suikerspin .|1|2|6.067089440300002</comment>
  </comments>
</alpino_ds>
