<?xml version="1.0" encoding="UTF-8"?>
<alpino_ds version="1.15">
  <parser build="Alpino-x86_64-linux-glibc2.5-git1006-sicstus" date="2023-09-07T13:18" cats="1" skips="0" />
  <node begin="0" cat="top" end="7" id="0" rel="top">
    <node begin="0" cat="smain" end="6" id="1" rel="--">
      <node begin="0" cat="np" end="2" id="2" rel="su">
        <node begin="0" end="1" frame="name_determiner(pron,'PER')" getal="ev" graad="basis" his="normal" his_1="gen" his_1_1="names_dictionary" id="3" infl="pron" lcat="detp" lemma="Bob" naamval="gen" neclass="PER" ntype="eigen" pos="det" postag="N(eigen,ev,basis,gen)" pt="n" rel="det" root="Bob" sense="Bob" special="name" word="Bobs"/>
        <node begin="1" end="2" frame="noun(de,count,sg)" gen="de" genus="zijd" getal="ev" graad="basis" his="normal" his_1="normal" id="4" lcat="np" lemma="vader" naamval="stan" ntype="soort" num="sg" pos="noun" postag="N(soort,ev,basis,zijd,stan)" pt="n" rel="hd" rnum="sg" root="vader" sense="vader" word="vader"/>
      </node>
      <node begin="2" end="3" frame="verb(hebben,sg3,intransitive)" his="normal" his_1="normal" id="5" infl="sg3" lcat="smain" lemma="werken" pos="verb" postag="WW(pv,tgw,met-t)" pt="ww" pvagr="met-t" pvtijd="tgw" rel="hd" root="werk" sc="intransitive" sense="werk" stype="declarative" tense="present" v_per="thi" word="werkt" wvorm="pv"/>
      <node begin="3" cat="pp" end="6" id="6" rel="mod">
        <node begin="3" end="4" frame="preposition(in,[])" his="normal" his_1="normal" id="7" lcat="pp" lemma="in" pos="prep" postag="VZ(init)" pt="vz" rel="hd" root="in" sense="in" vztype="init" word="in"/>
        <node begin="4" cat="np" end="6" id="8" rel="obj1">
          <node begin="4" end="5" frame="determiner(een)" his="normal" his_1="normal" id="9" infl="een" lcat="detp" lemma="een" lwtype="onbep" naamval="stan" npagr="agr" pos="det" postag="LID(onbep,stan,agr)" pt="lid" rel="det" root="een" sense="een" word="een"/>
          <node begin="5" end="6" frame="noun(het,count,sg)" gen="het" genus="onz" getal="ev" graad="basis" his="normal" his_1="normal" id="10" lcat="np" lemma="museum" naamval="stan" ntype="soort" num="sg" pos="noun" postag="N(soort,ev,basis,onz,stan)" pt="n" rel="hd" rnum="sg" root="museum" sense="museum" word="museum"/>
        </node>
      </node>
    </node>
    <node begin="6" end="7" frame="punct(punt)" his="normal" his_1="normal" id="11" lcat="punct" lemma="." pos="punct" postag="LET()" pt="let" rel="--" root="." sense="." special="punt" word="."/>
  </node>
  <sentence sentid="389">Bobs vader werkt in een museum .</sentence>
  <comments>
    <comment>Q#389|Bobs vader werkt in een museum .|1|1|-2.4026509227000004</comment>
  </comments>
</alpino_ds>
