<?xml version="1.0" encoding="UTF-8"?>
<alpino_ds version="1.15">
  <parser build="Alpino-x86_64-linux-glibc2.5-git1006-sicstus" date="2023-09-07T13:18" cats="1" skips="0" />
  <node begin="0" cat="top" end="7" id="0" rel="top">
    <node begin="0" cat="smain" end="6" id="1" rel="--">
      <node begin="0" end="1" frame="proper_name(both,'PER')" getal="mv" graad="basis" his="normal" his_1="names_dictionary" id="2" index="1" lcat="np" lemma="Bossen" neclass="PER" ntype="eigen" num="both" pos="name" postag="N(eigen,mv,basis)" pt="n" rel="su" rnum="pl" root="Bossen" sense="Bossen" word="Bossen"/>
      <node begin="1" end="2" frame="verb('hebben/zijn',pl,aux(inf))" his="normal" his_1="normal" id="3" infl="pl" lcat="smain" lemma="kunnen" pos="verb" postag="WW(pv,tgw,mv)" pt="ww" pvagr="mv" pvtijd="tgw" rel="hd" root="kan" sc="aux(inf)" sense="kan" stype="declarative" tense="present" v_per="thi" word="kunnen" wvorm="pv"/>
      <node begin="0" cat="inf" end="6" id="4" rel="vc">
        <node begin="0" end="1" id="5" index="1" rel="su"/>
        <node begin="2" end="3" frame="adverb" his="normal" his_1="normal" id="6" lcat="advp" lemma="niet" pos="adv" postag="BW()" pt="bw" rel="mod" root="niet" sense="niet" word="niet"/>
        <node begin="3" buiging="zonder" end="4" frame="verb(hebben,inf(no_e),intransitive)" his="normal" his_1="normal" id="7" infl="inf(no_e)" lcat="inf" lemma="bestaan" pos="verb" positie="vrij" postag="WW(inf,vrij,zonder)" pt="ww" rel="hd" root="besta" sc="intransitive" sense="besta" word="bestaan" wvorm="inf"/>
        <node begin="4" cat="pp" end="6" id="8" rel="mod">
          <node begin="4" end="5" frame="preposition(zonder,[])" his="normal" his_1="normal" id="9" lcat="pp" lemma="zonder" pos="prep" postag="VZ(init)" pt="vz" rel="hd" root="zonder" sense="zonder" vztype="init" word="zonder"/>
          <node begin="5" end="6" frame="noun(het,both,sg)" gen="het" genus="onz" getal="ev" graad="basis" his="normal" his_1="normal" id="10" lcat="np" lemma="water" naamval="stan" ntype="soort" num="sg" pos="noun" postag="N(soort,ev,basis,onz,stan)" pt="n" rel="obj1" rnum="sg" root="water" sense="water" word="water"/>
        </node>
      </node>
    </node>
    <node begin="6" end="7" frame="punct(punt)" his="normal" his_1="normal" id="11" lcat="punct" lemma="." pos="punct" postag="LET()" pt="let" rel="--" root="." sense="." special="punt" word="."/>
  </node>
  <sentence sentid="391">Bossen kunnen niet bestaan zonder water .</sentence>
  <comments>
    <comment>Q#391|Bossen kunnen niet bestaan zonder water .|1|1|-1.5372275662</comment>
  </comments>
</alpino_ds>
