<?xml version="1.0" encoding="UTF-8"?>
<alpino_ds version="1.15">
  <parser build="Alpino-x86_64-linux-glibc2.5-git1006-sicstus" date="2023-09-07T13:18" cats="1" skips="0" />
  <node begin="0" cat="top" end="7" id="0" rel="top">
    <node begin="0" cat="smain" end="6" id="1" rel="--">
      <node begin="0" end="1" frame="proper_name(both,'ORG')" genus="zijd" getal="ev" graad="basis" his="name" his_1="begin" id="2" index="1" lcat="np" lemma="Capitalisme" naamval="stan" neclass="ORG" ntype="eigen" num="both" pos="name" postag="N(eigen,ev,basis,zijd,stan)" pt="n" rel="su" rnum="sg" root="Capitalisme" sense="Capitalisme" word="Capitalisme"/>
      <node begin="1" end="2" frame="verb(hebben,sg3,aux(te_inf))" his="normal" his_1="normal" id="3" infl="sg3" lcat="smain" lemma="hoeven" pos="verb" postag="WW(pv,tgw,met-t)" pt="ww" pvagr="met-t" pvtijd="tgw" rel="hd" root="hoef" sc="aux(te_inf)" sense="hoef" stype="declarative" tense="present" v_per="thi" word="hoeft" wvorm="pv"/>
      <node begin="0" cat="ti" end="6" id="4" rel="vc">
        <node begin="4" end="5" frame="complementizer(te)" his="normal" his_1="normal" id="5" lcat="ti" lemma="te" pos="comp" postag="VZ(init)" pt="vz" rel="cmp" root="te" sc="te" sense="te" vztype="init" word="te"/>
        <node begin="0" cat="inf" end="6" id="6" rel="body">
          <node begin="0" end="1" id="7" index="1" rel="su"/>
          <node begin="2" cat="np" end="4" id="8" rel="predc">
            <node begin="2" buiging="zonder" end="3" frame="determiner(geen,nwh,mod,pro,yparg,nwkpro,geen)" his="normal" his_1="normal" id="9" infl="geen" lcat="detp" lemma="geen" naamval="stan" npagr="agr" pdtype="det" pos="det" positie="prenom" postag="VNW(onbep,det,stan,prenom,zonder,agr)" pt="vnw" rel="det" root="geen" sense="geen" vwtype="onbep" wh="nwh" word="geen"/>
            <node begin="3" end="4" frame="noun(het,count,sg)" gen="het" genus="onz" getal="ev" graad="basis" his="normal" his_1="normal" id="10" lcat="np" lemma="gedrocht" naamval="stan" ntype="soort" num="sg" pos="noun" postag="N(soort,ev,basis,onz,stan)" pt="n" rel="hd" rnum="sg" root="gedrocht" sense="gedrocht" word="gedrocht"/>
          </node>
          <node begin="5" buiging="zonder" end="6" frame="verb(unacc,inf,copula)" his="normal" his_1="normal" id="11" infl="inf" lcat="inf" lemma="zijn" pos="verb" positie="vrij" postag="WW(inf,vrij,zonder)" pt="ww" rel="hd" root="ben" sc="copula" sense="ben" word="zijn" wvorm="inf"/>
        </node>
      </node>
    </node>
    <node begin="6" end="7" frame="punct(punt)" his="normal" his_1="normal" id="12" lcat="punct" lemma="." pos="punct" postag="LET()" pt="let" rel="--" root="." sense="." special="punt" word="."/>
  </node>
  <sentence sentid="413">Capitalisme hoeft geen gedrocht te zijn .</sentence>
  <comments>
    <comment>Q#413|Capitalisme hoeft geen gedrocht te zijn .|1|1|-0.46421257279999995</comment>
  </comments>
</alpino_ds>
