<?xml version="1.0" encoding="UTF-8"?>
<alpino_ds version="1.15">
  <parser build="Alpino-x86_64-linux-glibc2.5-git1006-sicstus" date="2023-09-07T13:17" cats="1" skips="0" />
  <node begin="0" cat="top" end="10" id="0" rel="top">
    <node begin="0" cat="smain" end="9" id="1" rel="--">
      <node begin="0" cat="np" end="2" id="2" rel="su">
        <node begin="0" buiging="met-e" end="1" frame="determiner(alle,nwh,mod,pro,nparg)" his="normal" his_1="decap" his_1_1="normal" id="3" infl="alle" lcat="detp" lemma="al" naamval="stan" npagr="agr" pdtype="det" pos="det" positie="prenom" postag="VNW(onbep,det,stan,prenom,met-e,agr)" pt="vnw" rel="det" root="al" sense="al" vwtype="onbep" wh="nwh" word="Alle"/>
        <node begin="1" end="2" frame="noun(de,count,pl)" gen="de" getal="mv" graad="basis" his="normal" his_1="normal" id="4" lcat="np" lemma="jongen" ntype="soort" num="pl" pos="noun" postag="N(soort,mv,basis)" pt="n" rel="hd" rnum="pl" root="jongen" sense="jongen" word="jongens"/>
      </node>
      <node begin="2" end="3" frame="verb(hebben,pl,pred_np_vp)" his="normal" his_1="normal" id="5" infl="pl" lcat="smain" lemma="vinden" pos="verb" postag="WW(pv,tgw,mv)" pt="ww" pvagr="mv" pvtijd="tgw" rel="hd" root="vind" sc="pred_np_vp" sense="vind" stype="declarative" tense="present" v_per="thi" word="vinden" wvorm="pv"/>
      <node begin="3" end="4" frame="het_noun" genus="onz" getal="ev" his="normal" his_1="normal" id="6" lcat="np" lemma="het" naamval="stan" pdtype="pron" persoon="3" pos="noun" postag="VNW(pers,pron,stan,red,3,ev,onz)" pt="vnw" rel="pobj1" root="het" sense="het" special="het" status="red" vwtype="pers" word="het"/>
      <node aform="base" begin="4" buiging="zonder" end="5" frame="adjective(no_e(adv),subject_vp)" graad="basis" his="normal" his_1="normal" id="7" infl="no_e" lcat="ap" lemma="leuk" pos="adj" positie="vrij" postag="ADJ(vrij,basis,zonder)" pt="adj" rel="predc" root="leuk" sc="subject_vp" sense="leuk" vform="adj" word="leuk"/>
      <node begin="5" cat="oti" end="9" id="8" rel="vc">
        <node begin="5" end="6" frame="complementizer(om)" his="normal" his_1="normal" id="9" lcat="oti" lemma="om" pos="comp" postag="VZ(init)" pt="vz" rel="cmp" root="om" sc="om" sense="om" vztype="init" word="om"/>
        <node begin="6" cat="ti" end="9" id="10" rel="body">
          <node begin="7" end="8" frame="complementizer(te)" his="normal" his_1="normal" id="11" lcat="ti" lemma="te" pos="comp" postag="VZ(init)" pt="vz" rel="cmp" root="te" sc="te" sense="te" vztype="init" word="te"/>
          <node begin="6" cat="inf" end="9" id="12" rel="body">
            <node begin="6" end="7" frame="noun(both,count,sg)" gen="both" genus="onz" getal="ev" graad="basis" his="normal" his_1="normal" id="13" lcat="np" lemma="honkbal" naamval="stan" ntype="soort" num="sg" pos="noun" postag="N(soort,ev,basis,onz,stan)" pt="n" rel="obj1" rnum="sg" root="honkbal" sense="honkbal" word="honkbal"/>
            <node begin="8" buiging="zonder" end="9" frame="verb(hebben,inf,transitive)" his="normal" his_1="normal" id="14" infl="inf" lcat="inf" lemma="spelen" pos="verb" positie="vrij" postag="WW(inf,vrij,zonder)" pt="ww" rel="hd" root="speel" sc="transitive" sense="speel" word="spelen" wvorm="inf"/>
          </node>
        </node>
      </node>
    </node>
    <node begin="9" end="10" frame="punct(punt)" his="normal" his_1="normal" id="15" lcat="punct" lemma="." pos="punct" postag="LET()" pt="let" rel="--" root="." sense="." special="punt" word="."/>
  </node>
  <sentence sentid="42">Alle jongens vinden het leuk om honkbal te spelen .</sentence>
  <comments>
    <comment>Q#42|Alle jongens vinden het leuk om honkbal te spelen .|1|1|-7.0447620735</comment>
  </comments>
</alpino_ds>
