<?xml version="1.0" encoding="UTF-8"?>
<alpino_ds version="1.15">
  <parser build="Alpino-x86_64-linux-glibc2.5-git1006-sicstus" date="2023-09-07T13:19" cats="1" skips="0" />
  <node begin="0" cat="top" end="9" id="0" rel="top">
    <node begin="0" cat="smain" end="8" id="1" rel="--">
      <node begin="0" cat="np" end="2" id="2" rel="su">
        <node begin="0" end="1" frame="determiner(de)" his="normal" his_1="decap" his_1_1="normal" id="3" infl="de" lcat="detp" lemma="de" lwtype="bep" naamval="stan" npagr="rest" pos="det" postag="LID(bep,stan,rest)" pt="lid" rel="det" root="de" sense="de" word="De"/>
        <node begin="1" end="2" frame="noun(de,count,sg)" gen="de" genus="zijd" getal="ev" graad="basis" his="normal" his_1="normal" id="4" lcat="np" lemma="bestuurder" naamval="stan" ntype="soort" num="sg" pos="noun" postag="N(soort,ev,basis,zijd,stan)" pt="n" rel="hd" rnum="sg" root="bestuurder" sense="bestuurder" word="bestuurder"/>
      </node>
      <node begin="2" end="3" frame="verb(hebben,past(sg),tr_sbar)" his="normal" his_1="normal" id="5" infl="sg" lcat="smain" lemma="zeggen" pos="verb" postag="WW(pv,verl,ev)" pt="ww" pvagr="ev" pvtijd="verl" rel="hd" root="zeg" sc="tr_sbar" sense="zeg" stype="declarative" tense="past" v_per="thi" word="zei" wvorm="pv"/>
      <node begin="3" cat="cp" end="8" id="6" rel="vc">
        <node begin="3" conjtype="onder" end="4" frame="complementizer(dat)" his="normal" his_1="normal" id="7" lcat="cp" lemma="dat" pos="comp" postag="VG(onder)" pt="vg" rel="cmp" root="dat" sc="dat" sense="dat" word="dat"/>
        <node begin="4" cat="ssub" end="8" id="8" rel="body">
          <node begin="4" case="nom" def="def" end="5" frame="pronoun(nwh,fir,pl,de,nom,def,wkpro)" gen="de" getal="mv" his="normal" his_1="normal" id="9" lcat="np" lemma="we" naamval="nomin" num="pl" pdtype="pron" per="fir" persoon="1" pos="pron" postag="VNW(pers,pron,nomin,red,1,mv)" pt="vnw" rel="su" rnum="pl" root="we" sense="we" special="wkpro" status="red" vwtype="pers" wh="nwh" word="we"/>
          <node begin="5" cat="np" end="7" id="10" rel="obj1">
            <node begin="5" buiging="zonder" end="6" frame="determiner(geen,nwh,mod,pro,yparg,nwkpro,geen)" his="normal" his_1="normal" id="11" infl="geen" lcat="detp" lemma="geen" naamval="stan" npagr="agr" pdtype="det" pos="det" positie="prenom" postag="VNW(onbep,det,stan,prenom,zonder,agr)" pt="vnw" rel="det" root="geen" sense="geen" vwtype="onbep" wh="nwh" word="geen"/>
            <node begin="6" end="7" frame="noun(de,count,pl)" gen="de" getal="mv" graad="basis" his="normal" his_1="normal" id="12" lcat="np" lemma="rem" ntype="soort" num="pl" pos="noun" postag="N(soort,mv,basis)" pt="n" rel="hd" rnum="pl" root="rem" sense="rem" word="remmen"/>
          </node>
          <node begin="7" end="8" frame="verb(hebben,pl,transitive_ndev)" his="normal" his_1="normal" id="13" infl="pl" lcat="ssub" lemma="hebben" pos="verb" postag="WW(pv,tgw,mv)" pt="ww" pvagr="mv" pvtijd="tgw" rel="hd" root="heb" sc="transitive_ndev" sense="heb" tense="present" v_per="fir" word="hebben" wvorm="pv"/>
        </node>
      </node>
    </node>
    <node begin="8" end="9" frame="punct(uitroep)" his="normal" his_1="normal" id="14" lcat="punct" lemma="!" pos="punct" postag="LET()" pt="let" rel="--" root="!" sense="!" special="uitroep" word="!"/>
  </node>
  <sentence sentid="474">De bestuurder zei dat we geen remmen hebben !</sentence>
  <comments>
    <comment>Q#474|De bestuurder zei dat we geen remmen hebben !|1|1|-4.4569389724</comment>
  </comments>
</alpino_ds>
