<?xml version="1.0" encoding="UTF-8"?>
<alpino_ds version="1.15">
  <parser build="Alpino-x86_64-linux-glibc2.5-git1006-sicstus" date="2023-09-07T13:17" cats="1" skips="0" />
  <node begin="0" cat="top" end="9" id="0" rel="top">
    <node begin="0" cat="smain" end="8" id="1" rel="--">
      <node begin="0" cat="np" end="2" id="2" rel="su">
        <node begin="0" buiging="met-e" end="1" frame="determiner(alle,nwh,mod,pro,nparg)" his="normal" his_1="decap" his_1_1="normal" id="3" infl="alle" lcat="detp" lemma="al" naamval="stan" npagr="agr" pdtype="det" pos="det" positie="prenom" postag="VNW(onbep,det,stan,prenom,met-e,agr)" pt="vnw" rel="det" root="al" sense="al" vwtype="onbep" wh="nwh" word="Alle"/>
        <node begin="1" end="2" frame="noun(de,count,pl)" gen="de" getal="mv" graad="basis" his="normal" his_1="normal" id="4" lcat="np" lemma="passagier" ntype="soort" num="pl" pos="noun" postag="N(soort,mv,basis)" pt="n" rel="hd" rnum="pl" root="passagier" sense="passagier" word="passagiers"/>
      </node>
      <node begin="2" end="3" frame="verb(unacc,pl,copula)" his="normal" his_1="normal" id="5" infl="pl" lcat="smain" lemma="zijn" pos="verb" postag="WW(pv,tgw,mv)" pt="ww" pvagr="mv" pvtijd="tgw" rel="hd" root="ben" sc="copula" sense="ben" stype="declarative" tense="present" v_per="thi" word="zijn" wvorm="pv"/>
      <node begin="3" cat="conj" end="8" id="6" rel="predc">
        <node begin="3" cat="pp" end="6" id="7" rel="cnj">
          <node begin="3" end="4" frame="preposition(in,[])" his="normal" his_1="normal" id="8" lcat="pp" lemma="in" pos="prep" postag="VZ(init)" pt="vz" rel="hd" root="in" sense="in" vztype="init" word="in"/>
          <node begin="4" cat="np" end="6" id="9" rel="obj1">
            <node aform="base" begin="4" buiging="zonder" end="5" frame="adjective(no_e(adv))" graad="basis" his="normal" his_1="normal" id="10" infl="no_e" lcat="ap" lemma="dodelijk" pos="adj" positie="prenom" postag="ADJ(prenom,basis,zonder)" pt="adj" rel="mod" root="dodelijk" sense="dodelijk" vform="adj" word="dodelijk"/>
            <node begin="5" end="6" frame="noun(het,count,sg,pred_pp(in))" gen="het" genus="onz" getal="ev" graad="basis" his="normal" his_1="normal" id="11" lcat="np" lemma="gevaar" naamval="stan" ntype="soort" num="sg" pos="noun" postag="N(soort,ev,basis,onz,stan)" pt="n" rel="hd" rnum="sg" root="gevaar" sc="pred_pp(in)" sense="gevaar" word="gevaar"/>
          </node>
        </node>
        <node begin="6" conjtype="neven" end="7" frame="conj(en)" his="normal" his_1="normal" id="12" lcat="vg" lemma="en" pos="vg" postag="VG(neven)" pt="vg" rel="crd" root="en" sense="en" word="en"/>
        <node begin="7" end="8" frame="noun(de,count,sg)" gen="de" genus="zijd" getal="ev" graad="basis" his="normal" his_1="normal" id="13" lcat="np" lemma="angst" naamval="stan" ntype="soort" num="sg" pos="noun" postag="N(soort,ev,basis,zijd,stan)" pt="n" rel="cnj" rnum="sg" root="angst" sense="angst" word="angst"/>
      </node>
    </node>
    <node begin="8" end="9" frame="punct(punt)" his="normal" his_1="normal" id="14" lcat="punct" lemma="." pos="punct" postag="LET()" pt="let" rel="--" root="." sense="." special="punt" word="."/>
  </node>
  <sentence sentid="48">Alle passagiers zijn in dodelijk gevaar en angst .</sentence>
  <comments>
    <comment>Q#48|Alle passagiers zijn in dodelijk gevaar en angst .|1|1|-0.06083578599999995</comment>
  </comments>
</alpino_ds>
