<?xml version="1.0" encoding="UTF-8"?>
<alpino_ds version="1.15">
  <parser build="Alpino-x86_64-linux-glibc2.5-git1006-sicstus" date="2023-09-07T13:19" cats="2" skips="0" />
  <node begin="0" cat="top" end="10" id="0" rel="top">
    <node begin="0" cat="du" end="9" id="1" rel="--">
      <node begin="0" cat="np" end="3" id="2" rel="dp">
        <node begin="0" end="1" frame="determiner(de)" his="normal" his_1="decap" his_1_1="normal" id="3" infl="de" lcat="detp" lemma="de" lwtype="bep" naamval="stan" npagr="rest" pos="det" postag="LID(bep,stan,rest)" pt="lid" rel="det" root="de" sense="de" word="De"/>
        <node begin="1" end="2" frame="noun(de,count,sg,measure)" gen="de" genus="zijd" getal="ev" graad="basis" his="normal" his_1="normal" id="4" lcat="np" lemma="hoop" naamval="stan" ntype="soort" num="sg" pos="noun" postag="N(soort,ev,basis,zijd,stan)" pt="n" rel="hd" rnum="sg" root="hoop" sc="measure" sense="hoop" word="hoop"/>
        <node begin="2" end="3" frame="noun(both,both,both)" gen="both" genus="zijd" getal="ev" graad="basis" his="noun" id="5" lcat="np" lemma="neight" naamval="stan" ntype="soort" num="both" pos="noun" postag="N(soort,ev,basis,zijd,stan)" pt="n" rel="mod" rnum="sg" root="neight" sense="neight" word="neight"/>
      </node>
      <node begin="3" cat="ti" end="9" id="6" rel="dp">
        <node begin="7" end="8" frame="complementizer(te)" his="normal" his_1="normal" id="7" lcat="ti" lemma="te" pos="comp" postag="VZ(init)" pt="vz" rel="cmp" root="te" sc="te" sense="te" vztype="init" word="te"/>
        <node begin="3" cat="inf" end="9" id="8" rel="body">
          <node begin="3" end="4" frame="adverb" his="normal" his_1="normal" id="9" lcat="advp" lemma="niet" pos="adv" postag="BW()" pt="bw" rel="mod" root="niet" sense="niet" word="niet"/>
          <node begin="4" cat="np" end="6" id="10" rel="obj1">
            <node begin="4" end="5" frame="determiner(de)" his="normal" his_1="normal" id="11" infl="de" lcat="detp" lemma="de" lwtype="bep" naamval="stan" npagr="rest" pos="det" postag="LID(bep,stan,rest)" pt="lid" rel="det" root="de" sense="de" word="de"/>
            <node begin="5" end="6" frame="noun(de,count,sg)" gen="de" genus="zijd" getal="ev" graad="basis" his="normal" his_1="normal" id="12" lcat="np" lemma="realiteit" naamval="stan" ntype="soort" num="sg" pos="noun" postag="N(soort,ev,basis,zijd,stan)" pt="n" rel="hd" rnum="sg" root="realiteit" sense="realiteit" word="realiteit"/>
          </node>
          <node begin="6" buiging="zonder" end="7" frame="particle(vast)" graad="basis" his="normal" his_1="normal" id="13" lcat="part" lemma="vast" pos="part" positie="vrij" postag="ADJ(vrij,basis,zonder)" pt="adj" rel="svp" root="vast" sense="vast" word="vast"/>
          <node begin="8" buiging="zonder" end="9" frame="verb(hebben,inf,part_transitive(vast))" his="normal" his_1="normal" id="14" infl="inf" lcat="inf" lemma="vast_leggen" pos="verb" positie="vrij" postag="WW(inf,vrij,zonder)" pt="ww" rel="hd" root="leg_vast" sc="part_transitive(vast)" sense="leg_vast" word="leggen" wvorm="inf"/>
        </node>
      </node>
    </node>
    <node begin="9" end="10" frame="punct(punt)" his="robust_skip" id="15" lcat="--" lemma="." pos="punct" postag="LET()" pt="let" rel="--" root="." sense="." special="punt" word="."/>
  </node>
  <sentence sentid="483">De hoop neight niet de realiteit vast te leggen .</sentence>
  <comments>
    <comment>Q#483|De hoop neight niet de realiteit vast te leggen .|1|2|5.272716741300001</comment>
  </comments>
</alpino_ds>
