<?xml version="1.0" encoding="UTF-8"?>
<alpino_ds version="1.15">
  <parser build="Alpino-x86_64-linux-glibc2.5-git1006-sicstus" date="2023-09-07T13:19" cats="1" skips="0" />
  <node begin="0" cat="top" end="9" id="0" rel="top">
    <node begin="0" cat="smain" end="8" id="1" rel="--">
      <node begin="0" cat="np" end="3" id="2" rel="su">
        <node begin="0" end="1" frame="determiner(de)" his="normal" his_1="decap" his_1_1="normal" id="3" infl="de" lcat="detp" lemma="de" lwtype="bep" naamval="stan" npagr="rest" pos="det" postag="LID(bep,stan,rest)" pt="lid" rel="det" root="de" sense="de" word="De"/>
        <node aform="super" begin="1" buiging="met-e" end="2" frame="adjective(ste)" graad="sup" his="normal" his_1="normal" id="4" infl="e" lcat="ap" lemma="veel" naamval="stan" npagr="agr" pdtype="grad" pos="adj" positie="prenom" postag="VNW(onbep,grad,stan,prenom,met-e,agr,sup)" pt="vnw" rel="mod" root="veel" sense="veel" vform="adj" vwtype="onbep" word="meeste"/>
        <node begin="2" end="3" frame="noun(both,count,pl)" gen="both" getal="mv" graad="basis" his="normal" his_1="normal" id="5" lcat="np" lemma="mens" ntype="soort" num="pl" pos="noun" postag="N(soort,mv,basis)" pt="n" rel="hd" rnum="pl" root="mens" sense="mens" word="mensen"/>
      </node>
      <node begin="3" end="4" frame="verb(hebben,pl,pc_pp(van))" his="normal" his_1="normal" id="6" infl="pl" lcat="smain" lemma="houden" pos="verb" postag="WW(pv,tgw,mv)" pt="ww" pvagr="mv" pvtijd="tgw" rel="hd" root="houd" sc="pc_pp(van)" sense="houd-van" stype="declarative" tense="present" v_per="thi" word="houden" wvorm="pv"/>
      <node begin="4" end="5" frame="adverb" his="normal" his_1="normal" id="7" lcat="advp" lemma="niet" pos="adv" postag="BW()" pt="bw" rel="mod" root="niet" sense="niet" word="niet"/>
      <node begin="5" cat="pp" end="8" id="8" rel="pc">
        <node begin="5" end="6" frame="preposition(van,[af,uit,vandaan,[af,aan]])" his="normal" his_1="normal" id="9" lcat="pp" lemma="van" pos="prep" postag="VZ(init)" pt="vz" rel="hd" root="van" sense="van" vztype="init" word="van"/>
        <node begin="6" cat="np" end="8" id="10" rel="obj1">
          <node aform="base" begin="6" buiging="met-e" end="7" frame="adjective(e)" graad="basis" his="normal" his_1="normal" id="11" infl="e" lcat="ap" lemma="slecht" naamval="stan" pos="adj" positie="prenom" postag="ADJ(prenom,basis,met-e,stan)" pt="adj" rel="mod" root="slecht" sense="slecht" vform="adj" word="slechte"/>
          <node begin="7" end="8" frame="noun(het,count,pl)" gen="het" getal="mv" graad="basis" his="normal" his_1="normal" id="12" lcat="np" lemma="ziekenhuis" ntype="soort" num="pl" pos="noun" postag="N(soort,mv,basis)" pt="n" rel="hd" rnum="pl" root="ziekenhuis" sense="ziekenhuis" word="ziekenhuizen"/>
        </node>
      </node>
    </node>
    <node begin="8" end="9" frame="punct(punt)" his="normal" his_1="normal" id="13" lcat="punct" lemma="." pos="punct" postag="LET()" pt="let" rel="--" root="." sense="." special="punt" word="."/>
  </node>
  <sentence sentid="528">De meeste mensen houden niet van slechte ziekenhuizen .</sentence>
  <comments>
    <comment>Q#528|De meeste mensen houden niet van slechte ziekenhuizen .|1|1|0.6953469693000001</comment>
  </comments>
</alpino_ds>
