<?xml version="1.0" encoding="UTF-8"?>
<alpino_ds version="1.15">
  <parser build="Alpino-x86_64-linux-glibc2.5-git1006-sicstus" date="2023-09-07T13:19" cats="1" skips="0" />
  <node begin="0" cat="top" end="8" id="0" rel="top">
    <node begin="0" cat="smain" end="7" id="1" rel="--">
      <node begin="0" cat="np" end="3" id="2" rel="su">
        <node begin="0" end="1" frame="determiner(de)" his="normal" his_1="decap" his_1_1="normal" id="3" infl="de" lcat="detp" lemma="de" lwtype="bep" naamval="stan" npagr="rest" pos="det" postag="LID(bep,stan,rest)" pt="lid" rel="det" root="de" sense="de" word="De"/>
        <node aform="super" begin="1" buiging="met-e" end="2" frame="adjective(ste)" graad="sup" his="normal" his_1="normal" id="4" infl="e" lcat="ap" lemma="veel" naamval="stan" npagr="agr" pdtype="grad" pos="adj" positie="prenom" postag="VNW(onbep,grad,stan,prenom,met-e,agr,sup)" pt="vnw" rel="mod" root="veel" sense="veel" vform="adj" vwtype="onbep" word="meeste"/>
        <node begin="2" end="3" frame="noun(de,count,pl)" gen="de" getal="mv" graad="basis" his="compound" his_1="2" id="5" lcat="np" lemma="pinda_boer" ntype="soort" num="pl" pos="noun" postag="N(soort,mv,basis)" pt="n" rel="hd" rnum="pl" root="pinda_boer" sense="pinda_boer" word="pindaboeren"/>
      </node>
      <node begin="3" end="4" frame="verb(hebben,past(pl),transitive)" his="normal" his_1="normal" id="6" infl="pl" lcat="smain" lemma="betreden" pos="verb" postag="WW(pv,verl,mv)" pt="ww" pvagr="mv" pvtijd="verl" rel="hd" root="betreed" sc="transitive" sense="betreed" stype="declarative" tense="past" v_per="thi" word="betraden" wvorm="pv"/>
      <node begin="4" cat="np" end="6" id="7" rel="obj1">
        <node begin="4" end="5" frame="determiner(de)" his="normal" his_1="normal" id="8" infl="de" lcat="detp" lemma="de" lwtype="bep" naamval="stan" npagr="rest" pos="det" postag="LID(bep,stan,rest)" pt="lid" rel="det" root="de" sense="de" word="de"/>
        <node begin="5" end="6" frame="tmp_noun(de,count,sg)" gen="de" genus="zijd" getal="ev" graad="basis" his="normal" his_1="normal" id="9" lcat="np" lemma="race" naamval="stan" ntype="soort" num="sg" pos="noun" postag="N(soort,ev,basis,zijd,stan)" pt="n" rel="hd" rnum="sg" root="race" sense="race" special="tmp" word="race"/>
      </node>
      <node aform="base" begin="6" buiging="zonder" end="7" frame="adjective(no_e(tmpadv))" graad="basis" his="normal" his_1="normal" id="10" infl="no_e" lcat="ap" lemma="vroeg" pos="adj" positie="vrij" postag="ADJ(vrij,basis,zonder)" pt="adj" rel="mod" root="vroeg" sense="vroeg" vform="adj" word="vroeg"/>
    </node>
    <node begin="7" end="8" frame="punct(punt)" his="normal" his_1="normal" id="11" lcat="punct" lemma="." pos="punct" postag="LET()" pt="let" rel="--" root="." sense="." special="punt" word="."/>
  </node>
  <sentence sentid="530">De meeste pindaboeren betraden de race vroeg .</sentence>
  <comments>
    <comment>Q#530|De meeste pindaboeren betraden de race vroeg .|1|1|0.8809181652</comment>
  </comments>
</alpino_ds>
