<?xml version="1.0" encoding="UTF-8"?>
<alpino_ds version="1.15">
  <parser build="Alpino-x86_64-linux-glibc2.5-git1006-sicstus" date="2023-09-07T13:19" cats="1" skips="0" />
  <node begin="0" cat="top" end="11" id="0" rel="top">
    <node begin="0" cat="smain" end="10" id="1" rel="--">
      <node begin="0" cat="np" end="2" id="2" index="1" rel="su">
        <node begin="0" end="1" frame="determiner(de)" his="normal" his_1="decap" his_1_1="normal" id="3" infl="de" lcat="detp" lemma="de" lwtype="bep" naamval="stan" npagr="rest" pos="det" postag="LID(bep,stan,rest)" pt="lid" rel="det" root="de" sense="de" word="De"/>
        <node begin="1" end="2" frame="noun(de,count,sg)" gen="de" genus="zijd" getal="ev" graad="basis" his="normal" his_1="normal" id="4" lcat="np" lemma="overheid" naamval="stan" ntype="soort" num="sg" pos="noun" postag="N(soort,ev,basis,zijd,stan)" pt="n" rel="hd" rnum="sg" root="overheid" sense="overheid" word="overheid"/>
      </node>
      <node begin="2" end="3" frame="verb(hebben,sg_heeft,aux_psp_hebben)" his="normal" his_1="normal" id="5" infl="sg_heeft" lcat="smain" lemma="hebben" pos="verb" postag="WW(pv,tgw,met-t)" pt="ww" pvagr="met-t" pvtijd="tgw" rel="hd" root="heb" sc="aux_psp_hebben" sense="heb" stype="declarative" tense="present" v_per="thi" word="heeft" wvorm="pv"/>
      <node begin="0" cat="ppart" end="10" id="6" rel="vc">
        <node begin="0" end="2" id="7" index="1" rel="su"/>
        <node begin="6" buiging="zonder" end="7" frame="verb(hebben,psp,ninv(transitive,part_transitive(in)))" his="normal" his_1="part-V" id="8" infl="psp" lcat="ppart" lemma="in_voeren" pos="verb" positie="vrij" postag="WW(vd,vrij,zonder)" pt="ww" rel="hd" root="voer_in" sc="part_transitive(in)" sense="voer_in" word="ingevoerd" wvorm="vd"/>
        <node begin="3" cat="np" end="10" id="9" rel="obj1">
          <node begin="3" end="4" frame="determiner(een)" his="normal" his_1="normal" id="10" infl="een" lcat="detp" lemma="een" lwtype="onbep" naamval="stan" npagr="agr" pos="det" postag="LID(onbep,stan,agr)" pt="lid" rel="det" root="een" sense="een" word="een"/>
          <node aform="base" begin="4" buiging="met-e" end="5" frame="adjective(e)" graad="basis" his="normal" his_1="normal" id="11" infl="e" lcat="ap" lemma="nieuw" naamval="stan" pos="adj" positie="prenom" postag="ADJ(prenom,basis,met-e,stan)" pt="adj" rel="mod" root="nieuw" sense="nieuw" vform="adj" word="nieuwe"/>
          <node begin="5" end="6" frame="noun(de,count,sg)" gen="de" genus="zijd" getal="ev" graad="basis" his="normal" his_1="normal" id="12" lcat="np" lemma="belasting" naamval="stan" ntype="soort" num="sg" pos="noun" postag="N(soort,ev,basis,zijd,stan)" pt="n" rel="hd" rnum="sg" root="belasting" sense="belasting" word="belasting"/>
          <node begin="7" cat="pp" end="10" id="13" rel="mod">
            <node begin="7" end="8" frame="preposition(op,[af,na])" his="normal" his_1="normal" id="14" lcat="pp" lemma="op" pos="prep" postag="VZ(init)" pt="vz" rel="hd" root="op" sense="op" vztype="init" word="op"/>
            <node begin="8" cat="np" end="10" id="15" rel="obj1">
              <node aform="base" begin="8" buiging="met-e" end="9" frame="adjective(e)" graad="basis" his="normal" his_1="normal" id="16" infl="e" lcat="ap" lemma="beroemd" naamval="stan" pos="adj" positie="prenom" postag="ADJ(prenom,basis,met-e,stan)" pt="adj" rel="mod" root="beroemd" sense="beroemd" vform="adj" word="beroemde"/>
              <node begin="9" end="10" frame="noun(de,both,sg)" gen="de" genus="zijd" getal="ev" graad="basis" his="normal" his_1="normal" id="17" lcat="np" lemma="wijn" naamval="stan" ntype="soort" num="sg" pos="noun" postag="N(soort,ev,basis,zijd,stan)" pt="n" rel="hd" rnum="sg" root="wijn" sense="wijn" word="wijn"/>
            </node>
          </node>
        </node>
      </node>
    </node>
    <node begin="10" end="11" frame="punct(punt)" his="normal" his_1="normal" id="18" lcat="punct" lemma="." pos="punct" postag="LET()" pt="let" rel="--" root="." sense="." special="punt" word="."/>
  </node>
  <sentence sentid="538">De overheid heeft een nieuwe belasting ingevoerd op beroemde wijn .</sentence>
  <comments>
    <comment>Q#538|De overheid heeft een nieuwe belasting ingevoerd op beroemde wijn .|1|1|-5.4519082059</comment>
  </comments>
</alpino_ds>
