<?xml version="1.0" encoding="UTF-8"?>
<alpino_ds version="1.15">
  <parser build="Alpino-x86_64-linux-glibc2.5-git1006-sicstus" date="2023-09-07T13:19" cats="1" skips="0" />
  <node begin="0" cat="top" end="12" id="0" rel="top">
    <node begin="7" end="8" frame="punct(komma)" his="normal" his_1="normal" id="1" lcat="punct" lemma="," pos="punct" postag="LET()" pt="let" rel="--" root="," sense="," special="komma" word=","/>
    <node begin="0" cat="smain" end="11" id="2" rel="--">
      <node begin="0" cat="np" end="2" id="3" index="1" rel="su">
        <node begin="0" end="1" frame="determiner(de)" his="normal" his_1="decap" his_1_1="normal" id="4" infl="de" lcat="detp" lemma="de" lwtype="bep" naamval="stan" npagr="rest" pos="det" postag="LID(bep,stan,rest)" pt="lid" rel="det" root="de" sense="de" word="De"/>
        <node begin="1" end="2" frame="noun(de,count,sg)" gen="de" genus="zijd" getal="ev" graad="basis" his="normal" his_1="normal" id="5" lcat="np" lemma="overheid" naamval="stan" ntype="soort" num="sg" pos="noun" postag="N(soort,ev,basis,zijd,stan)" pt="n" rel="hd" rnum="sg" root="overheid" sense="overheid" word="overheid"/>
      </node>
      <node begin="2" end="3" frame="verb(unacc,sg3,passive)" his="normal" his_1="normal" id="6" infl="sg3" lcat="smain" lemma="worden" pos="verb" postag="WW(pv,tgw,met-t)" pt="ww" pvagr="met-t" pvtijd="tgw" rel="hd" root="word" sc="passive" sense="word" stype="declarative" tense="present" v_per="thi" word="wordt" wvorm="pv"/>
      <node begin="0" cat="ppart" end="11" id="7" rel="vc">
        <node begin="0" end="2" id="8" index="1" rel="obj1"/>
        <node begin="3" buiging="zonder" end="4" frame="verb(hebben,psp,transitive)" his="normal" his_1="normal" id="9" infl="psp" lcat="ppart" lemma="bekritiseren" pos="verb" positie="vrij" postag="WW(vd,vrij,zonder)" pt="ww" rel="hd" root="bekritiseer" sc="transitive" sense="bekritiseer" word="bekritiseerd" wvorm="vd"/>
        <node begin="4" cat="pp" end="7" id="10" rel="mod">
          <node begin="4" end="5" frame="preposition(van,[af,uit,vandaan,[af,aan]])" his="normal" his_1="normal" id="11" lcat="pp" lemma="van" pos="prep" postag="VZ(init)" pt="vz" rel="hd" root="van" sense="van" vztype="init" word="van"/>
          <node begin="5" cat="np" end="7" id="12" rel="obj1">
            <node begin="5" buiging="met-e" end="6" frame="determiner(alle,nwh,mod,pro,nparg)" his="normal" his_1="normal" id="13" infl="alle" lcat="detp" lemma="al" naamval="stan" npagr="agr" pdtype="det" pos="det" positie="prenom" postag="VNW(onbep,det,stan,prenom,met-e,agr)" pt="vnw" rel="det" root="al" sense="al" vwtype="onbep" wh="nwh" word="alle"/>
            <node begin="6" end="7" frame="noun(de,count,pl)" gen="de" getal="mv" graad="basis" his="normal" his_1="normal" id="14" lcat="np" lemma="kant" ntype="soort" num="pl" pos="noun" postag="N(soort,mv,basis)" pt="n" rel="hd" rnum="pl" root="kant" sense="kant" word="kanten"/>
          </node>
        </node>
        <node begin="8" cat="conj" end="11" id="15" rel="mod">
          <node aform="base" begin="8" buiging="zonder" end="9" frame="adjective(postn_no_e(dir_locadv))" graad="basis" his="normal" his_1="normal" id="16" infl="no_e" lcat="ap" lemma="links" pos="adj" positie="vrij" postag="ADJ(vrij,basis,zonder)" pt="adj" rel="cnj" root="links" sense="links" vform="adj" word="links"/>
          <node begin="9" conjtype="neven" end="10" frame="conj(en)" his="normal" his_1="normal" id="17" lcat="vg" lemma="en" pos="vg" postag="VG(neven)" pt="vg" rel="crd" root="en" sense="en" word="en"/>
          <node aform="base" begin="10" buiging="zonder" end="11" frame="adjective(postn_no_e(dir_locadv))" graad="basis" his="normal" his_1="normal" id="18" infl="no_e" lcat="ap" lemma="rechts" pos="adj" positie="vrij" postag="ADJ(vrij,basis,zonder)" pt="adj" rel="cnj" root="rechts" sense="rechts" vform="adj" word="rechts"/>
        </node>
      </node>
    </node>
    <node begin="11" end="12" frame="punct(punt)" his="normal" his_1="normal" id="19" lcat="punct" lemma="." pos="punct" postag="LET()" pt="let" rel="--" root="." sense="." special="punt" word="."/>
  </node>
  <sentence sentid="543">De overheid wordt bekritiseerd van alle kanten , links en rechts .</sentence>
  <comments>
    <comment>Q#543|De overheid wordt bekritiseerd van alle kanten , links en rechts .|1|1|-2.0777692703</comment>
  </comments>
</alpino_ds>
