<?xml version="1.0" encoding="UTF-8"?>
<alpino_ds version="1.15">
  <parser build="Alpino-x86_64-linux-glibc2.5-git1006-sicstus" date="2023-09-07T13:19" cats="1" skips="0" />
  <node begin="0" cat="top" end="8" id="0" rel="top">
    <node begin="0" cat="smain" end="7" id="1" rel="--">
      <node begin="0" cat="np" end="2" id="2" index="1" rel="su">
        <node begin="0" end="1" frame="determiner(de)" his="normal" his_1="decap" his_1_1="normal" id="3" infl="de" lcat="detp" lemma="de" lwtype="bep" naamval="stan" npagr="rest" pos="det" postag="LID(bep,stan,rest)" pt="lid" rel="det" root="de" sense="de" word="De"/>
        <node begin="1" end="2" frame="noun(de,count,sg)" gen="de" genus="zijd" getal="ev" graad="basis" his="normal" his_1="normal" id="4" lcat="np" lemma="overheid" naamval="stan" ntype="soort" num="sg" pos="noun" postag="N(soort,ev,basis,zijd,stan)" pt="n" rel="hd" rnum="sg" root="overheid" sense="overheid" word="overheid"/>
      </node>
      <node begin="2" end="3" frame="verb(unacc,sg3,passive)" his="normal" his_1="normal" id="5" infl="sg3" lcat="smain" lemma="worden" pos="verb" postag="WW(pv,tgw,met-t)" pt="ww" pvagr="met-t" pvtijd="tgw" rel="hd" root="word" sc="passive" sense="word" stype="declarative" tense="present" v_per="thi" word="wordt" wvorm="pv"/>
      <node begin="0" cat="ppart" end="7" id="6" rel="vc">
        <node begin="0" end="2" id="7" index="1" rel="obj1"/>
        <node begin="3" buiging="zonder" end="4" frame="verb(hebben,psp,transitive)" his="normal" his_1="normal" id="8" infl="psp" lcat="ppart" lemma="bekritiseren" pos="verb" positie="vrij" postag="WW(vd,vrij,zonder)" pt="ww" rel="hd" root="bekritiseer" sc="transitive" sense="bekritiseer" word="bekritiseerd" wvorm="vd"/>
        <node begin="4" cat="pp" end="7" id="9" rel="mod">
          <node begin="4" end="5" frame="preposition(van,[af,uit,vandaan,[af,aan]])" his="normal" his_1="normal" id="10" lcat="pp" lemma="van" pos="prep" postag="VZ(init)" pt="vz" rel="hd" root="van" sense="van" vztype="init" word="van"/>
          <node begin="5" cat="np" end="7" id="11" rel="obj1">
            <node begin="5" buiging="met-e" end="6" frame="determiner(alle,nwh,mod,pro,nparg)" his="normal" his_1="normal" id="12" infl="alle" lcat="detp" lemma="al" naamval="stan" npagr="agr" pdtype="det" pos="det" positie="prenom" postag="VNW(onbep,det,stan,prenom,met-e,agr)" pt="vnw" rel="det" root="al" sense="al" vwtype="onbep" wh="nwh" word="alle"/>
            <node begin="6" end="7" frame="noun(de,count,pl)" gen="de" getal="mv" graad="basis" his="normal" his_1="normal" id="13" lcat="np" lemma="kant" ntype="soort" num="pl" pos="noun" postag="N(soort,mv,basis)" pt="n" rel="hd" rnum="pl" root="kant" sense="kant" word="kanten"/>
          </node>
        </node>
      </node>
    </node>
    <node begin="7" end="8" frame="punct(punt)" his="normal" his_1="normal" id="14" lcat="punct" lemma="." pos="punct" postag="LET()" pt="let" rel="--" root="." sense="." special="punt" word="."/>
  </node>
  <sentence sentid="544">De overheid wordt bekritiseerd van alle kanten .</sentence>
  <comments>
    <comment>Q#544|De overheid wordt bekritiseerd van alle kanten .|1|1|0.33459431619999846</comment>
  </comments>
</alpino_ds>
