<?xml version="1.0" encoding="UTF-8"?>
<alpino_ds version="1.15">
  <parser build="Alpino-x86_64-linux-glibc2.5-git1006-sicstus" date="2023-09-07T13:17" cats="1" skips="0" />
  <node begin="0" cat="top" end="7" id="0" rel="top">
    <node begin="0" cat="smain" end="6" id="1" rel="--">
      <node begin="0" cat="np" end="2" id="2" rel="su">
        <node begin="0" buiging="met-e" end="1" frame="determiner(alle,nwh,mod,pro,nparg)" his="normal" his_1="decap" his_1_1="normal" id="3" infl="alle" lcat="detp" lemma="al" naamval="stan" npagr="agr" pdtype="det" pos="det" positie="prenom" postag="VNW(onbep,det,stan,prenom,met-e,agr)" pt="vnw" rel="det" root="al" sense="al" vwtype="onbep" wh="nwh" word="Alle"/>
        <node begin="1" end="2" frame="noun(de,count,pl)" gen="de" getal="mv" graad="basis" his="normal" his_1="normal" id="4" lcat="np" lemma="speler" ntype="soort" num="pl" pos="noun" postag="N(soort,mv,basis)" pt="n" rel="hd" rnum="pl" root="speler" sense="speler" word="spelers"/>
      </node>
      <node begin="2" end="3" frame="verb(hebben,past(pl),ld_pp)" his="normal" his_1="normal" id="5" infl="pl" lcat="smain" lemma="staan" pos="verb" postag="WW(pv,verl,mv)" pt="ww" pvagr="mv" pvtijd="verl" rel="hd" root="sta" sc="ld_pp" sense="sta" stype="declarative" tense="past" v_per="thi" word="stonden" wvorm="pv"/>
      <node begin="3" cat="pp" end="6" id="6" rel="ld">
        <node begin="3" end="4" frame="preposition(op,[af,na])" his="normal" his_1="normal" id="7" lcat="pp" lemma="op" pos="prep" postag="VZ(init)" pt="vz" rel="hd" root="op" sense="op" vztype="init" word="op"/>
        <node begin="4" cat="np" end="6" id="8" rel="obj1">
          <node begin="4" buiging="zonder" end="5" frame="determiner(pron)" getal="mv" his="normal" his_1="normal" id="9" infl="pron" lcat="detp" lemma="hun" naamval="stan" npagr="agr" pdtype="det" persoon="3" pos="det" positie="prenom" postag="VNW(bez,det,stan,vol,3,mv,prenom,zonder,agr)" pron="true" pt="vnw" rel="det" root="hun" sense="hun" status="vol" vwtype="bez" word="hun"/>
          <node begin="5" end="6" frame="noun(de,count,sg)" gen="de" genus="zijd" getal="ev" graad="basis" his="normal" his_1="normal" id="10" lcat="np" lemma="plek" naamval="stan" ntype="soort" num="sg" pos="noun" postag="N(soort,ev,basis,zijd,stan)" pt="n" rel="hd" rnum="sg" root="plek" sense="plek" word="plek"/>
        </node>
      </node>
    </node>
    <node begin="6" end="7" frame="punct(punt)" his="normal" his_1="normal" id="11" lcat="punct" lemma="." pos="punct" postag="LET()" pt="let" rel="--" root="." sense="." special="punt" word="."/>
  </node>
  <sentence sentid="57">Alle spelers stonden op hun plek .</sentence>
  <comments>
    <comment>Q#57|Alle spelers stonden op hun plek .|1|1|-3.9524676774000005</comment>
  </comments>
</alpino_ds>
