<?xml version="1.0" encoding="UTF-8"?>
<alpino_ds version="1.15">
  <parser build="Alpino-x86_64-linux-glibc2.5-git1006-sicstus" date="2023-09-07T13:19" cats="1" skips="0" />
  <node begin="0" cat="top" end="7" id="0" rel="top">
    <node begin="0" cat="smain" end="6" id="1" rel="--">
      <node begin="0" cat="np" end="2" id="2" rel="su">
        <node begin="0" buiging="met-e" end="1" frame="determiner(de,nwh,nmod,pro,nparg)" his="normal" his_1="decap" his_1_1="normal" id="3" infl="de" lcat="detp" lemma="deze" naamval="stan" npagr="rest" pdtype="det" pos="det" positie="prenom" postag="VNW(aanw,det,stan,prenom,met-e,rest)" pt="vnw" rel="det" root="deze" sense="deze" vwtype="aanw" wh="nwh" word="Deze"/>
        <node begin="1" end="2" frame="noun(de,count,sg)" gen="de" genus="zijd" getal="ev" graad="basis" his="normal" his_1="normal" id="4" lcat="np" lemma="zin" naamval="stan" ntype="soort" num="sg" pos="noun" postag="N(soort,ev,basis,zijd,stan)" pt="n" rel="hd" rnum="sg" root="zin" sense="zin" word="zin"/>
      </node>
      <node begin="2" end="3" frame="verb(hebben,sg_heeft,transitive_ndev)" his="normal" his_1="normal" id="5" infl="sg_heeft" lcat="smain" lemma="hebben" pos="verb" postag="WW(pv,tgw,met-t)" pt="ww" pvagr="met-t" pvtijd="tgw" rel="hd" root="heb" sc="transitive_ndev" sense="heb" stype="declarative" tense="present" v_per="thi" word="heeft" wvorm="pv"/>
      <node begin="3" cat="np" end="6" id="6" rel="obj1">
        <node begin="3" buiging="zonder" end="4" frame="determiner(geen,nwh,mod,pro,yparg,nwkpro,geen)" his="normal" his_1="normal" id="7" infl="geen" lcat="detp" lemma="geen" naamval="stan" npagr="agr" pdtype="det" pos="det" positie="prenom" postag="VNW(onbep,det,stan,prenom,zonder,agr)" pt="vnw" rel="det" root="geen" sense="geen" vwtype="onbep" wh="nwh" word="geen"/>
        <node aform="base" begin="4" buiging="met-e" end="5" frame="adjective(ge_e)" his="normal" his_1="normal" id="8" infl="e" lcat="ppart" lemma="certificeren" pos="adj" positie="prenom" postag="WW(vd,prenom,met-e)" pt="ww" rel="mod" root="certificeren" sense="certificeren" vform="psp" word="gecertificeerde" wvorm="vd"/>
        <node begin="5" end="6" frame="noun(de,count,pl)" gen="de" getal="mv" graad="basis" his="normal" his_1="normal" id="9" lcat="np" lemma="auteur" ntype="soort" num="pl" pos="noun" postag="N(soort,mv,basis)" pt="n" rel="hd" rnum="pl" root="auteur" sense="auteur" word="auteurs"/>
      </node>
    </node>
    <node begin="6" end="7" frame="punct(punt)" his="normal" his_1="normal" id="10" lcat="punct" lemma="." pos="punct" postag="LET()" pt="let" rel="--" root="." sense="." special="punt" word="."/>
  </node>
  <sentence sentid="607">Deze zin heeft geen gecertificeerde auteurs .</sentence>
  <comments>
    <comment>Q#607|Deze zin heeft geen gecertificeerde auteurs .|1|1|-2.6947206055000006</comment>
  </comments>
</alpino_ds>
