<?xml version="1.0" encoding="UTF-8"?>
<alpino_ds version="1.15">
  <parser build="Alpino-x86_64-linux-glibc2.5-git1006-sicstus" date="2023-09-07T13:19" cats="1" skips="0" />
  <node begin="0" cat="top" end="9" id="0" rel="top">
    <node begin="0" cat="smain" end="8" id="1" rel="--">
      <node begin="0" cat="np" end="3" id="2" index="1" rel="su">
        <node begin="0" buiging="zonder" end="1" frame="determiner(de,nwh,nmod,pro,nparg)" his="normal" his_1="decap" his_1_1="normal" id="3" infl="de" lcat="detp" lemma="die" naamval="stan" npagr="rest" pdtype="det" pos="det" positie="prenom" postag="VNW(aanw,det,stan,prenom,zonder,rest)" pt="vnw" rel="det" root="die" sense="die" vwtype="aanw" wh="nwh" word="Die"/>
        <node aform="base" begin="1" buiging="met-e" end="2" frame="adjective(e)" graad="basis" his="normal" his_1="normal" id="4" infl="e" lcat="ap" lemma="goed" naamval="stan" pos="adj" positie="prenom" postag="ADJ(prenom,basis,met-e,stan)" pt="adj" rel="mod" root="goed" sense="goed" vform="adj" word="goede"/>
        <node begin="2" end="3" frame="noun(de,count,bare_meas)" gen="de" genus="zijd" getal="ev" graad="basis" his="normal" his_1="normal" id="5" lcat="np" lemma="man" naamval="stan" ntype="soort" num="bare_meas" pos="noun" postag="N(soort,ev,basis,zijd,stan)" pt="n" rel="hd" rnum="sg" root="man" sense="man" word="man"/>
      </node>
      <node begin="3" end="4" frame="verb('hebben/zijn',modal_not_u,aux(inf))" his="normal" his_1="normal" id="6" infl="modal_not_u" lcat="smain" lemma="kunnen" pos="verb" postag="WW(pv,tgw,ev)" pt="ww" pvagr="ev" pvtijd="tgw" rel="hd" root="kan" sc="aux(inf)" sense="kan" stype="declarative" tense="present" v_per="thi" word="kan" wvorm="pv"/>
      <node begin="0" cat="inf" end="8" id="7" rel="vc">
        <node begin="0" end="3" id="8" index="1" rel="su"/>
        <node begin="0" cat="ppart" end="7" id="9" rel="vc">
          <node begin="0" end="3" id="10" index="1" rel="su"/>
          <node begin="4" cat="np" end="6" id="11" rel="obj1">
            <node begin="4" buiging="zonder" end="5" frame="determiner(geen,nwh,mod,pro,yparg,nwkpro,geen)" his="normal" his_1="normal" id="12" infl="geen" lcat="detp" lemma="geen" naamval="stan" npagr="agr" pdtype="det" pos="det" positie="prenom" postag="VNW(onbep,det,stan,prenom,zonder,agr)" pt="vnw" rel="det" root="geen" sense="geen" vwtype="onbep" wh="nwh" word="geen"/>
            <node begin="5" end="6" frame="noun(de,count,sg)" gen="de" genus="zijd" getal="ev" graad="basis" his="normal" his_1="normal" id="13" lcat="np" lemma="zelfmoord" naamval="stan" ntype="soort" num="sg" pos="noun" postag="N(soort,ev,basis,zijd,stan)" pt="n" rel="hd" rnum="sg" root="zelfmoord" sense="zelfmoord" word="zelfmoord"/>
          </node>
          <node begin="6" buiging="zonder" end="7" frame="verb(hebben,psp,transitive)" his="normal" his_1="normal" id="14" infl="psp" lcat="ppart" lemma="plegen" pos="verb" positie="vrij" postag="WW(vd,vrij,zonder)" pt="ww" rel="hd" root="pleeg" sc="transitive" sense="pleeg" word="gepleegd" wvorm="vd"/>
        </node>
        <node begin="7" buiging="zonder" end="8" frame="verb(hebben,inf,aux_psp_hebben)" his="normal" his_1="normal" id="15" infl="inf" lcat="inf" lemma="hebben" pos="verb" positie="vrij" postag="WW(inf,vrij,zonder)" pt="ww" rel="hd" root="heb" sc="aux_psp_hebben" sense="heb" word="hebben" wvorm="inf"/>
      </node>
    </node>
    <node begin="8" end="9" frame="punct(punt)" his="normal" his_1="normal" id="16" lcat="punct" lemma="." pos="punct" postag="LET()" pt="let" rel="--" root="." sense="." special="punt" word="."/>
  </node>
  <sentence sentid="614">Die goede man kan geen zelfmoord gepleegd hebben .</sentence>
  <comments>
    <comment>Q#614|Die goede man kan geen zelfmoord gepleegd hebben .|1|1|-10.943044348400004</comment>
  </comments>
</alpino_ds>
