<?xml version="1.0" encoding="UTF-8"?>
<alpino_ds version="1.15">
  <parser build="Alpino-x86_64-linux-glibc2.5-git1006-sicstus" date="2023-09-07T13:19" cats="1" skips="0" />
  <node begin="0" cat="top" end="7" id="0" rel="top">
    <node begin="0" cat="smain" end="6" id="1" rel="--">
      <node begin="0" cat="np" end="2" id="2" rel="su">
        <node begin="0" buiging="zonder" end="1" frame="determiner(de,nwh,nmod,pro,nparg)" his="normal" his_1="decap" his_1_1="normal" id="3" infl="de" lcat="detp" lemma="die" naamval="stan" npagr="rest" pdtype="det" pos="det" positie="prenom" postag="VNW(aanw,det,stan,prenom,zonder,rest)" pt="vnw" rel="det" root="die" sense="die" vwtype="aanw" wh="nwh" word="Die"/>
        <node begin="1" end="2" frame="noun(de,mass,sg)" gen="de" genus="zijd" getal="ev" graad="basis" his="normal" his_1="normal" id="4" lcat="np" lemma="ketchup" naamval="stan" ntype="soort" num="sg" pos="noun" postag="N(soort,ev,basis,zijd,stan)" pt="n" rel="hd" rnum="sg" root="ketchup" sense="ketchup" word="ketchup"/>
      </node>
      <node begin="2" end="3" frame="verb(unacc,sg_is,copula)" his="normal" his_1="normal" id="5" infl="sg_is" lcat="smain" lemma="zijn" pos="verb" postag="WW(pv,tgw,ev)" pt="ww" pvagr="ev" pvtijd="tgw" rel="hd" root="ben" sc="copula" sense="ben" stype="declarative" tense="present" v_per="thi" word="is" wvorm="pv"/>
      <node begin="3" cat="np" end="6" id="6" rel="predc">
        <node begin="3" comparative="dan" end="4" frame="comp_noun(het,mass,sg,dan)" gen="het" getal="ev" his="normal" his_1="normal" id="7" lcat="np" lemma="niets" naamval="stan" num="sg" pdtype="pron" persoon="3o" pos="noun" postag="VNW(onbep,pron,stan,vol,3o,ev)" pt="vnw" rel="hd" rnum="sg" root="niets" sense="niets" special="comp" status="vol" vwtype="onbep" word="niets"/>
        <node begin="4" cat="cp" end="6" id="8" rel="obcomp">
          <node begin="4" conjtype="onder" end="5" frame="comparative(dan)" his="normal" his_1="normal" id="9" lcat="comparative" lemma="dan" pos="comparative" postag="VG(onder)" pt="vg" rel="cmp" root="dan" sense="dan" word="dan"/>
          <node begin="5" end="6" frame="noun(de,count,pl)" gen="de" getal="mv" graad="basis" his="normal" his_1="normal" id="10" lcat="np" lemma="chemicaliën" ntype="soort" num="pl" pos="noun" postag="N(soort,mv,basis)" pt="n" rel="body" rnum="pl" root="chemicaliën" sense="chemicaliën" word="chemicaliën"/>
        </node>
      </node>
    </node>
    <node begin="6" end="7" frame="punct(uitroep)" his="normal" his_1="normal" id="11" lcat="punct" lemma="!" pos="punct" postag="LET()" pt="let" rel="--" root="!" sense="!" special="uitroep" word="!"/>
  </node>
  <sentence sentid="624">Die ketchup is niets dan chemicaliën !</sentence>
  <comments>
    <comment>Q#624|Die ketchup is niets dan chemicaliën !|1|1|-2.790852056400001</comment>
  </comments>
</alpino_ds>
