<?xml version="1.0" encoding="UTF-8"?>
<alpino_ds version="1.15">
  <parser build="Alpino-x86_64-linux-glibc2.5-git1006-sicstus" date="2023-09-07T13:17" cats="1" skips="0" />
  <node begin="0" cat="top" end="5" id="0" rel="top">
    <node begin="0" cat="smain" end="4" id="1" rel="--">
      <node begin="0" cat="np" end="2" id="2" rel="su">
        <node begin="0" buiging="met-e" end="1" frame="determiner(alle,nwh,mod,pro,nparg)" his="normal" his_1="decap" his_1_1="normal" id="3" infl="alle" lcat="detp" lemma="al" naamval="stan" npagr="agr" pdtype="det" pos="det" positie="prenom" postag="VNW(onbep,det,stan,prenom,met-e,agr)" pt="vnw" rel="det" root="al" sense="al" vwtype="onbep" wh="nwh" word="Alle"/>
        <node begin="1" end="2" frame="noun(de,count,pl)" gen="de" getal="mv" graad="basis" his="normal" his_1="normal" id="4" lcat="np" lemma="student" ntype="soort" num="pl" pos="noun" postag="N(soort,mv,basis)" pt="n" rel="hd" rnum="pl" root="student" sense="student" word="studenten"/>
      </node>
      <node begin="2" end="3" frame="verb(hebben,pl,transitive)" his="normal" his_1="normal" id="5" infl="pl" lcat="smain" lemma="studeren" pos="verb" postag="WW(pv,tgw,mv)" pt="ww" pvagr="mv" pvtijd="tgw" rel="hd" root="studeer" sc="transitive" sense="studeer" stype="declarative" tense="present" v_per="thi" word="studeren" wvorm="pv"/>
      <node begin="3" end="4" frame="proper_name(sg,'PER')" genus="zijd" getal="ev" graad="basis" his="name" his_1="not_begin" id="6" lcat="np" lemma="Telugu" naamval="stan" neclass="PER" ntype="eigen" num="sg" pos="name" postag="N(eigen,ev,basis,zijd,stan)" pt="n" rel="obj1" rnum="sg" root="Telugu" sense="Telugu" word="Telugu"/>
    </node>
    <node begin="4" end="5" frame="punct(punt)" his="normal" his_1="normal" id="7" lcat="punct" lemma="." pos="punct" postag="LET()" pt="let" rel="--" root="." sense="." special="punt" word="."/>
  </node>
  <sentence sentid="63">Alle studenten studeren Telugu .</sentence>
  <comments>
    <comment>Q#63|Alle studenten studeren Telugu .|1|1|0.5009757310000003</comment>
  </comments>
</alpino_ds>
