<?xml version="1.0" encoding="UTF-8"?>
<alpino_ds version="1.15">
  <parser build="Alpino-x86_64-linux-glibc2.5-git1006-sicstus" date="2023-09-07T13:19" cats="1" skips="0" />
  <node begin="0" cat="top" end="11" id="0" rel="top">
    <node begin="0" cat="smain" end="10" id="1" rel="--">
      <node begin="0" cat="conj" end="3" id="2" index="1" rel="su">
        <node begin="0" end="1" frame="noun(het,count,pl)" gen="het" getal="mv" graad="basis" his="normal" his_1="decap" his_1_1="normal" id="3" lcat="np" lemma="dier" ntype="soort" num="pl" pos="noun" postag="N(soort,mv,basis)" pt="n" rel="cnj" rnum="pl" root="dier" sense="dier" word="Dieren"/>
        <node begin="1" conjtype="neven" end="2" frame="conj(en)" his="normal" his_1="normal" id="4" lcat="vg" lemma="en" pos="vg" postag="VG(neven)" pt="vg" rel="crd" root="en" sense="en" word="en"/>
        <node begin="2" end="3" frame="noun(de,count,pl)" gen="de" getal="mv" graad="basis" his="normal" his_1="normal" id="5" lcat="np" lemma="plant" ntype="soort" num="pl" pos="noun" postag="N(soort,mv,basis)" pt="n" rel="cnj" rnum="pl" root="plant" sense="plant" word="planten"/>
      </node>
      <node begin="3" end="4" frame="verb('hebben/zijn',pl,aux(inf))" his="normal" his_1="normal" id="6" infl="pl" lcat="smain" lemma="kunnen" pos="verb" postag="WW(pv,tgw,mv)" pt="ww" pvagr="mv" pvtijd="tgw" rel="hd" root="kan" sc="aux(inf)" sense="kan" stype="declarative" tense="present" v_per="thi" word="kunnen" wvorm="pv"/>
      <node begin="0" cat="inf" end="10" id="7" rel="vc">
        <node begin="0" end="3" id="8" index="1" rel="su"/>
        <node begin="4" end="5" frame="adverb" his="normal" his_1="normal" id="9" lcat="advp" lemma="niet" pos="adv" postag="BW()" pt="bw" rel="mod" root="niet" sense="niet" word="niet"/>
        <node begin="5" buiging="zonder" end="6" frame="verb(hebben,inf(no_e),intransitive)" his="normal" his_1="normal" id="10" infl="inf(no_e)" lcat="inf" lemma="bestaan" pos="verb" positie="vrij" postag="WW(inf,vrij,zonder)" pt="ww" rel="hd" root="besta" sc="intransitive" sense="besta" word="bestaan" wvorm="inf"/>
        <node begin="6" cat="pp" end="10" id="11" rel="mod">
          <node begin="6" end="7" frame="preposition(zonder,[])" his="normal" his_1="normal" id="12" lcat="pp" lemma="zonder" pos="prep" postag="VZ(init)" pt="vz" rel="hd" root="zonder" sense="zonder" vztype="init" word="zonder"/>
          <node begin="7" cat="conj" end="10" id="13" rel="obj1">
            <node begin="7" end="8" frame="noun(de,count,sg)" gen="de" genus="zijd" getal="ev" graad="basis" his="normal" his_1="normal" id="14" lcat="np" lemma="lucht" naamval="stan" ntype="soort" num="sg" pos="noun" postag="N(soort,ev,basis,zijd,stan)" pt="n" rel="cnj" rnum="sg" root="lucht" sense="lucht" word="lucht"/>
            <node begin="8" conjtype="neven" end="9" frame="conj(en)" his="normal" his_1="normal" id="15" lcat="vg" lemma="en" pos="vg" postag="VG(neven)" pt="vg" rel="crd" root="en" sense="en" word="en"/>
            <node begin="9" end="10" frame="noun(het,both,sg)" gen="het" genus="onz" getal="ev" graad="basis" his="normal" his_1="normal" id="16" lcat="np" lemma="water" naamval="stan" ntype="soort" num="sg" pos="noun" postag="N(soort,ev,basis,onz,stan)" pt="n" rel="cnj" rnum="sg" root="water" sense="water" word="water"/>
          </node>
        </node>
      </node>
    </node>
    <node begin="10" end="11" frame="punct(punt)" his="normal" his_1="normal" id="17" lcat="punct" lemma="." pos="punct" postag="LET()" pt="let" rel="--" root="." sense="." special="punt" word="."/>
  </node>
  <sentence sentid="638">Dieren en planten kunnen niet bestaan zonder lucht en water .</sentence>
  <comments>
    <comment>Q#638|Dieren en planten kunnen niet bestaan zonder lucht en water .|1|1|-2.882916466799999</comment>
  </comments>
</alpino_ds>
