<?xml version="1.0" encoding="UTF-8"?>
<alpino_ds version="1.15">
  <parser build="Alpino-x86_64-linux-glibc2.5-git1006-sicstus" date="2023-09-07T13:19" cats="1" skips="0" />
  <node begin="0" cat="top" end="6" id="0" rel="top">
    <node begin="0" cat="smain" end="5" id="1" rel="--">
      <node begin="0" cat="np" end="2" id="2" rel="su">
        <node begin="0" buiging="zonder" end="1" frame="determiner(het,nwh,nmod,pro,nparg)" his="normal" his_1="decap" his_1_1="normal" id="3" infl="het" lcat="detp" lemma="dit" naamval="stan" npagr="evon" pdtype="det" pos="det" positie="prenom" postag="VNW(aanw,det,stan,prenom,zonder,evon)" pt="vnw" rel="det" root="dit" sense="dit" vwtype="aanw" wh="nwh" word="Dit"/>
        <node begin="1" end="2" frame="noun(het,count,sg)" gen="het" genus="onz" getal="ev" graad="basis" his="normal" his_1="normal" id="4" lcat="np" lemma="bericht" naamval="stan" ntype="soort" num="sg" pos="noun" postag="N(soort,ev,basis,onz,stan)" pt="n" rel="hd" rnum="sg" root="bericht" sense="bericht" word="bericht"/>
      </node>
      <node begin="2" end="3" frame="verb(hebben,sg3,pc_pp(op))" his="normal" his_1="normal" id="5" infl="sg3" lcat="smain" lemma="slaan" pos="verb" postag="WW(pv,tgw,met-t)" pt="ww" pvagr="met-t" pvtijd="tgw" rel="hd" root="sla" sc="pc_pp(op)" sense="sla-op" stype="declarative" tense="present" v_per="thi" word="slaat" wvorm="pv"/>
      <node begin="3" cat="pp" end="5" id="6" rel="pc">
        <node begin="3" end="4" frame="er_loc_adverb" getal="getal" his="normal" his_1="normal" id="7" lcat="advp" lemma="nergens" naamval="obl" pdtype="adv-pron" persoon="3o" pos="adv" postag="VNW(onbep,adv-pron,obl,vol,3o,getal)" pt="vnw" rel="obj1" root="nergens" sense="nergens" special="er_loc" status="vol" vwtype="onbep" word="nergens"/>
        <node begin="4" end="5" frame="preposition(op,[af,na])" his="normal" his_1="normal" id="8" lcat="pp" lemma="op" pos="prep" postag="VZ(fin)" pt="vz" rel="hd" root="op" sense="op" vztype="fin" word="op"/>
      </node>
    </node>
    <node begin="5" end="6" frame="punct(punt)" his="normal" his_1="normal" id="9" lcat="punct" lemma="." pos="punct" postag="LET()" pt="let" rel="--" root="." sense="." special="punt" word="."/>
  </node>
  <sentence sentid="641">Dit bericht slaat nergens op .</sentence>
  <comments>
    <comment>Q#641|Dit bericht slaat nergens op .|1|1|-5.954101377500001</comment>
  </comments>
</alpino_ds>
