<?xml version="1.0" encoding="UTF-8"?>
<alpino_ds version="1.15">
  <parser build="Alpino-x86_64-linux-glibc2.5-git1006-sicstus" date="2023-09-07T13:19" cats="1" skips="0" />
  <node begin="0" cat="top" end="9" id="0" rel="top">
    <node begin="0" cat="smain" end="8" id="1" rel="--">
      <node begin="0" end="1" frame="determiner(het,nwh,nmod,pro,nparg)" getal="ev" his="normal" his_1="decap" his_1_1="normal" id="2" infl="het" lcat="np" lemma="dit" naamval="stan" pdtype="pron" persoon="3o" pos="det" postag="VNW(aanw,pron,stan,vol,3o,ev)" pt="vnw" rel="su" rnum="sg" root="dit" sense="dit" status="vol" vwtype="aanw" wh="nwh" word="Dit"/>
      <node begin="1" end="2" frame="verb(unacc,sg_is,copula)" his="normal" his_1="normal" id="3" infl="sg_is" lcat="smain" lemma="zijn" pos="verb" postag="WW(pv,tgw,ev)" pt="ww" pvagr="ev" pvtijd="tgw" rel="hd" root="ben" sc="copula" sense="ben" stype="declarative" tense="present" v_per="thi" word="is" wvorm="pv"/>
      <node aform="base" begin="2" end="3" frame="adjective(pred(both))" his="normal" his_1="normal" id="4" infl="pred" lcat="ap" lemma="alleen" pos="adj" postag="BW()" pt="bw" rel="mod" root="alleen" sense="alleen" vform="adj" word="alleen"/>
      <node begin="3" cat="np" end="8" id="5" rel="predc">
        <node begin="3" end="4" frame="determiner(een)" his="normal" his_1="normal" id="6" infl="een" lcat="detp" lemma="een" lwtype="onbep" naamval="stan" npagr="agr" pos="det" postag="LID(onbep,stan,agr)" pt="lid" rel="det" root="een" sense="een" word="een"/>
        <node begin="4" cat="conj" end="7" id="7" rel="mod">
          <node aform="base" begin="4" buiging="met-e" end="5" frame="adjective(e)" graad="basis" his="normal" his_1="normal" id="8" infl="e" lcat="ap" lemma="tijdelijk" naamval="stan" pos="adj" positie="prenom" postag="ADJ(prenom,basis,met-e,stan)" pt="adj" rel="cnj" root="tijdelijk" sense="tijdelijk" vform="adj" word="tijdelijke"/>
          <node begin="5" conjtype="neven" end="6" frame="conj(en)" his="normal" his_1="normal" id="9" lcat="vg" lemma="en" pos="vg" postag="VG(neven)" pt="vg" rel="crd" root="en" sense="en" word="en"/>
          <node aform="base" begin="6" buiging="met-e" end="7" frame="adjective(e)" graad="basis" his="normal" his_1="normal" id="10" infl="e" lcat="ap" lemma="klein" naamval="stan" pos="adj" positie="prenom" postag="ADJ(prenom,basis,met-e,stan)" pt="adj" rel="cnj" root="klein" sense="klein" vform="adj" word="kleine"/>
        </node>
        <node begin="7" end="8" frame="noun(de,count,sg)" gen="de" genus="zijd" getal="ev" graad="basis" his="normal" his_1="normal" id="11" lcat="np" lemma="tegenslag" naamval="stan" ntype="soort" num="sg" pos="noun" postag="N(soort,ev,basis,zijd,stan)" pt="n" rel="hd" rnum="sg" root="tegenslag" sense="tegenslag" word="tegenslag"/>
      </node>
    </node>
    <node begin="8" end="9" frame="punct(punt)" his="normal" his_1="normal" id="12" lcat="punct" lemma="." pos="punct" postag="LET()" pt="let" rel="--" root="." sense="." special="punt" word="."/>
  </node>
  <sentence sentid="642">Dit is alleen een tijdelijke en kleine tegenslag .</sentence>
  <comments>
    <comment>Q#642|Dit is alleen een tijdelijke en kleine tegenslag .|1|1|-8.4353888497</comment>
  </comments>
</alpino_ds>
