<?xml version="1.0" encoding="UTF-8"?>
<alpino_ds version="1.15">
  <parser build="Alpino-x86_64-linux-glibc2.5-git1006-sicstus" date="2023-09-07T13:19" cats="2" skips="0" />
  <node begin="0" cat="top" end="6" id="0" rel="top">
    <node begin="0" cat="du" end="5" id="1" rel="--">
      <node begin="0" cat="smain" end="2" id="2" rel="dp">
        <node begin="0" end="1" frame="determiner(het,nwh,nmod,pro,nparg)" getal="ev" his="normal" his_1="decap" his_1_1="normal" id="3" infl="het" lcat="np" lemma="dit" naamval="stan" pdtype="pron" persoon="3o" pos="det" postag="VNW(aanw,pron,stan,vol,3o,ev)" pt="vnw" rel="su" rnum="sg" root="dit" sense="dit" status="vol" vwtype="aanw" wh="nwh" word="Dit"/>
        <node begin="1" end="2" frame="verb(unacc,sg_is,intransitive)" his="normal" his_1="normal" id="4" infl="sg_is" lcat="smain" lemma="zijn" pos="verb" postag="WW(pv,tgw,ev)" pt="ww" pvagr="ev" pvtijd="tgw" rel="hd" root="ben" sc="intransitive" sense="ben" stype="declarative" tense="present" v_per="thi" word="is" wvorm="pv"/>
      </node>
      <node begin="2" cat="inf" end="5" id="5" rel="dp">
        <node begin="2" cat="np" end="4" id="6" rel="obj1">
          <node begin="2" buiging="zonder" end="3" frame="determiner(geen,nwh,mod,pro,yparg,nwkpro,geen)" his="normal" his_1="normal" id="7" infl="geen" lcat="detp" lemma="geen" naamval="stan" npagr="agr" pdtype="det" pos="det" positie="prenom" postag="VNW(onbep,det,stan,prenom,zonder,agr)" pt="vnw" rel="det" root="geen" sense="geen" vwtype="onbep" wh="nwh" word="geen"/>
          <node begin="3" end="4" frame="noun(het,both,sg)" gen="het" genus="onz" getal="ev" graad="basis" his="normal" his_1="normal" id="8" lcat="np" lemma="water" naamval="stan" ntype="soort" num="sg" pos="noun" postag="N(soort,ev,basis,onz,stan)" pt="n" rel="hd" rnum="sg" root="water" sense="water" word="water"/>
        </node>
        <node begin="4" buiging="zonder" end="5" frame="verb(hebben,inf,transitive)" his="normal" his_1="normal" id="9" infl="inf" lcat="inf" lemma="drinken" pos="verb" positie="vrij" postag="WW(inf,vrij,zonder)" pt="ww" rel="hd" root="drink" sc="transitive" sense="drink" word="drinken" wvorm="inf"/>
      </node>
    </node>
    <node begin="5" end="6" frame="punct(punt)" his="robust_skip" id="10" lcat="--" lemma="." pos="punct" postag="LET()" pt="let" rel="--" root="." sense="." special="punt" word="."/>
  </node>
  <sentence sentid="653">Dit is geen water drinken .</sentence>
  <comments>
    <comment>Q#653|Dit is geen water drinken .|1|2|-0.6286351372000007</comment>
  </comments>
</alpino_ds>
