<?xml version="1.0" encoding="UTF-8"?>
<alpino_ds version="1.15">
  <parser build="Alpino-x86_64-linux-glibc2.5-git1006-sicstus" date="2023-09-07T13:19" cats="1" skips="0" />
  <node begin="0" cat="top" end="12" id="0" rel="top">
    <node begin="0" cat="smain" end="11" id="1" rel="--">
      <node begin="2" end="3" frame="verb(hebben,sg1,aux_psp_hebben)" his="normal" his_1="normal" id="2" infl="sg1" lcat="smain" lemma="hebben" pos="verb" postag="WW(pv,tgw,ev)" pt="ww" pvagr="ev" pvtijd="tgw" rel="hd" root="heb" sc="aux_psp_hebben" sense="heb" stype="declarative" tense="present" v_per="fir" word="heb" wvorm="pv"/>
      <node begin="3" case="nom" def="def" end="4" frame="pronoun(nwh,fir,sg,de,nom,def)" gen="de" getal="ev" his="normal" his_1="normal" id="3" index="1" lcat="np" lemma="ik" naamval="nomin" num="sg" pdtype="pron" per="fir" persoon="1" pos="pron" postag="VNW(pers,pron,nomin,vol,1,ev)" pt="vnw" rel="su" rnum="sg" root="ik" sense="ik" status="vol" vwtype="pers" wh="nwh" word="ik"/>
      <node begin="0" cat="inf" end="11" id="4" rel="vc">
        <node begin="3" end="4" id="5" index="1" rel="su"/>
        <node begin="4" cat="np" end="6" id="6" index="2" rel="obj1">
          <node begin="4" end="5" frame="number(hoofd(pl_num))" his="normal" his_1="number_expression" id="7" infl="pl_num" lcat="detp" lemma="twee" naamval="stan" numtype="hoofd" pos="num" positie="prenom" postag="TW(hoofd,prenom,stan)" pt="tw" rel="det" root="twee" sense="twee" word="twee"/>
          <node begin="5" end="6" frame="noun(de,count,pl)" gen="de" getal="mv" graad="basis" his="normal" his_1="normal" id="8" lcat="np" lemma="student" ntype="soort" num="pl" pos="noun" postag="N(soort,mv,basis)" pt="n" rel="hd" rnum="pl" root="student" sense="student" word="studenten"/>
        </node>
        <node begin="6" buiging="zonder" end="7" frame="verb(hebben,inf,aci)" his="normal" his_1="normal" id="9" infl="inf" lcat="inf" lemma="laten" pos="verb" positie="vrij" postag="WW(inf,vrij,zonder)" pt="ww" rel="hd" root="laat" sc="aci" sense="laat" word="laten" wvorm="inf"/>
        <node begin="0" cat="inf" end="11" id="10" rel="vc">
          <node begin="0" cat="np" end="2" id="11" rel="mod">
            <node begin="0" buiging="zonder" end="1" frame="determiner(het,nwh,nmod,pro,nparg)" his="normal" his_1="decap" his_1_1="normal" id="12" infl="het" lcat="detp" lemma="dit" naamval="stan" npagr="evon" pdtype="det" pos="det" positie="prenom" postag="VNW(aanw,det,stan,prenom,zonder,evon)" pt="vnw" rel="det" root="dit" sense="dit" vwtype="aanw" wh="nwh" word="Dit"/>
            <node begin="1" end="2" frame="tmp_noun(het,count,sg)" gen="het" genus="onz" getal="ev" graad="basis" his="normal" his_1="normal" id="13" lcat="np" lemma="semester" naamval="stan" ntype="soort" num="sg" pos="noun" postag="N(soort,ev,basis,onz,stan)" pt="n" rel="hd" rnum="sg" root="semester" sense="semester" special="tmp" word="semester"/>
          </node>
          <node begin="4" end="6" id="14" index="2" rel="su"/>
          <node begin="7" buiging="zonder" end="8" frame="verb(zijn,inf,pc_pp(voor))" his="normal" his_1="normal" id="15" infl="inf" lcat="inf" lemma="zakken" pos="verb" positie="vrij" postag="WW(inf,vrij,zonder)" pt="ww" rel="hd" root="zak" sc="pc_pp(voor)" sense="zak-voor" word="zakken" wvorm="inf"/>
          <node begin="8" cat="pp" end="11" id="16" rel="pc">
            <node begin="8" end="9" frame="preposition(voor,[aan,door,uit,[in,de,plaats]])" his="normal" his_1="normal" id="17" lcat="pp" lemma="voor" pos="prep" postag="VZ(init)" pt="vz" rel="hd" root="voor" sense="voor" vztype="init" word="voor"/>
            <node begin="9" cat="np" end="11" id="18" rel="obj1">
              <node aform="base" begin="9" buiging="met-e" end="10" frame="adjective(e)" graad="basis" his="normal" his_1="normal" id="19" infl="e" lcat="ap" lemma="slecht" naamval="stan" pos="adj" positie="prenom" postag="ADJ(prenom,basis,met-e,stan)" pt="adj" rel="mod" root="slecht" sense="slecht" vform="adj" word="slechte"/>
              <node begin="10" end="11" frame="noun(de,count,sg)" gen="de" genus="zijd" getal="ev" graad="basis" his="normal" his_1="normal" id="20" lcat="np" lemma="prestatie" naamval="stan" ntype="soort" num="sg" pos="noun" postag="N(soort,ev,basis,zijd,stan)" pt="n" rel="hd" rnum="sg" root="prestatie" sense="prestatie" word="prestatie"/>
            </node>
          </node>
        </node>
      </node>
    </node>
    <node begin="11" end="12" frame="punct(punt)" his="normal" his_1="normal" id="21" lcat="punct" lemma="." pos="punct" postag="LET()" pt="let" rel="--" root="." sense="." special="punt" word="."/>
  </node>
  <sentence sentid="673">Dit semester heb ik twee studenten laten zakken voor slechte prestatie .</sentence>
  <comments>
    <comment>Q#673|Dit semester heb ik twee studenten laten zakken voor slechte prestatie .|1|1|-7.0500962254</comment>
  </comments>
</alpino_ds>
