<?xml version="1.0" encoding="UTF-8"?>
<alpino_ds version="1.15">
  <parser build="Alpino-x86_64-linux-glibc2.5-git1006-sicstus" date="2023-09-07T13:19" cats="1" skips="0" />
  <node begin="0" cat="top" end="8" id="0" rel="top">
    <node begin="0" cat="smain" end="7" id="1" rel="--">
      <node begin="0" cat="np" end="2" id="2" rel="su">
        <node begin="0" buiging="zonder" end="1" frame="determiner(het,nwh,nmod,pro,nparg)" his="normal" his_1="decap" his_1_1="normal" id="3" infl="het" lcat="detp" lemma="dit" naamval="stan" npagr="evon" pdtype="det" pos="det" positie="prenom" postag="VNW(aanw,det,stan,prenom,zonder,evon)" pt="vnw" rel="det" root="dit" sense="dit" vwtype="aanw" wh="nwh" word="Dit"/>
        <node begin="1" end="2" frame="noun(het,count,sg)" gen="het" genus="onz" getal="ev" graad="basis" his="normal" his_1="normal" id="4" lcat="np" lemma="verhaal" naamval="stan" ntype="soort" num="sg" pos="noun" postag="N(soort,ev,basis,onz,stan)" pt="n" rel="hd" rnum="sg" root="verhaal" sense="verhaal" word="verhaal"/>
      </node>
      <node begin="2" end="3" frame="verb(hebben,sg_heeft,transitive_ndev)" his="normal" his_1="normal" id="5" infl="sg_heeft" lcat="smain" lemma="hebben" pos="verb" postag="WW(pv,tgw,met-t)" pt="ww" pvagr="met-t" pvtijd="tgw" rel="hd" root="heb" sc="transitive_ndev" sense="heb" stype="declarative" tense="present" v_per="thi" word="heeft" wvorm="pv"/>
      <node begin="3" cat="np" end="7" id="6" rel="obj1">
        <node begin="3" buiging="zonder" end="4" frame="determiner(geen,nwh,mod,pro,yparg,nwkpro,geen)" his="normal" his_1="normal" id="7" infl="geen" lcat="detp" lemma="geen" naamval="stan" npagr="agr" pdtype="det" pos="det" positie="prenom" postag="VNW(onbep,det,stan,prenom,zonder,agr)" pt="vnw" rel="det" root="geen" sense="geen" vwtype="onbep" wh="nwh" word="geen"/>
        <node aform="base" begin="4" buiging="zonder" end="5" frame="adjective(no_e(padv))" graad="basis" his="normal" his_1="normal" id="8" infl="no_e" lcat="ap" lemma="blij" pos="adj" positie="prenom" postag="ADJ(prenom,basis,zonder)" pt="adj" rel="mod" root="blij" sense="blij" vform="adj" word="blij"/>
        <node aform="base" begin="5" buiging="zonder" end="6" frame="adjective(end(both))" his="normal" his_1="V-d" his_1_1="normal" id="9" infl="no_e" lcat="ppres" lemma="concluderen" pos="adj" positie="prenom" postag="WW(od,prenom,zonder)" pt="ww" rel="mod" root="concludeer" sense="concludeer" vform="gerund" word="concluderend" wvorm="od"/>
        <node begin="6" end="7" frame="tmp_noun(het,count,sg)" gen="het" genus="onz" getal="ev" graad="basis" his="normal" his_1="normal" id="10" lcat="np" lemma="einde" naamval="stan" ntype="soort" num="sg" pos="noun" postag="N(soort,ev,basis,onz,stan)" pt="n" rel="hd" rnum="sg" root="einde" sense="einde" special="tmp" word="einde"/>
      </node>
    </node>
    <node begin="7" end="8" frame="punct(punt)" his="normal" his_1="normal" id="11" lcat="punct" lemma="." pos="punct" postag="LET()" pt="let" rel="--" root="." sense="." special="punt" word="."/>
  </node>
  <sentence sentid="675">Dit verhaal heeft geen blij concluderend einde .</sentence>
  <comments>
    <comment>Q#675|Dit verhaal heeft geen blij concluderend einde .|1|1|-0.9892941196000002</comment>
  </comments>
</alpino_ds>
