<?xml version="1.0" encoding="UTF-8"?>
<alpino_ds version="1.15">
  <parser build="Alpino-x86_64-linux-glibc2.5-git1006-sicstus" date="2023-09-07T13:19" cats="1" skips="0" />
  <node begin="0" cat="top" end="9" id="0" rel="top">
    <node begin="0" cat="smain" end="8" id="1" rel="--">
      <node begin="0" end="1" frame="noun(de,count,pl)" gen="de" getal="mv" graad="basis" his="normal" his_1="decap" his_1_1="normal" id="2" index="1" lcat="np" lemma="dokter" ntype="soort" num="pl" pos="noun" postag="N(soort,mv,basis)" pt="n" rel="su" rnum="pl" root="dokter" sense="dokter" word="Dokters"/>
      <node begin="1" end="2" frame="verb(hebben,past(pl),vp)" his="normal" his_1="normal" id="3" infl="pl" lcat="smain" lemma="weigeren" pos="verb" postag="WW(pv,verl,mv)" pt="ww" pvagr="mv" pvtijd="verl" rel="hd" root="weiger" sc="vp" sense="weiger" stype="declarative" tense="past" v_per="thi" word="weigerden" wvorm="pv"/>
      <node begin="0" cat="ti" end="8" id="4" rel="vc">
        <node begin="6" end="7" frame="complementizer(te)" his="normal" his_1="normal" id="5" lcat="ti" lemma="te" pos="comp" postag="VZ(init)" pt="vz" rel="cmp" root="te" sc="te" sense="te" vztype="init" word="te"/>
        <node begin="0" cat="inf" end="8" id="6" rel="body">
          <node begin="0" end="1" id="7" index="1" rel="su"/>
          <node begin="2" cat="np" end="5" id="8" rel="obj1">
            <node begin="2" end="3" frame="determiner(een)" his="normal" his_1="normal" id="9" infl="een" lcat="detp" lemma="een" lwtype="onbep" naamval="stan" npagr="agr" pos="det" postag="LID(onbep,stan,agr)" pt="lid" rel="det" root="een" sense="een" word="een"/>
            <node begin="3" end="4" frame="number(rang)" his="normal" his_1="number_rang" id="10" lcat="ap" lemma="twee" naamval="stan" numtype="rang" pos="num" positie="prenom" postag="TW(rang,prenom,stan)" pt="tw" rel="mod" root="twee" sense="twee" word="tweede"/>
            <node begin="4" end="5" frame="noun(de,count,sg)" gen="de" genus="zijd" getal="ev" graad="basis" his="normal" his_1="normal" id="11" lcat="np" lemma="operatie" naamval="stan" ntype="soort" num="sg" pos="noun" postag="N(soort,ev,basis,zijd,stan)" pt="n" rel="hd" rnum="sg" root="operatie" sense="operatie" word="operatie"/>
          </node>
          <node begin="5" end="6" frame="particle(uit)" his="normal" his_1="normal" id="12" lcat="part" lemma="uit" pos="part" postag="VZ(fin)" pt="vz" rel="svp" root="uit" sense="uit" vztype="fin" word="uit"/>
          <node begin="7" buiging="zonder" end="8" frame="verb(hebben,inf,part_transitive(uit))" his="normal" his_1="normal" id="13" infl="inf" lcat="inf" lemma="uit_voeren" pos="verb" positie="vrij" postag="WW(inf,vrij,zonder)" pt="ww" rel="hd" root="voer_uit" sc="part_transitive(uit)" sense="voer_uit" word="voeren" wvorm="inf"/>
        </node>
      </node>
    </node>
    <node begin="8" end="9" frame="punct(punt)" his="normal" his_1="normal" id="14" lcat="punct" lemma="." pos="punct" postag="LET()" pt="let" rel="--" root="." sense="." special="punt" word="."/>
  </node>
  <sentence sentid="683">Dokters weigerden een tweede operatie uit te voeren .</sentence>
  <comments>
    <comment>Q#683|Dokters weigerden een tweede operatie uit te voeren .|1|1|-6.870874935400001</comment>
  </comments>
</alpino_ds>
