<?xml version="1.0" encoding="UTF-8"?>
<alpino_ds version="1.15">
  <parser build="Alpino-x86_64-linux-glibc2.5-git1006-sicstus" date="2023-09-07T13:19" cats="1" skips="0" />
  <node begin="0" cat="top" end="10" id="0" rel="top">
    <node begin="0" cat="smain" end="9" id="1" rel="--">
      <node begin="0" end="1" frame="proper_name(sg,'LOC')" genus="onz" getal="ev" graad="basis" his="normal" his_1="names_dictionary" id="2" index="1" lcat="np" lemma="Duitsland" naamval="stan" neclass="LOC" ntype="eigen" num="sg" pos="name" postag="N(eigen,ev,basis,onz,stan)" pt="n" rel="su" rnum="sg" root="Duitsland" sense="Duitsland" word="Duitsland"/>
      <node begin="1" end="2" frame="verb(hebben,past(sg),vp)" his="normal" his_1="normal" id="3" infl="sg" lcat="smain" lemma="besluiten" pos="verb" postag="WW(pv,verl,ev)" pt="ww" pvagr="ev" pvtijd="verl" rel="hd" root="besluit" sc="vp" sense="besluit" stype="declarative" tense="past" v_per="thi" word="besloot" wvorm="pv"/>
      <node begin="0" cat="oti" end="9" id="4" rel="vc">
        <node begin="2" end="3" frame="complementizer(om)" his="normal" his_1="normal" id="5" lcat="oti" lemma="om" pos="comp" postag="VZ(init)" pt="vz" rel="cmp" root="om" sc="om" sense="om" vztype="init" word="om"/>
        <node begin="0" cat="ti" end="9" id="6" rel="body">
          <node begin="7" end="8" frame="complementizer(te)" his="normal" his_1="normal" id="7" lcat="ti" lemma="te" pos="comp" postag="VZ(init)" pt="vz" rel="cmp" root="te" sc="te" sense="te" vztype="init" word="te"/>
          <node begin="0" cat="inf" end="9" id="8" rel="body">
            <node begin="0" end="1" id="9" index="1" rel="su"/>
            <node begin="3" end="4" frame="adverb" his="normal" his_1="normal" id="10" lcat="advp" lemma="niet" pos="adv" postag="BW()" pt="bw" rel="mod" root="niet" sense="niet" word="niet"/>
            <node begin="4" cat="np" end="7" id="11" rel="obj1">
              <node aform="compar" begin="4" buiging="zonder" end="5" frame="adjective(meer)" graad="comp" his="normal" his_1="normal" id="12" infl="meer" lcat="detp" lemma="veel" naamval="stan" npagr="agr" pdtype="grad" pos="adj" positie="prenom" postag="VNW(onbep,grad,stan,prenom,zonder,agr,comp)" pt="vnw" rel="det" root="meer" sense="meer" vform="adj" vwtype="onbep" word="meer"/>
              <node aform="base" begin="5" buiging="met-e" end="6" frame="adjective(e)" graad="basis" his="normal" his_1="normal" id="13" infl="e" lcat="ap" lemma="nucleair" naamval="stan" pos="adj" positie="prenom" postag="ADJ(prenom,basis,met-e,stan)" pt="adj" rel="mod" root="nucleair" sense="nucleair" vform="adj" word="nucleaire"/>
              <node begin="6" end="7" frame="noun(de,count,sg)" gen="de" genus="zijd" getal="ev" graad="basis" his="normal" his_1="normal" id="14" lcat="np" lemma="energie" naamval="stan" ntype="soort" num="sg" pos="noun" postag="N(soort,ev,basis,zijd,stan)" pt="n" rel="hd" rnum="sg" root="energie" sense="energie" word="energie"/>
            </node>
            <node begin="8" buiging="zonder" end="9" frame="verb(hebben,inf,transitive)" his="normal" his_1="normal" id="15" infl="inf" lcat="inf" lemma="gebruiken" pos="verb" positie="vrij" postag="WW(inf,vrij,zonder)" pt="ww" rel="hd" root="gebruik" sc="transitive" sense="gebruik" word="gebruiken" wvorm="inf"/>
          </node>
        </node>
      </node>
    </node>
    <node begin="9" end="10" frame="punct(punt)" his="normal" his_1="normal" id="16" lcat="punct" lemma="." pos="punct" postag="LET()" pt="let" rel="--" root="." sense="." special="punt" word="."/>
  </node>
  <sentence sentid="688">Duitsland besloot om niet meer nucleaire energie te gebruiken .</sentence>
  <comments>
    <comment>Q#688|Duitsland besloot om niet meer nucleaire energie te gebruiken .|1|1|-7.294911380499998</comment>
  </comments>
</alpino_ds>
