<?xml version="1.0" encoding="UTF-8"?>
<alpino_ds version="1.15">
  <parser build="Alpino-x86_64-linux-glibc2.5-git1006-sicstus" date="2023-09-07T13:17" cats="1" skips="0" />
  <node begin="0" cat="top" end="8" id="0" rel="top">
    <node begin="0" cat="smain" end="7" id="1" rel="--">
      <node begin="0" cat="np" end="3" id="2" index="1" rel="su">
        <node begin="0" buiging="met-e" end="1" frame="determiner(alle,nwh,mod,pro,nparg)" his="normal" his_1="decap" his_1_1="normal" id="3" infl="alle" lcat="detp" lemma="al" naamval="stan" npagr="agr" pdtype="det" pos="det" positie="prenom" postag="VNW(onbep,det,stan,prenom,met-e,agr)" pt="vnw" rel="det" root="al" sense="al" vwtype="onbep" wh="nwh" word="Alle"/>
        <node aform="base" begin="1" buiging="met-e" end="2" frame="adjective(e)" graad="basis" his="normal" his_1="normal" id="4" infl="e" lcat="ap" lemma="zeldzaam" naamval="stan" pos="adj" positie="prenom" postag="ADJ(prenom,basis,met-e,stan)" pt="adj" rel="mod" root="zeldzaam" sense="zeldzaam" vform="adj" word="zeldzame"/>
        <node begin="2" end="3" frame="noun(het,count,pl)" gen="het" getal="mv" graad="basis" his="normal" his_1="normal" id="5" lcat="np" lemma="dier" ntype="soort" num="pl" pos="noun" postag="N(soort,mv,basis)" pt="n" rel="hd" rnum="pl" root="dier" sense="dier" word="dieren"/>
      </node>
      <node begin="3" end="4" frame="verb(hebben,past(pl),aux(inf))" his="normal" his_1="normal" id="6" infl="pl" lcat="smain" lemma="zullen" pos="verb" postag="WW(pv,verl,mv)" pt="ww" pvagr="mv" pvtijd="verl" rel="hd" root="zal" sc="aux(inf)" sense="zal" stype="declarative" tense="past" v_per="thi" word="zouden" wvorm="pv"/>
      <node begin="0" cat="inf" end="7" id="7" rel="vc">
        <node begin="0" end="3" id="8" index="1" rel="su"/>
        <node begin="5" buiging="zonder" end="6" frame="verb('hebben/zijn',inf,modifier(aux(inf)))" his="normal" his_1="normal" id="9" infl="inf" lcat="inf" lemma="moeten" pos="verb" positie="vrij" postag="WW(inf,vrij,zonder)" pt="ww" rel="hd" root="moet" sc="modifier(aux(inf))" sense="moet" word="moeten" wvorm="inf"/>
        <node begin="0" cat="inf" end="7" id="10" rel="vc">
          <node begin="0" end="3" id="11" index="1" rel="su"/>
          <node aform="base" begin="4" buiging="zonder" end="5" frame="adjective(no_e(adv))" graad="basis" his="normal" his_1="normal" id="12" infl="no_e" lcat="ap" lemma="naakt" pos="adj" positie="vrij" postag="ADJ(vrij,basis,zonder)" pt="adj" rel="predc" root="naakt" sense="naakt" vform="adj" word="naakt"/>
          <node begin="6" buiging="zonder" end="7" frame="verb(zijn,inf(no_e),ap_copula)" his="normal" his_1="normal" id="13" infl="inf(no_e)" lcat="inf" lemma="gaan" pos="verb" positie="vrij" postag="WW(inf,vrij,zonder)" pt="ww" rel="hd" root="ga" sc="ap_copula" sense="ga" word="gaan" wvorm="inf"/>
        </node>
      </node>
    </node>
    <node begin="7" end="8" frame="punct(punt)" his="normal" his_1="normal" id="14" lcat="punct" lemma="." pos="punct" postag="LET()" pt="let" rel="--" root="." sense="." special="punt" word="."/>
  </node>
  <sentence sentid="69">Alle zeldzame dieren zouden naakt moeten gaan .</sentence>
  <comments>
    <comment>Q#69|Alle zeldzame dieren zouden naakt moeten gaan .|1|1|-5.6909814708000015</comment>
  </comments>
</alpino_ds>
