<?xml version="1.0" encoding="UTF-8"?>
<alpino_ds version="1.15">
  <parser build="Alpino-x86_64-linux-glibc2.5-git1006-sicstus" date="2023-09-07T13:20" cats="1" skips="0" />
  <node begin="0" cat="top" end="12" id="0" rel="top">
    <node begin="0" cat="smain" end="11" id="1" rel="--">
      <node begin="0" cat="np" end="3" id="2" index="1" rel="su">
        <node begin="0" end="1" frame="determiner(een)" his="normal" his_1="decap" his_1_1="normal" id="3" infl="een" lcat="detp" lemma="een" lwtype="onbep" naamval="stan" npagr="agr" pos="det" postag="LID(onbep,stan,agr)" pt="lid" rel="det" root="een" sense="een" word="Een"/>
        <node aform="base" begin="1" buiging="met-e" end="2" frame="adjective(e)" graad="basis" his="normal" his_1="normal" id="4" infl="e" lcat="ap" lemma="Amerikaans" naamval="stan" pos="adj" positie="prenom" postag="ADJ(prenom,basis,met-e,stan)" pt="adj" rel="mod" root="Amerikaans" sense="Amerikaans" vform="adj" word="Amerikaanse"/>
        <node begin="2" end="3" frame="noun(de,count,sg)" gen="de" genus="zijd" getal="ev" graad="basis" his="normal" his_1="normal" id="5" lcat="np" lemma="soldaat" naamval="stan" ntype="soort" num="sg" pos="noun" postag="N(soort,ev,basis,zijd,stan)" pt="n" rel="hd" rnum="sg" root="soldaat" sense="soldaat" word="soldaat"/>
      </node>
      <node begin="3" end="4" frame="verb(unacc,past(sg),passive)" his="normal" his_1="normal" id="6" infl="sg" lcat="smain" lemma="worden" pos="verb" postag="WW(pv,verl,ev)" pt="ww" pvagr="ev" pvtijd="verl" rel="hd" root="word" sc="passive" sense="word" stype="declarative" tense="past" v_per="thi" word="werd" wvorm="pv"/>
      <node begin="0" cat="ppart" end="11" id="7" rel="vc">
        <node begin="0" end="3" id="8" index="1" rel="obj1"/>
        <node begin="4" buiging="zonder" end="5" frame="verb(hebben,psp,np_pc_pp(tot))" his="normal" his_1="normal" id="9" infl="psp" lcat="ppart" lemma="veroordelen" pos="verb" positie="vrij" postag="WW(vd,vrij,zonder)" pt="ww" rel="hd" root="veroordeel" sc="np_pc_pp(tot)" sense="veroordeel-tot" word="veroordeeld" wvorm="vd"/>
        <node begin="5" cat="pp" end="8" id="10" rel="pc">
          <node begin="5" end="6" frame="preposition(tot,[toe,[aan,toe]])" his="normal" his_1="normal" id="11" lcat="pp" lemma="tot" pos="prep" postag="VZ(init)" pt="vz" rel="hd" root="tot" sense="tot" vztype="init" word="tot"/>
          <node begin="6" cat="np" end="8" id="12" rel="obj1">
            <node begin="6" end="7" frame="number(hoofd(pl_num))" his="normal" his_1="number_expression" id="13" infl="pl_num" lcat="detp" lemma="90" naamval="stan" numtype="hoofd" pos="num" positie="prenom" postag="TW(hoofd,prenom,stan)" pt="tw" rel="det" root="90" sense="90" word="90"/>
            <node begin="7" end="8" frame="tmp_noun(het,count,bare_meas)" gen="het" genus="onz" getal="ev" graad="basis" his="normal" his_1="normal" id="14" lcat="np" lemma="jaar" naamval="stan" ntype="soort" num="bare_meas" pos="noun" postag="N(soort,ev,basis,onz,stan)" pt="n" rel="hd" rnum="sg" root="jaar" sense="jaar" special="tmp" word="jaar"/>
          </node>
        </node>
        <node begin="8" cat="pp" end="11" id="15" rel="mod">
          <node begin="8" end="9" frame="preposition(in,[])" his="normal" his_1="normal" id="16" lcat="pp" lemma="in" pos="prep" postag="VZ(init)" pt="vz" rel="hd" root="in" sense="in" vztype="init" word="in"/>
          <node begin="9" cat="np" end="11" id="17" rel="obj1">
            <node begin="9" end="10" frame="determiner(de)" his="normal" his_1="normal" id="18" infl="de" lcat="detp" lemma="de" lwtype="bep" naamval="stan" npagr="rest" pos="det" postag="LID(bep,stan,rest)" pt="lid" rel="det" root="de" sense="de" word="de"/>
            <node begin="10" end="11" frame="noun(de,count,sg)" gen="de" genus="zijd" getal="ev" graad="basis" his="normal" his_1="normal" id="19" lcat="np" lemma="gevangenis" naamval="stan" ntype="soort" num="sg" pos="noun" postag="N(soort,ev,basis,zijd,stan)" pt="n" rel="hd" rnum="sg" root="gevangenis" sense="gevangenis" word="gevangenis"/>
          </node>
        </node>
      </node>
    </node>
    <node begin="11" end="12" frame="punct(punt)" his="normal" his_1="normal" id="20" lcat="punct" lemma="." pos="punct" postag="LET()" pt="let" rel="--" root="." sense="." special="punt" word="."/>
  </node>
  <sentence sentid="696">Een Amerikaanse soldaat werd veroordeeld tot 90 jaar in de gevangenis .</sentence>
  <comments>
    <comment>Q#696|Een Amerikaanse soldaat werd veroordeeld tot 90 jaar in de gevangenis .|1|1|-10.040234113700002</comment>
  </comments>
</alpino_ds>
