<?xml version="1.0" encoding="UTF-8"?>
<alpino_ds version="1.15">
  <parser build="Alpino-x86_64-linux-glibc2.5-git1006-sicstus" date="2023-09-07T13:20" cats="1" skips="0" />
  <node begin="0" cat="top" end="11" id="0" rel="top">
    <node begin="0" cat="smain" end="10" id="1" rel="--">
      <node begin="0" cat="np" end="3" id="2" index="1" rel="su">
        <node begin="0" end="1" frame="determiner(een)" his="normal" his_1="decap" his_1_1="normal" id="3" infl="een" lcat="detp" lemma="een" lwtype="onbep" naamval="stan" npagr="agr" pos="det" postag="LID(onbep,stan,agr)" pt="lid" rel="det" root="een" sense="een" word="Een"/>
        <node aform="base" begin="1" buiging="met-e" end="2" frame="adjective(e)" graad="basis" his="normal" his_1="normal" id="4" infl="e" lcat="ap" lemma="blind" naamval="stan" pos="adj" positie="prenom" postag="ADJ(prenom,basis,met-e,stan)" pt="adj" rel="mod" root="blind" sense="blind" vform="adj" word="blinde"/>
        <node begin="2" end="3" frame="noun(de,count,bare_meas)" gen="de" genus="zijd" getal="ev" graad="basis" his="normal" his_1="normal" id="5" lcat="np" lemma="man" naamval="stan" ntype="soort" num="bare_meas" pos="noun" postag="N(soort,ev,basis,zijd,stan)" pt="n" rel="hd" rnum="sg" root="man" sense="man" word="man"/>
      </node>
      <node begin="3" end="4" frame="verb(hebben,past(sg),aux(inf))" his="normal" his_1="normal" id="6" infl="sg" lcat="smain" lemma="zullen" pos="verb" postag="WW(pv,verl,ev)" pt="ww" pvagr="ev" pvtijd="verl" rel="hd" root="zal" sc="aux(inf)" sense="zal" stype="declarative" tense="past" v_per="thi" word="zou" wvorm="pv"/>
      <node begin="0" cat="inf" end="10" id="7" rel="vc">
        <node begin="0" end="3" id="8" index="1" rel="su"/>
        <node begin="6" buiging="zonder" end="7" frame="verb('hebben/zijn',inf,modifier(aux(inf)))" his="normal" his_1="normal" id="9" infl="inf" lcat="inf" lemma="moeten" pos="verb" positie="vrij" postag="WW(inf,vrij,zonder)" pt="ww" rel="hd" root="moet" sc="modifier(aux(inf))" sense="moet" word="moeten" wvorm="inf"/>
        <node begin="0" cat="inf" end="10" id="10" rel="vc">
          <node begin="0" end="3" id="11" index="1" rel="su"/>
          <node begin="4" cat="np" end="6" id="12" rel="obj1">
            <node begin="4" buiging="zonder" end="5" frame="determiner(geen,nwh,mod,pro,yparg,nwkpro,geen)" his="normal" his_1="normal" id="13" infl="geen" lcat="detp" lemma="geen" naamval="stan" npagr="agr" pdtype="det" pos="det" positie="prenom" postag="VNW(onbep,det,stan,prenom,zonder,agr)" pt="vnw" rel="det" root="geen" sense="geen" vwtype="onbep" wh="nwh" word="geen"/>
            <node begin="5" end="6" frame="noun(het,count,pl)" gen="het" getal="mv" graad="basis" his="normal" his_1="normal" id="14" lcat="np" lemma="kaart_spel" ntype="soort" num="pl" pos="noun" postag="N(soort,mv,basis)" pt="n" rel="hd" rnum="pl" root="kaart_spel" sense="kaart_spel" word="kaartspellen"/>
          </node>
          <node begin="7" buiging="zonder" end="8" frame="verb(hebben,inf,transitive)" his="normal" his_1="normal" id="15" infl="inf" lcat="inf" lemma="spelen" pos="verb" positie="vrij" postag="WW(inf,vrij,zonder)" pt="ww" rel="hd" root="speel" sc="transitive" sense="speel" word="spelen" wvorm="inf"/>
          <node begin="8" cat="pp" end="10" id="16" rel="mod">
            <node begin="8" end="9" frame="preposition(zonder,[])" his="normal" his_1="normal" id="17" lcat="pp" lemma="zonder" pos="prep" postag="VZ(init)" pt="vz" rel="hd" root="zonder" sense="zonder" vztype="init" word="zonder"/>
            <node begin="9" end="10" frame="noun(de,count,sg)" gen="de" genus="zijd" getal="ev" graad="basis" his="normal" his_1="normal" id="18" lcat="np" lemma="hulp" naamval="stan" ntype="soort" num="sg" pos="noun" postag="N(soort,ev,basis,zijd,stan)" pt="n" rel="obj1" rnum="sg" root="hulp" sense="hulp" word="hulp"/>
          </node>
        </node>
      </node>
    </node>
    <node begin="10" end="11" frame="punct(punt)" his="normal" his_1="normal" id="19" lcat="punct" lemma="." pos="punct" postag="LET()" pt="let" rel="--" root="." sense="." special="punt" word="."/>
  </node>
  <sentence sentid="713">Een blinde man zou geen kaartspellen moeten spelen zonder hulp .</sentence>
  <comments>
    <comment>Q#713|Een blinde man zou geen kaartspellen moeten spelen zonder hulp .|1|1|-9.153233998400001</comment>
  </comments>
</alpino_ds>
