<?xml version="1.0" encoding="UTF-8"?>
<alpino_ds version="1.15">
  <parser build="Alpino-x86_64-linux-glibc2.5-git1006-sicstus" date="2023-09-07T13:20" cats="1" skips="0" />
  <node begin="0" cat="top" end="9" id="0" rel="top">
    <node begin="0" cat="smain" end="8" id="1" rel="--">
      <node begin="0" cat="np" end="3" id="2" rel="su">
        <node begin="0" end="1" frame="determiner(een)" his="normal" his_1="decap" his_1_1="normal" id="3" infl="een" lcat="detp" lemma="een" lwtype="onbep" naamval="stan" npagr="agr" pos="det" postag="LID(onbep,stan,agr)" pt="lid" rel="det" root="een" sense="een" word="Een"/>
        <node aform="base" begin="1" buiging="met-e" end="2" frame="adjective(e)" graad="basis" his="normal" his_1="normal" id="4" infl="e" lcat="ap" lemma="dik" naamval="stan" pos="adj" positie="prenom" postag="ADJ(prenom,basis,met-e,stan)" pt="adj" rel="mod" root="dik" sense="dik" vform="adj" word="dikke"/>
        <node begin="2" end="3" frame="noun(de,count,sg)" gen="de" genus="zijd" getal="ev" graad="basis" his="normal" his_1="normal" id="5" lcat="np" lemma="hond" naamval="stan" ntype="soort" num="sg" pos="noun" postag="N(soort,ev,basis,zijd,stan)" pt="n" rel="hd" rnum="sg" root="hond" sense="hond" word="hond"/>
      </node>
      <node begin="3" end="4" frame="verb(zijn,past(sg),part_ld_pp(aan,achter))" his="normal" his_1="normal" id="6" infl="sg" lcat="smain" lemma="aan_rennen" pos="verb" postag="WW(pv,verl,ev)" pt="ww" pvagr="ev" pvtijd="verl" rel="hd" root="ren_aan" sc="part_ld_pp(aan,achter)" sense="ren_aan" stype="declarative" tense="past" v_per="thi" word="rende" wvorm="pv"/>
      <node begin="4" cat="pp" end="7" id="7" rel="ld">
        <node begin="4" end="5" frame="preposition(achter,[aan,door,langs,om,uit,vandaan])" his="normal" his_1="normal" id="8" lcat="pp" lemma="achter" pos="prep" postag="VZ(init)" pt="vz" rel="hd" root="achter" sense="achter" vztype="init" word="achter"/>
        <node begin="5" cat="np" end="7" id="9" rel="obj1">
          <node begin="5" end="6" frame="determiner(een)" his="normal" his_1="normal" id="10" infl="een" lcat="detp" lemma="een" lwtype="onbep" naamval="stan" npagr="agr" pos="det" postag="LID(onbep,stan,agr)" pt="lid" rel="det" root="een" sense="een" word="een"/>
          <node begin="6" end="7" frame="noun(de,count,sg)" gen="de" genus="zijd" getal="ev" graad="basis" his="normal" his_1="normal" id="11" lcat="np" lemma="kat" naamval="stan" ntype="soort" num="sg" pos="noun" postag="N(soort,ev,basis,zijd,stan)" pt="n" rel="hd" rnum="sg" root="kat" sense="kat" word="kat"/>
        </node>
      </node>
      <node begin="7" end="8" frame="particle(aan)" his="normal" his_1="normal" id="12" lcat="part" lemma="aan" pos="part" postag="VZ(fin)" pt="vz" rel="svp" root="aan" sense="aan" vztype="fin" word="aan"/>
    </node>
    <node begin="8" end="9" frame="punct(punt)" his="normal" his_1="normal" id="13" lcat="punct" lemma="." pos="punct" postag="LET()" pt="let" rel="--" root="." sense="." special="punt" word="."/>
  </node>
  <sentence sentid="722">Een dikke hond rende achter een kat aan .</sentence>
  <comments>
    <comment>Q#722|Een dikke hond rende achter een kat aan .|1|1|-8.9554491518</comment>
  </comments>
</alpino_ds>
