<?xml version="1.0" encoding="UTF-8"?>
<alpino_ds version="1.15">
  <parser build="Alpino-x86_64-linux-glibc2.5-git1006-sicstus" date="2023-09-07T13:20" cats="1" skips="0" />
  <node begin="0" cat="top" end="6" id="0" rel="top">
    <node begin="0" cat="smain" end="5" id="1" rel="--">
      <node begin="0" cat="np" end="2" id="2" rel="su">
        <node begin="0" end="1" frame="determiner(een)" his="normal" his_1="decap" his_1_1="normal" id="3" infl="een" lcat="detp" lemma="een" lwtype="onbep" naamval="stan" npagr="agr" pos="det" postag="LID(onbep,stan,agr)" pt="lid" rel="det" root="een" sense="een" word="Een"/>
        <node begin="1" end="2" frame="noun(de,count,sg)" gen="de" genus="zijd" getal="ev" graad="basis" his="normal" his_1="normal" id="4" lcat="np" lemma="dokter" naamval="stan" ntype="soort" num="sg" pos="noun" postag="N(soort,ev,basis,zijd,stan)" pt="n" rel="hd" rnum="sg" root="dokter" sense="dokter" word="dokter"/>
      </node>
      <node begin="2" end="3" frame="verb(hebben,past(sg),transitive)" his="normal" his_1="normal" id="5" infl="sg" lcat="smain" lemma="onderzoeken" pos="verb" postag="WW(pv,verl,ev)" pt="ww" pvagr="ev" pvtijd="verl" rel="hd" root="onderzoek" sc="transitive" sense="onderzoek" stype="declarative" tense="past" v_per="thi" word="onderzocht" wvorm="pv"/>
      <node begin="3" cat="np" end="5" id="6" rel="obj1">
        <node begin="3" end="4" frame="noun(de,count,sg)" gen="de" genus="zijd" getal="ev" graad="basis" his="normal" his_1="normal" id="7" lcat="np" lemma="meneer" naamval="stan" ntype="soort" num="sg" pos="noun" postag="N(soort,ev,basis,zijd,stan)" pt="n" rel="hd" rnum="sg" root="meneer" sense="meneer" word="meneer"/>
        <node begin="4" end="5" frame="proper_name(sg,'PER')" genus="zijd" getal="ev" graad="basis" his="cap" id="8" lcat="np" lemma="Brown" naamval="stan" neclass="PER" ntype="eigen" num="sg" pos="name" postag="N(eigen,ev,basis,zijd,stan)" pt="n" rel="app" rnum="sg" root="Brown" sense="Brown" word="brown"/>
      </node>
    </node>
    <node begin="5" end="6" frame="punct(punt)" his="normal" his_1="normal" id="9" lcat="punct" lemma="." pos="punct" postag="LET()" pt="let" rel="--" root="." sense="." special="punt" word="."/>
  </node>
  <sentence sentid="725">Een dokter onderzocht meneer brown .</sentence>
  <comments>
    <comment>Q#725|Een dokter onderzocht meneer brown .|1|1|-1.1731278084000003</comment>
  </comments>
</alpino_ds>
