<?xml version="1.0" encoding="UTF-8"?>
<alpino_ds version="1.15">
  <parser build="Alpino-x86_64-linux-glibc2.5-git1006-sicstus" date="2023-09-07T13:20" cats="1" skips="0" />
  <node begin="0" cat="top" end="9" id="0" rel="top">
    <node begin="0" cat="smain" end="8" id="1" rel="--">
      <node begin="0" cat="np" end="3" id="2" rel="su">
        <node begin="0" end="1" frame="determiner(een)" his="normal" his_1="decap" his_1_1="normal" id="3" infl="een" lcat="detp" lemma="een" lwtype="onbep" naamval="stan" npagr="agr" pos="det" postag="LID(onbep,stan,agr)" pt="lid" rel="det" root="een" sense="een" word="Een"/>
        <node aform="base" begin="1" buiging="met-e" end="2" frame="adjective(e)" graad="basis" his="normal" his_1="normal" id="4" infl="e" lcat="ap" lemma="fel" naamval="stan" pos="adj" positie="prenom" postag="ADJ(prenom,basis,met-e,stan)" pt="adj" rel="mod" root="fel" sense="fel" vform="adj" word="felle"/>
        <node begin="2" end="3" frame="noun(de,count,sg)" gen="de" genus="zijd" getal="ev" graad="basis" his="normal" his_1="normal" id="5" lcat="np" lemma="discussie" naamval="stan" ntype="soort" num="sg" pos="noun" postag="N(soort,ev,basis,zijd,stan)" pt="n" rel="hd" rnum="sg" root="discussie" sense="discussie" word="discussie"/>
      </node>
      <node begin="3" end="4" frame="verb(hebben,past(sg),part_ld_pp(plaats))" his="normal" his_1="normal" id="6" infl="sg" lcat="smain" lemma="plaats_vinden" pos="verb" postag="WW(pv,verl,ev)" pt="ww" pvagr="ev" pvtijd="verl" rel="hd" root="vind_plaats" sc="part_ld_pp(plaats)" sense="vind_plaats" stype="declarative" tense="past" v_per="thi" word="vond" wvorm="pv"/>
      <node begin="4" end="5" frame="particle(plaats)" genus="zijd" getal="ev" graad="basis" his="normal" his_1="normal" id="7" lcat="part" lemma="plaats" naamval="stan" ntype="soort" pos="part" postag="N(soort,ev,basis,zijd,stan)" pt="n" rel="svp" root="plaats" sense="plaats" word="plaats"/>
      <node begin="5" cat="pp" end="8" id="8" rel="ld">
        <node begin="5" end="6" frame="preposition(in,[])" his="normal" his_1="normal" id="9" lcat="pp" lemma="in" pos="prep" postag="VZ(init)" pt="vz" rel="hd" root="in" sense="in" vztype="init" word="in"/>
        <node begin="6" cat="mwu" end="8" his="name" his_1="not_begin" id="10" rel="obj1">
          <node begin="6" end="7" frame="proper_name(both,'LOC')" id="11" lcat="np" lemma="Monte" neclass="LOC" num="both" pos="name" postag="SPEC(deeleigen)" pt="spec" rel="mwp" root="Monte" sense="Monte" spectype="deeleigen" word="Monte"/>
          <node begin="7" end="8" frame="proper_name(both,'LOC')" id="12" lcat="np" lemma="Cassino" neclass="LOC" num="both" pos="name" postag="SPEC(deeleigen)" pt="spec" rel="mwp" root="Cassino" sense="Cassino" spectype="deeleigen" word="Cassino"/>
        </node>
      </node>
    </node>
    <node begin="8" end="9" frame="punct(punt)" his="normal" his_1="normal" id="13" lcat="punct" lemma="." pos="punct" postag="LET()" pt="let" rel="--" root="." sense="." special="punt" word="."/>
  </node>
  <sentence sentid="745">Een felle discussie vond plaats in Monte Cassino .</sentence>
  <comments>
    <comment>Q#745|Een felle discussie vond plaats in Monte Cassino .|1|1|-5.742633089400001</comment>
  </comments>
</alpino_ds>
