<?xml version="1.0" encoding="UTF-8"?>
<alpino_ds version="1.15">
  <parser build="Alpino-x86_64-linux-glibc2.5-git1006-sicstus" date="2023-09-07T13:20" cats="1" skips="0" />
  <node begin="0" cat="top" end="8" id="0" rel="top">
    <node begin="0" cat="smain" end="7" id="1" rel="--">
      <node begin="0" cat="np" end="2" id="2" index="1" rel="su">
        <node begin="0" end="1" frame="determiner(een)" his="normal" his_1="decap" his_1_1="normal" id="3" infl="een" lcat="detp" lemma="een" lwtype="onbep" naamval="stan" npagr="agr" pos="det" postag="LID(onbep,stan,agr)" pt="lid" rel="det" root="een" sense="een" word="Een"/>
        <node begin="1" end="2" frame="noun(de,count,sg)" gen="de" genus="zijd" getal="ev" graad="basis" his="normal" his_1="normal" id="4" lcat="np" lemma="foto" naamval="stan" ntype="soort" num="sg" pos="noun" postag="N(soort,ev,basis,zijd,stan)" pt="n" rel="hd" rnum="sg" root="foto" sense="foto" word="foto"/>
      </node>
      <node begin="2" end="3" frame="verb('hebben/zijn',modal_not_u,aux(inf))" his="normal" his_1="normal" id="5" infl="modal_not_u" lcat="smain" lemma="kunnen" pos="verb" postag="WW(pv,tgw,ev)" pt="ww" pvagr="ev" pvtijd="tgw" rel="hd" root="kan" sc="aux(inf)" sense="kan" stype="declarative" tense="present" v_per="thi" word="kan" wvorm="pv"/>
      <node begin="0" cat="inf" end="7" id="6" rel="vc">
        <node begin="0" end="2" id="7" index="1" rel="su"/>
        <node begin="3" cat="np" end="5" id="8" rel="obj1">
          <node begin="3" end="4" frame="determiner(de)" his="normal" his_1="normal" id="9" infl="de" lcat="detp" lemma="de" lwtype="bep" naamval="stan" npagr="rest" pos="det" postag="LID(bep,stan,rest)" pt="lid" rel="det" root="de" sense="de" word="de"/>
          <node begin="4" end="5" frame="noun(de,count,pl)" gen="de" getal="mv" graad="basis" his="normal" his_1="normal" id="10" lcat="np" lemma="reden" ntype="soort" num="pl" pos="noun" postag="N(soort,mv,basis)" pt="n" rel="hd" rnum="pl" root="reden" sense="reden" word="redenen"/>
        </node>
        <node begin="5" end="6" frame="adverb" his="normal" his_1="normal" id="11" lcat="advp" lemma="niet" pos="adv" postag="BW()" pt="bw" rel="mod" root="niet" sense="niet" word="niet"/>
        <node begin="6" buiging="zonder" end="7" frame="verb(hebben,inf,transitive)" his="normal" his_1="normal" id="12" infl="inf" lcat="inf" lemma="verklaren" pos="verb" positie="vrij" postag="WW(inf,vrij,zonder)" pt="ww" rel="hd" root="verklaar" sc="transitive" sense="verklaar" word="verklaren" wvorm="inf"/>
      </node>
    </node>
    <node begin="7" end="8" frame="punct(punt)" his="normal" his_1="normal" id="13" lcat="punct" lemma="." pos="punct" postag="LET()" pt="let" rel="--" root="." sense="." special="punt" word="."/>
  </node>
  <sentence sentid="751">Een foto kan de redenen niet verklaren .</sentence>
  <comments>
    <comment>Q#751|Een foto kan de redenen niet verklaren .|1|1|-3.1772284119000003</comment>
  </comments>
</alpino_ds>
