<?xml version="1.0" encoding="UTF-8"?>
<alpino_ds version="1.15">
  <parser build="Alpino-x86_64-linux-glibc2.5-git1006-sicstus" date="2023-09-07T13:20" cats="1" skips="0" />
  <node begin="0" cat="top" end="7" id="0" rel="top">
    <node begin="0" cat="smain" end="6" id="1" rel="--">
      <node begin="0" cat="np" end="3" id="2" rel="su">
        <node begin="0" end="1" frame="determiner(een)" his="normal" his_1="decap" his_1_1="normal" id="3" infl="een" lcat="detp" lemma="een" lwtype="onbep" naamval="stan" npagr="agr" pos="det" postag="LID(onbep,stan,agr)" pt="lid" rel="det" root="een" sense="een" word="Een"/>
        <node aform="base" begin="1" buiging="met-e" end="2" frame="adjective(e)" graad="basis" his="normal" his_1="normal" id="4" infl="e" lcat="ap" lemma="jong" naamval="stan" pos="adj" positie="prenom" postag="ADJ(prenom,basis,met-e,stan)" pt="adj" rel="mod" root="jong" sense="jong" vform="adj" word="jonge"/>
        <node begin="2" end="3" frame="noun(de,count,bare_meas)" gen="de" genus="zijd" getal="ev" graad="basis" his="normal" his_1="normal" id="5" lcat="np" lemma="man" naamval="stan" ntype="soort" num="bare_meas" pos="noun" postag="N(soort,ev,basis,zijd,stan)" pt="n" rel="hd" rnum="sg" root="man" sense="man" word="man"/>
      </node>
      <node begin="3" end="4" frame="verb(hebben,past(sg),transitive)" his="normal" his_1="normal" id="6" infl="sg" lcat="smain" lemma="stelen" pos="verb" postag="WW(pv,verl,ev)" pt="ww" pvagr="ev" pvtijd="verl" rel="hd" root="steel" sc="transitive" sense="steel" stype="declarative" tense="past" v_per="thi" word="stal" wvorm="pv"/>
      <node begin="4" cat="np" end="6" id="7" rel="obj1">
        <node begin="4" buiging="zonder" end="5" frame="determiner(pron)" getal="ev" his="normal" his_1="normal" id="8" infl="pron" lcat="detp" lemma="mijn" naamval="stan" npagr="agr" pdtype="det" persoon="1" pos="det" positie="prenom" postag="VNW(bez,det,stan,vol,1,ev,prenom,zonder,agr)" pron="true" pt="vnw" rel="det" root="mijn" sense="mijn" status="vol" vwtype="bez" word="mijn"/>
        <node begin="5" end="6" frame="noun(de,count,sg)" gen="de" genus="zijd" getal="ev" graad="basis" his="normal" his_1="normal" id="9" lcat="np" lemma="tas" naamval="stan" ntype="soort" num="sg" pos="noun" postag="N(soort,ev,basis,zijd,stan)" pt="n" rel="hd" rnum="sg" root="tas" sense="tas" word="tas"/>
      </node>
    </node>
    <node begin="6" end="7" frame="punct(punt)" his="normal" his_1="normal" id="10" lcat="punct" lemma="." pos="punct" postag="LET()" pt="let" rel="--" root="." sense="." special="punt" word="."/>
  </node>
  <sentence sentid="792">Een jonge man stal mijn tas .</sentence>
  <comments>
    <comment>Q#792|Een jonge man stal mijn tas .|1|1|-5.6414324119</comment>
  </comments>
</alpino_ds>
