<?xml version="1.0" encoding="UTF-8"?>
<alpino_ds version="1.15">
  <parser build="Alpino-x86_64-linux-glibc2.5-git1006-sicstus" date="2023-09-07T13:20" cats="1" skips="0" />
  <node begin="0" cat="top" end="7" id="0" rel="top">
    <node begin="0" cat="smain" end="6" id="1" rel="--">
      <node begin="0" cat="np" end="3" id="2" rel="su">
        <node begin="0" end="1" frame="determiner(een)" his="normal" his_1="decap" his_1_1="normal" id="3" infl="een" lcat="detp" lemma="een" lwtype="onbep" naamval="stan" npagr="agr" pos="det" postag="LID(onbep,stan,agr)" pt="lid" rel="det" root="een" sense="een" word="Een"/>
        <node begin="1" end="2" frame="meas_mod_noun(de,count,meas,measure)" gen="de" genus="zijd" getal="ev" graad="basis" his="normal" his_1="normal" id="4" lcat="np" lemma="kilo" naamval="stan" ntype="soort" num="meas" pos="noun" postag="N(soort,ev,basis,zijd,stan)" pt="n" rel="hd" rnum="sg" root="kilo" sc="measure" sense="kilo" special="meas_mod" word="kilo"/>
        <node begin="2" end="3" frame="noun(de,count,pl)" gen="de" getal="mv" graad="basis" his="normal" his_1="normal" id="5" lcat="np" lemma="vijg" ntype="soort" num="pl" pos="noun" postag="N(soort,mv,basis)" pt="n" rel="mod" rnum="pl" root="vijg" sense="vijg" word="vijgen"/>
      </node>
      <node begin="3" end="4" frame="verb(hebben,sg,meas)" his="normal" his_1="normal" id="6" infl="sg" lcat="smain" lemma="kosten" pos="verb" postag="WW(pv,tgw,ev)" pt="ww" pvagr="ev" pvtijd="tgw" rel="hd" root="kost" sc="meas" sense="kost" stype="declarative" tense="present" v_per="thi" word="kost" wvorm="pv"/>
      <node begin="4" cat="np" end="6" id="7" rel="me">
        <node begin="4" end="5" frame="number(hoofd(pl_num))" his="normal" his_1="number_expression" id="8" infl="pl_num" lcat="detp" lemma="2.50" naamval="stan" numtype="hoofd" pos="num" positie="prenom" postag="TW(hoofd,prenom,stan)" pt="tw" rel="det" root="2.50" sense="2.50" word="2.50"/>
        <node begin="5" end="6" frame="meas_mod_noun(de,count,bare_meas)" gen="de" his="normal" his_1="normal" id="9" lcat="np" lemma="€" num="bare_meas" pos="noun" postag="SPEC(symb)" pt="spec" rel="hd" rnum="sg" root="euro" sense="euro" special="meas_mod" spectype="symb" word="€"/>
      </node>
    </node>
    <node begin="6" end="7" frame="punct(punt)" his="normal" his_1="normal" id="10" lcat="punct" lemma="." pos="punct" postag="LET()" pt="let" rel="--" root="." sense="." special="punt" word="."/>
  </node>
  <sentence sentid="804">Een kilo vijgen kost 2.50 € .</sentence>
  <comments>
    <comment>Q#804|Een kilo vijgen kost 2.50 € .|1|1|-4.519607382599999</comment>
  </comments>
</alpino_ds>
