<?xml version="1.0" encoding="UTF-8"?>
<alpino_ds version="1.15">
  <parser build="Alpino-x86_64-linux-glibc2.5-git1006-sicstus" date="2023-09-07T13:20" cats="1" skips="0" />
  <node begin="0" cat="top" end="12" id="0" rel="top">
    <node begin="0" cat="smain" end="11" id="1" rel="--">
      <node begin="0" cat="np" end="2" id="2" rel="su">
        <node begin="0" end="1" frame="determiner(een)" his="normal" his_1="decap" his_1_1="normal" id="3" infl="een" lcat="detp" lemma="een" lwtype="onbep" naamval="stan" npagr="agr" pos="det" postag="LID(onbep,stan,agr)" pt="lid" rel="det" root="een" sense="een" word="Een"/>
        <node begin="1" end="2" frame="noun(de,count,sg)" gen="de" genus="zijd" getal="ev" graad="basis" his="compound" his_1="3" id="4" lcat="np" lemma="kort_snuit_dolfijn" naamval="stan" ntype="soort" num="sg" pos="noun" postag="N(soort,ev,basis,zijd,stan)" pt="n" rel="hd" rnum="sg" root="kort_snuit_dolfijn" sense="kort_snuit_dolfijn" word="kortsnuitdolfijn"/>
      </node>
      <node begin="2" end="3" frame="verb(unacc,sg_is,copula)" his="normal" his_1="normal" id="5" infl="sg_is" lcat="smain" lemma="zijn" pos="verb" postag="WW(pv,tgw,ev)" pt="ww" pvagr="ev" pvtijd="tgw" rel="hd" root="ben" sc="copula" sense="ben" stype="declarative" tense="present" v_per="thi" word="is" wvorm="pv"/>
      <node begin="3" cat="ap" end="6" id="6" rel="mod">
        <node begin="3" cat="advp" end="5" id="7" rel="mod">
          <node begin="3" end="4" frame="modal_adverb" his="normal" his_1="normal" id="8" lcat="advp" lemma="net" pos="adv" postag="BW()" pt="bw" rel="mod" root="net" sc="modal" sense="net" word="net"/>
          <node begin="4" end="5" frame="adverb" his="normal" his_1="normal" id="9" lcat="advp" lemma="zo" pos="adv" postag="BW()" pt="bw" rel="hd" root="zo" sense="zo" word="zo"/>
        </node>
        <node aform="base" begin="5" buiging="zonder" end="6" frame="adjective(no_e(adv))" graad="basis" his="normal" his_1="normal" id="10" infl="no_e" lcat="ap" lemma="min" pos="adj" positie="vrij" postag="ADJ(vrij,basis,zonder)" pt="adj" rel="hd" root="min" sense="min" vform="adj" word="min"/>
      </node>
      <node begin="6" cat="np" end="11" id="11" rel="predc">
        <node begin="6" end="7" frame="determiner(een)" his="normal" his_1="normal" id="12" infl="een" lcat="detp" lemma="een" lwtype="onbep" naamval="stan" npagr="agr" pos="det" postag="LID(onbep,stan,agr)" pt="lid" rel="det" root="een" sense="een" word="een"/>
        <node begin="7" end="8" frame="noun(de,count,sg)" gen="de" genus="zijd" getal="ev" graad="basis" his="normal" his_1="normal" id="13" lcat="np" lemma="vis" naamval="stan" ntype="soort" num="sg" pos="noun" postag="N(soort,ev,basis,zijd,stan)" pt="n" rel="hd" rnum="sg" root="vis" sense="vis" word="vis"/>
        <node begin="8" cat="cp" end="11" id="14" rel="mod">
          <node begin="8" conjtype="onder" end="9" frame="complementizer(als)" his="normal" his_1="normal" id="15" lcat="cp" lemma="als" pos="comp" postag="VG(onder)" pt="vg" rel="cmp" root="als" sc="als" sense="als" word="als"/>
          <node begin="9" cat="np" end="11" id="16" rel="body">
            <node begin="9" end="10" frame="determiner(een)" his="normal" his_1="normal" id="17" infl="een" lcat="detp" lemma="een" lwtype="onbep" naamval="stan" npagr="agr" pos="det" postag="LID(onbep,stan,agr)" pt="lid" rel="det" root="een" sense="een" word="een"/>
            <node begin="10" end="11" frame="noun(de,count,sg)" gen="de" genus="zijd" getal="ev" graad="basis" his="normal" his_1="normal" id="18" lcat="np" lemma="hond" naamval="stan" ntype="soort" num="sg" pos="noun" postag="N(soort,ev,basis,zijd,stan)" pt="n" rel="hd" rnum="sg" root="hond" sense="hond" word="hond"/>
          </node>
        </node>
      </node>
    </node>
    <node begin="11" end="12" frame="punct(punt)" his="normal" his_1="normal" id="19" lcat="punct" lemma="." pos="punct" postag="LET()" pt="let" rel="--" root="." sense="." special="punt" word="."/>
  </node>
  <sentence sentid="816">Een kortsnuitdolfijn is net zo min een vis als een hond .</sentence>
  <comments>
    <comment>Q#816|Een kortsnuitdolfijn is net zo min een vis als een hond .|1|1|-4.6069049449</comment>
  </comments>
</alpino_ds>
