<?xml version="1.0" encoding="UTF-8"?>
<alpino_ds version="1.15">
  <parser build="Alpino-x86_64-linux-glibc2.5-git1006-sicstus" date="2023-09-07T13:20" cats="1" skips="0" />
  <node begin="0" cat="top" end="6" id="0" rel="top">
    <node begin="0" cat="smain" end="5" id="1" rel="--">
      <node begin="0" cat="np" end="3" id="2" rel="su">
        <node begin="0" end="1" frame="determiner(een)" his="normal" his_1="decap" his_1_1="normal" id="3" infl="een" lcat="detp" lemma="een" lwtype="onbep" naamval="stan" npagr="agr" pos="det" postag="LID(onbep,stan,agr)" pt="lid" rel="det" root="een" sense="een" word="Een"/>
        <node aform="base" begin="1" buiging="zonder" end="2" frame="adjective(no_e(adv))" graad="basis" his="normal" his_1="normal" id="4" infl="no_e" lcat="ap" lemma="koud" pos="adj" positie="prenom" postag="ADJ(prenom,basis,zonder)" pt="adj" rel="mod" root="koud" sense="koud" vform="adj" word="koud"/>
        <node begin="2" end="3" frame="noun(het,count,sg)" gen="het" genus="onz" getal="ev" graad="basis" his="normal" his_1="normal" id="5" lcat="np" lemma="bad" naamval="stan" ntype="soort" num="sg" pos="noun" postag="N(soort,ev,basis,onz,stan)" pt="n" rel="hd" rnum="sg" root="bad" sense="bad" word="bad"/>
      </node>
      <node begin="3" end="4" frame="verb(hebben,past(sg),transitive)" his="normal" his_1="normal" id="6" infl="sg" lcat="smain" lemma="verfrissen" pos="verb" postag="WW(pv,verl,ev)" pt="ww" pvagr="ev" pvtijd="verl" rel="hd" root="verfris" sc="transitive" sense="verfris" stype="declarative" tense="past" v_per="thi" word="verfriste" wvorm="pv"/>
      <node begin="4" case="dat_acc" def="def" end="5" frame="pronoun(nwh,thi,sg,de,dat_acc,def)" gen="de" genus="masc" getal="ev" his="normal" his_1="normal" id="7" lcat="np" lemma="hem" naamval="obl" num="sg" pdtype="pron" per="thi" persoon="3" pos="pron" postag="VNW(pers,pron,obl,vol,3,ev,masc)" pt="vnw" rel="obj1" rnum="sg" root="hem" sense="hem" status="vol" vwtype="pers" wh="nwh" word="hem"/>
    </node>
    <node begin="5" end="6" frame="punct(punt)" his="normal" his_1="normal" id="8" lcat="punct" lemma="." pos="punct" postag="LET()" pt="let" rel="--" root="." sense="." special="punt" word="."/>
  </node>
  <sentence sentid="817">Een koud bad verfriste hem .</sentence>
  <comments>
    <comment>Q#817|Een koud bad verfriste hem .|1|1|-2.2122681246</comment>
  </comments>
</alpino_ds>
