<?xml version="1.0" encoding="UTF-8"?>
<alpino_ds version="1.15">
  <parser build="Alpino-x86_64-linux-glibc2.5-git1006-sicstus" date="2023-09-07T13:20" cats="1" skips="0" />
  <node begin="0" cat="top" end="15" id="0" rel="top">
    <node begin="0" cat="smain" end="14" id="1" rel="--">
      <node begin="0" cat="np" end="9" id="2" rel="su">
        <node begin="0" end="1" frame="determiner(een)" his="normal" his_1="decap" his_1_1="normal" id="3" infl="een" lcat="detp" lemma="een" lwtype="onbep" naamval="stan" npagr="agr" pos="det" postag="LID(onbep,stan,agr)" pt="lid" rel="det" root="een" sense="een" word="Een"/>
        <node begin="1" end="2" frame="tmp_noun(het,count,sg)" gen="het" genus="onz" getal="ev" graad="basis" his="normal" his_1="normal" id="4" lcat="np" lemma="leven" naamval="stan" ntype="soort" num="sg" pos="noun" postag="N(soort,ev,basis,onz,stan)" pt="n" rel="hd" rnum="sg" root="leven" sense="leven" special="tmp" word="leven"/>
        <node begin="2" cat="pp" end="9" id="5" rel="mod">
          <node begin="2" end="3" frame="preposition(zonder,[])" his="normal" his_1="normal" id="6" lcat="pp" lemma="zonder" pos="prep" postag="VZ(init)" pt="vz" rel="hd" root="zonder" sense="zonder" vztype="init" word="zonder"/>
          <node begin="3" cat="np" end="9" id="7" rel="obj1">
            <node begin="3" end="4" frame="noun(de,count,pl)" gen="de" getal="mv" graad="basis" his="normal" his_1="normal" id="8" lcat="np" lemma="kleur" ntype="soort" num="pl" pos="noun" postag="N(soort,mv,basis)" pt="n" rel="hd" rnum="pl" root="kleur" sense="kleur" word="kleuren"/>
            <node begin="4" cat="rel" end="9" id="9" rel="mod">
              <node begin="4" case="no_obl" end="5" frame="rel_pronoun(de,no_obl)" gen="de" getal="getal" his="normal" his_1="normal" id="10" index="1" lcat="np" lemma="die" naamval="stan" pdtype="pron" persoon="persoon" pos="pron" postag="VNW(betr,pron,stan,vol,persoon,getal)" pt="vnw" rel="rhd" rnum="pl" root="die" sense="die" status="vol" vwtype="betr" wh="rel" word="die"/>
              <node begin="4" cat="ssub" end="9" id="11" rel="body">
                <node begin="4" end="5" id="12" index="1" rel="su"/>
                <node begin="5" cat="np" end="7" id="13" rel="obj1">
                  <node begin="5" buiging="zonder" end="6" frame="determiner(het)" getal="mv" his="normal" his_1="normal" id="14" infl="het" lcat="detp" lemma="ons" naamval="stan" npagr="evon" pdtype="det" persoon="1" pos="det" positie="prenom" postag="VNW(bez,det,stan,vol,1,mv,prenom,zonder,evon)" pt="vnw" rel="det" root="ons" sense="ons" status="vol" vwtype="bez" word="ons"/>
                  <node begin="6" end="7" frame="tmp_noun(het,count,sg)" gen="het" genus="onz" getal="ev" graad="basis" his="normal" his_1="normal" id="15" lcat="np" lemma="leven" naamval="stan" ntype="soort" num="sg" pos="noun" postag="N(soort,ev,basis,onz,stan)" pt="n" rel="hd" rnum="sg" root="leven" sense="leven" special="tmp" word="leven"/>
                </node>
                <node aform="base" begin="7" buiging="zonder" end="8" frame="adjective(no_e(padv))" graad="basis" his="normal" his_1="normal" id="16" infl="no_e" lcat="ap" lemma="blij" pos="adj" positie="vrij" postag="ADJ(vrij,basis,zonder)" pt="adj" rel="predc" root="blij" sense="blij" vform="adj" word="blij"/>
                <node begin="8" end="9" frame="verb(hebben,pl,pred_np)" his="normal" his_1="normal" id="17" infl="pl" lcat="ssub" lemma="maken" pos="verb" postag="WW(pv,tgw,mv)" pt="ww" pvagr="mv" pvtijd="tgw" rel="hd" root="maak" sc="pred_np" sense="maak" tense="present" v_per="thi" word="maken" wvorm="pv"/>
              </node>
            </node>
          </node>
        </node>
      </node>
      <node begin="9" end="10" frame="verb(unacc,sg_is,copula)" his="normal" his_1="normal" id="18" infl="sg_is" lcat="smain" lemma="zijn" pos="verb" postag="WW(pv,tgw,ev)" pt="ww" pvagr="ev" pvtijd="tgw" rel="hd" root="ben" sc="copula" sense="ben" stype="declarative" tense="present" v_per="thi" word="is" wvorm="pv"/>
      <node begin="10" cat="np" end="14" id="19" rel="predc">
        <node begin="10" end="11" frame="determiner(een)" his="normal" his_1="normal" id="20" infl="een" lcat="detp" lemma="een" lwtype="onbep" naamval="stan" npagr="agr" pos="det" postag="LID(onbep,stan,agr)" pt="lid" rel="det" root="een" sense="een" word="een"/>
        <node begin="11" end="12" frame="noun(de,count,sg)" gen="de" genus="zijd" getal="ev" graad="basis" his="normal" his_1="normal" id="21" lcat="np" lemma="wereld" naamval="stan" ntype="soort" num="sg" pos="noun" postag="N(soort,ev,basis,zijd,stan)" pt="n" rel="hd" rnum="sg" root="wereld" sense="wereld" word="wereld"/>
        <node begin="12" cat="pp" end="14" id="22" rel="mod">
          <node begin="12" end="13" frame="preposition(zonder,[])" his="normal" his_1="normal" id="23" lcat="pp" lemma="zonder" pos="prep" postag="VZ(init)" pt="vz" rel="hd" root="zonder" sense="zonder" vztype="init" word="zonder"/>
          <node begin="13" end="14" frame="noun(de,count,sg)" gen="de" genus="zijd" getal="ev" graad="basis" his="normal" his_1="normal" id="24" lcat="np" lemma="taal" naamval="stan" ntype="soort" num="sg" pos="noun" postag="N(soort,ev,basis,zijd,stan)" pt="n" rel="obj1" rnum="sg" root="taal" sense="taal" word="taal"/>
        </node>
      </node>
    </node>
    <node begin="14" end="15" frame="punct(punt)" his="normal" his_1="normal" id="25" lcat="punct" lemma="." pos="punct" postag="LET()" pt="let" rel="--" root="." sense="." special="punt" word="."/>
  </node>
  <sentence sentid="823">Een leven zonder kleuren die ons leven blij maken is een wereld zonder taal .</sentence>
  <comments>
    <comment>Q#823|Een leven zonder kleuren die ons leven blij maken is een wereld zonder taal .|1|1|-7.6624333437</comment>
  </comments>
</alpino_ds>
