<?xml version="1.0" encoding="UTF-8"?>
<alpino_ds version="1.15">
  <parser build="Alpino-x86_64-linux-glibc2.5-git1006-sicstus" date="2023-09-07T13:20" cats="1" skips="0" />
  <node begin="0" cat="top" end="11" id="0" rel="top">
    <node begin="0" cat="smain" end="10" id="1" rel="--">
      <node begin="0" cat="np" end="2" id="2" index="1" rel="su">
        <node begin="0" end="1" frame="determiner(een)" his="normal" his_1="decap" his_1_1="normal" id="3" infl="een" lcat="detp" lemma="een" lwtype="onbep" naamval="stan" npagr="agr" pos="det" postag="LID(onbep,stan,agr)" pt="lid" rel="det" root="een" sense="een" word="Een"/>
        <node begin="1" end="2" frame="noun(de,count,sg)" gen="de" genus="zijd" getal="ev" graad="basis" his="normal" his_1="normal" id="4" lcat="np" lemma="meid" naamval="stan" ntype="soort" num="sg" pos="noun" postag="N(soort,ev,basis,zijd,stan)" pt="n" rel="hd" rnum="sg" root="meid" sense="meid" word="meid"/>
      </node>
      <node begin="2" end="3" frame="verb(unacc,sg_is,passive)" his="normal" his_1="normal" id="5" infl="sg_is" lcat="smain" lemma="zijn" pos="verb" postag="WW(pv,tgw,ev)" pt="ww" pvagr="ev" pvtijd="tgw" rel="hd" root="ben" sc="passive" sense="ben" stype="declarative" tense="present" v_per="thi" word="is" wvorm="pv"/>
      <node begin="0" cat="ppart" end="10" id="6" rel="vc">
        <node begin="0" end="2" id="7" index="1" rel="obj1"/>
        <node begin="3" buiging="zonder" end="4" frame="verb(hebben,psp,transitive)" his="normal" his_1="normal" id="8" infl="psp" lcat="ppart" lemma="maken" pos="verb" positie="vrij" postag="WW(vd,vrij,zonder)" pt="ww" rel="hd" root="maak" sc="transitive" sense="maak" word="gemaakt" wvorm="vd"/>
        <node begin="4" cat="oti" end="10" id="9" rel="mod">
          <node begin="4" end="5" frame="complementizer(om)" his="normal" his_1="normal" id="10" lcat="oti" lemma="om" pos="comp" postag="VZ(init)" pt="vz" rel="cmp" root="om" sc="om" sense="om" vztype="init" word="om"/>
          <node begin="5" cat="ti" end="10" id="11" rel="body">
            <node begin="8" end="9" frame="complementizer(te)" his="normal" his_1="normal" id="12" lcat="ti" lemma="te" pos="comp" postag="VZ(init)" pt="vz" rel="cmp" root="te" sc="te" sense="te" vztype="init" word="te"/>
            <node begin="5" cat="inf" end="10" id="13" rel="body">
              <node begin="5" cat="np" end="7" id="14" rel="obj1">
                <node begin="5" buiging="zonder" end="6" frame="determiner(pron)" getal="ev" his="normal" his_1="normal" id="15" infl="pron" lcat="detp" lemma="je" naamval="stan" npagr="agr" pdtype="det" persoon="2v" pos="det" positie="prenom" postag="VNW(bez,det,stan,red,2v,ev,prenom,zonder,agr)" pron="true" pt="vnw" rel="det" root="je" sense="je" status="red" vwtype="bez" word="je"/>
                <node begin="6" end="7" frame="noun(het,count,sg)" gen="het" genus="onz" getal="ev" graad="basis" his="normal" his_1="normal" id="16" lcat="np" lemma="huis" naamval="stan" ntype="soort" num="sg" pos="noun" postag="N(soort,ev,basis,onz,stan)" pt="n" rel="hd" rnum="sg" root="huis" sense="huis" word="huis"/>
              </node>
              <node begin="7" buiging="zonder" end="8" frame="particle(schoon)" graad="basis" his="normal" his_1="normal" id="17" lcat="part" lemma="schoon" pos="part" positie="vrij" postag="ADJ(vrij,basis,zonder)" pt="adj" rel="svp" root="schoon" sense="schoon" word="schoon"/>
              <node begin="9" buiging="zonder" end="10" frame="verb(hebben,inf,part_transitive(schoon))" his="normal" his_1="normal" id="18" infl="inf" lcat="inf" lemma="schoon_maken" pos="verb" positie="vrij" postag="WW(inf,vrij,zonder)" pt="ww" rel="hd" root="maak_schoon" sc="part_transitive(schoon)" sense="maak_schoon" word="maken" wvorm="inf"/>
            </node>
          </node>
        </node>
      </node>
    </node>
    <node begin="10" end="11" frame="punct(punt)" his="normal" his_1="normal" id="19" lcat="punct" lemma="." pos="punct" postag="LET()" pt="let" rel="--" root="." sense="." special="punt" word="."/>
  </node>
  <sentence sentid="828">Een meid is gemaakt om je huis schoon te maken .</sentence>
  <comments>
    <comment>Q#828|Een meid is gemaakt om je huis schoon te maken .|1|1|-7.7979537776</comment>
  </comments>
</alpino_ds>
