<?xml version="1.0" encoding="UTF-8"?>
<alpino_ds version="1.15">
  <parser build="Alpino-x86_64-linux-glibc2.5-git1006-sicstus" date="2023-09-07T13:20" cats="1" skips="0" />
  <node begin="0" cat="top" end="14" id="0" rel="top">
    <node begin="4" end="5" frame="punct(komma)" his="normal" his_1="normal" id="1" lcat="punct" lemma="," pos="punct" postag="LET()" pt="let" rel="--" root="," sense="," special="komma" word=","/>
    <node begin="11" end="12" frame="punct(komma)" his="normal" his_1="normal" id="2" lcat="punct" lemma="," pos="punct" postag="LET()" pt="let" rel="--" root="," sense="," special="komma" word=","/>
    <node begin="0" cat="smain" end="13" id="3" rel="--">
      <node begin="0" cat="np" end="11" id="4" rel="su">
        <node begin="0" cat="mwu" end="3" his="normal" his_1="decap" his_1_1="normal" id="5" rel="mod">
          <node aform="base" begin="0" end="1" frame="adjective(e)" id="6" infl="e" lcat="ap" lemma="één" naamval="stan" numtype="hoofd" pos="adj" positie="prenom" postag="TW(hoofd,prenom,stan)" pt="tw" rel="mwp" root="een" sense="een" vform="adj" word="Een"/>
          <node aform="base" begin="1" conjtype="neven" end="2" frame="adjective(e)" id="7" infl="e" lcat="ap" lemma="of" pos="adj" postag="VG(neven)" pt="vg" rel="mwp" root="of" sense="of" vform="adj" word="of"/>
          <node aform="base" begin="2" buiging="zonder" end="3" frame="adjective(e)" graad="basis" id="8" infl="e" lcat="ap" lemma="ander" pos="adj" positie="prenom" postag="ADJ(prenom,basis,zonder)" pt="adj" rel="mwp" root="ander" sense="ander" vform="adj" word="andere"/>
        </node>
        <node begin="3" end="4" frame="noun(de,count,sg)" gen="de" genus="zijd" getal="ev" graad="basis" his="normal" his_1="normal" id="9" lcat="np" lemma="jongen" naamval="stan" ntype="soort" num="sg" pos="noun" postag="N(soort,ev,basis,zijd,stan)" pt="n" rel="hd" rnum="sg" root="jongen" sense="jongen" word="jongen"/>
        <node begin="5" cat="np" end="11" id="10" rel="app">
          <node begin="5" end="6" frame="determiner(de)" his="normal" his_1="normal" id="11" infl="de" lcat="detp" lemma="de" lwtype="bep" naamval="stan" npagr="rest" pos="det" postag="LID(bep,stan,rest)" pt="lid" rel="det" root="de" sense="de" word="de"/>
          <node begin="6" end="7" frame="noun(de,count,sg)" gen="de" genus="zijd" getal="ev" graad="basis" his="normal" his_1="normal" id="12" lcat="np" lemma="broer" naamval="stan" ntype="soort" num="sg" pos="noun" postag="N(soort,ev,basis,zijd,stan)" pt="n" rel="hd" rnum="sg" root="broer" sense="broer" word="broer"/>
          <node begin="7" cat="rel" end="11" id="13" rel="mod">
            <node begin="7" cat="pp" end="9" id="14" index="1" rel="rhd">
              <node begin="7" end="8" frame="preposition(van,[af,uit,vandaan,[af,aan]])" his="normal" his_1="normal" id="15" lcat="pp" lemma="van" pos="prep" postag="VZ(init)" pt="vz" rel="hd" root="van" sense="van" vztype="init" word="van"/>
              <node begin="8" case="obl" end="9" frame="rel_pronoun(both,obl)" gen="both" getal="getal" his="normal" his_1="normal" id="16" lcat="np" lemma="wie" naamval="stan" pdtype="pron" persoon="3p" pos="pron" postag="VNW(vb,pron,stan,vol,3p,getal)" pt="vnw" rel="obj1" rnum="sg" root="wie" sense="wie" status="vol" vwtype="vb" wh="rel" word="wie"/>
            </node>
            <node begin="7" cat="ssub" end="11" id="17" rel="body">
              <node begin="7" end="9" id="18" index="1" rel="pc"/>
              <node begin="9" end="10" frame="proper_name(sg,'PER')" genus="zijd" getal="ev" graad="basis" his="normal" his_1="names_dictionary" id="19" lcat="np" lemma="Mary" naamval="stan" neclass="PER" ntype="eigen" num="sg" pos="name" postag="N(eigen,ev,basis,zijd,stan)" pt="n" rel="su" rnum="sg" root="Mary" sense="Mary" word="Mary"/>
              <node begin="10" end="11" frame="verb(hebben,sg3,pc_pp(van))" his="normal" his_1="normal" id="20" infl="sg3" lcat="ssub" lemma="houden" pos="verb" postag="WW(pv,tgw,met-t)" pt="ww" pvagr="met-t" pvtijd="tgw" rel="hd" root="houd" sc="pc_pp(van)" sense="houd-van" tense="present" v_per="thi" word="houdt" wvorm="pv"/>
            </node>
          </node>
        </node>
      </node>
      <node begin="12" end="13" frame="verb('hebben/zijn',past(sg),intransitive)" his="normal" his_1="normal" id="21" infl="sg" lcat="smain" lemma="lopen" pos="verb" postag="WW(pv,verl,ev)" pt="ww" pvagr="ev" pvtijd="verl" rel="hd" root="loop" sc="intransitive" sense="loop" stype="declarative" tense="past" v_per="thi" word="liep" wvorm="pv"/>
    </node>
    <node begin="13" end="14" frame="punct(punt)" his="normal" his_1="normal" id="22" lcat="punct" lemma="." pos="punct" postag="LET()" pt="let" rel="--" root="." sense="." special="punt" word="."/>
  </node>
  <sentence sentid="841">Een of andere jongen , de broer van wie Mary houdt , liep .</sentence>
  <comments>
    <comment>Q#841|Een of andere jongen , de broer van wie Mary houdt , liep .|1|1|-2.4368061196000013</comment>
  </comments>
</alpino_ds>
