<?xml version="1.0" encoding="UTF-8"?>
<alpino_ds version="1.15">
  <parser build="Alpino-x86_64-linux-glibc2.5-git1006-sicstus" date="2023-09-07T13:20" cats="1" skips="0" />
  <node begin="0" cat="top" end="8" id="0" rel="top">
    <node begin="0" cat="smain" end="7" id="1" rel="--">
      <node begin="0" cat="np" end="4" id="2" rel="su">
        <node begin="0" cat="mwu" end="3" his="normal" his_1="decap" his_1_1="normal" id="3" rel="mod">
          <node aform="base" begin="0" end="1" frame="adjective(e)" id="4" infl="e" lcat="ap" lemma="één" naamval="stan" numtype="hoofd" pos="adj" positie="prenom" postag="TW(hoofd,prenom,stan)" pt="tw" rel="mwp" root="een" sense="een" vform="adj" word="Een"/>
          <node aform="base" begin="1" conjtype="neven" end="2" frame="adjective(e)" id="5" infl="e" lcat="ap" lemma="of" pos="adj" postag="VG(neven)" pt="vg" rel="mwp" root="of" sense="of" vform="adj" word="of"/>
          <node aform="base" begin="2" buiging="zonder" end="3" frame="adjective(e)" graad="basis" id="6" infl="e" lcat="ap" lemma="ander" pos="adj" positie="prenom" postag="ADJ(prenom,basis,zonder)" pt="adj" rel="mwp" root="ander" sense="ander" vform="adj" word="andere"/>
        </node>
        <node begin="3" end="4" frame="noun(de,count,sg)" gen="de" genus="zijd" getal="ev" graad="basis" his="normal" his_1="normal" id="7" lcat="np" lemma="republikein" naamval="stan" ntype="soort" num="sg" pos="noun" postag="N(soort,ev,basis,zijd,stan)" pt="n" rel="hd" rnum="sg" root="republikein" sense="republikein" word="republikein"/>
      </node>
      <node begin="4" end="5" frame="verb(hebben,past(sg),transitive)" his="normal" his_1="normal" id="8" infl="sg" lcat="smain" lemma="betreden" pos="verb" postag="WW(pv,verl,ev)" pt="ww" pvagr="ev" pvtijd="verl" rel="hd" root="betreed" sc="transitive" sense="betreed" stype="declarative" tense="past" v_per="thi" word="betrad" wvorm="pv"/>
      <node begin="5" cat="np" end="7" id="9" rel="obj1">
        <node begin="5" end="6" frame="determiner(de)" his="normal" his_1="normal" id="10" infl="de" lcat="detp" lemma="de" lwtype="bep" naamval="stan" npagr="rest" pos="det" postag="LID(bep,stan,rest)" pt="lid" rel="det" root="de" sense="de" word="de"/>
        <node begin="6" end="7" frame="tmp_noun(de,count,sg)" gen="de" genus="zijd" getal="ev" graad="basis" his="normal" his_1="normal" id="11" lcat="np" lemma="race" naamval="stan" ntype="soort" num="sg" pos="noun" postag="N(soort,ev,basis,zijd,stan)" pt="n" rel="hd" rnum="sg" root="race" sense="race" special="tmp" word="race"/>
      </node>
    </node>
    <node begin="7" end="8" frame="punct(punt)" his="normal" his_1="normal" id="12" lcat="punct" lemma="." pos="punct" postag="LET()" pt="let" rel="--" root="." sense="." special="punt" word="."/>
  </node>
  <sentence sentid="846">Een of andere republikein betrad de race .</sentence>
  <comments>
    <comment>Q#846|Een of andere republikein betrad de race .|1|1|-1.3695780798</comment>
  </comments>
</alpino_ds>
