<?xml version="1.0" encoding="UTF-8"?>
<alpino_ds version="1.15">
  <parser build="Alpino-x86_64-linux-glibc2.5-git1006-sicstus" date="2023-09-07T13:20" cats="1" skips="0" />
  <node begin="0" cat="top" end="9" id="0" rel="top">
    <node begin="0" cat="smain" end="8" id="1" rel="--">
      <node begin="0" cat="np" end="3" id="2" index="1" rel="su">
        <node begin="0" end="1" frame="determiner(een)" his="normal" his_1="decap" his_1_1="normal" id="3" infl="een" lcat="detp" lemma="een" lwtype="onbep" naamval="stan" npagr="agr" pos="det" postag="LID(onbep,stan,agr)" pt="lid" rel="det" root="een" sense="een" word="Een"/>
        <node aform="base" begin="1" buiging="zonder" end="2" frame="adjective(ge_no_e(adv))" his="normal" his_1="normal" id="4" infl="no_e" lcat="ppart" lemma="onthoofden" pos="adj" positie="prenom" postag="WW(vd,prenom,zonder)" pt="ww" rel="mod" root="onthoofden" sense="onthoofden" vform="psp" word="onthoofd" wvorm="vd"/>
        <node begin="2" end="3" frame="noun(het,count,sg)" gen="het" genus="onz" getal="ev" graad="basis" his="normal" his_1="normal" id="5" lcat="np" lemma="lijk" naamval="stan" ntype="soort" num="sg" pos="noun" postag="N(soort,ev,basis,onz,stan)" pt="n" rel="hd" rnum="sg" root="lijk" sense="lijk" word="lijk"/>
      </node>
      <node begin="3" end="4" frame="verb(unacc,past(sg),passive)" his="normal" his_1="normal" id="6" infl="sg" lcat="smain" lemma="zijn" pos="verb" postag="WW(pv,verl,ev)" pt="ww" pvagr="ev" pvtijd="verl" rel="hd" root="ben" sc="passive" sense="ben" stype="declarative" tense="past" v_per="thi" word="was" wvorm="pv"/>
      <node begin="0" cat="ppart" end="8" id="7" rel="vc">
        <node begin="0" end="3" id="8" index="1" rel="obj1"/>
        <node begin="4" buiging="zonder" end="5" frame="verb(hebben,psp,np_ld_pp)" his="normal" his_1="normal" id="9" infl="psp" lcat="ppart" lemma="begraven" pos="verb" positie="vrij" postag="WW(vd,vrij,zonder)" pt="ww" rel="hd" root="begraaf" sc="np_ld_pp" sense="begraaf" word="begraven" wvorm="vd"/>
        <node begin="5" cat="pp" end="8" id="10" rel="ld">
          <node begin="5" end="6" frame="preposition(op,[af,na])" his="normal" his_1="normal" id="11" lcat="pp" lemma="op" pos="prep" postag="VZ(init)" pt="vz" rel="hd" root="op" sense="op" vztype="init" word="op"/>
          <node begin="6" cat="np" end="8" id="12" rel="obj1">
            <node begin="6" buiging="zonder" end="7" frame="determiner(pron)" getal="ev" his="normal" his_1="normal" id="13" infl="pron" lcat="detp" lemma="zijn" naamval="stan" npagr="agr" pdtype="det" persoon="3" pos="det" positie="prenom" postag="VNW(bez,det,stan,vol,3,ev,prenom,zonder,agr)" pron="true" pt="vnw" rel="det" root="zijn" sense="zijn" status="vol" vwtype="bez" word="zijn"/>
            <node begin="7" end="8" frame="noun(de,count,sg)" gen="de" genus="zijd" getal="ev" graad="basis" his="normal" his_1="normal" id="14" lcat="np" lemma="eet_kamer" naamval="stan" ntype="soort" num="sg" pos="noun" postag="N(soort,ev,basis,zijd,stan)" pt="n" rel="hd" rnum="sg" root="eet_kamer" sense="eet_kamer" word="eetkamer"/>
          </node>
        </node>
      </node>
    </node>
    <node begin="8" end="9" frame="punct(punt)" his="normal" his_1="normal" id="15" lcat="punct" lemma="." pos="punct" postag="LET()" pt="let" rel="--" root="." sense="." special="punt" word="."/>
  </node>
  <sentence sentid="849">Een onthoofd lijk was begraven op zijn eetkamer .</sentence>
  <comments>
    <comment>Q#849|Een onthoofd lijk was begraven op zijn eetkamer .|1|1|-4.0182551349</comment>
  </comments>
</alpino_ds>
