<?xml version="1.0" encoding="UTF-8"?>
<alpino_ds version="1.15">
  <parser build="Alpino-x86_64-linux-glibc2.5-git1006-sicstus" date="2023-09-07T13:20" cats="1" skips="0" />
  <node begin="0" cat="top" end="8" id="0" rel="top">
    <node begin="0" cat="smain" end="7" id="1" rel="--">
      <node begin="0" cat="np" end="3" id="2" rel="su">
        <node begin="0" cat="np" end="2" his="normal" his_1="decap" his_1_1="normal" id="3" rel="det">
          <node begin="0" end="1" frame="determiner(een)" id="4" infl="een" lcat="detp" lemma="een" lwtype="onbep" naamval="stan" npagr="agr" pos="det" postag="LID(onbep,stan,agr)" pt="lid" rel="det" root="een" sense="een" word="Een"/>
          <node begin="1" end="2" frame="noun(both,both,sg)" gen="both" genus="onz" getal="ev" graad="basis" id="5" lcat="np" lemma="paar" naamval="stan" ntype="soort" num="sg" pos="noun" postag="N(soort,ev,basis,onz,stan)" pt="n" rel="hd" root="paar" sense="paar" word="paar"/>
        </node>
        <node aform="base" begin="2" buiging="met-e" end="3" frame="ge_nominalized_adjective" getal-n="mv-n" his="normal" his_1="A-n" id="6" lcat="np" lemma="af_vaardigen" num="pl" personalized="true" pos="adj" positie="nom" postag="WW(vd,nom,met-e,mv-n)" pt="ww" rel="hd" rnum="pl" root="af_vaardigen" sense="af_vaardigen" special="a_noun" word="afgevaardigden" wvorm="vd"/>
      </node>
      <node begin="3" end="4" frame="verb(hebben,past(pl),part_transitive(af))" his="normal" his_1="normal" id="7" infl="pl" lcat="smain" lemma="af_hebben" pos="verb" postag="WW(pv,verl,mv)" pt="ww" pvagr="mv" pvtijd="verl" rel="hd" root="heb_af" sc="part_transitive(af)" sense="heb_af" stype="declarative" tense="past" v_per="thi" word="hadden" wvorm="pv"/>
      <node begin="4" cat="np" end="6" id="8" rel="obj1">
        <node begin="4" end="5" frame="determiner(de)" his="normal" his_1="normal" id="9" infl="de" lcat="detp" lemma="de" lwtype="bep" naamval="stan" npagr="rest" pos="det" postag="LID(bep,stan,rest)" pt="lid" rel="det" root="de" sense="de" word="de"/>
        <node begin="5" end="6" frame="noun(de,count,sg)" gen="de" genus="zijd" getal="ev" graad="basis" his="normal" his_1="normal" id="10" lcat="np" lemma="vraag_lijst" naamval="stan" ntype="soort" num="sg" pos="noun" postag="N(soort,ev,basis,zijd,stan)" pt="n" rel="hd" rnum="sg" root="vraag_lijst" sense="vraag_lijst" word="vragenlijst"/>
      </node>
      <node begin="6" end="7" frame="particle(af)" his="normal" his_1="normal" id="11" lcat="part" lemma="af" pos="part" postag="VZ(fin)" pt="vz" rel="svp" root="af" sense="af" vztype="fin" word="af"/>
    </node>
    <node begin="7" end="8" frame="punct(punt)" his="normal" his_1="normal" id="12" lcat="punct" lemma="." pos="punct" postag="LET()" pt="let" rel="--" root="." sense="." special="punt" word="."/>
  </node>
  <sentence sentid="856">Een paar afgevaardigden hadden de vragenlijst af .</sentence>
  <comments>
    <comment>Q#856|Een paar afgevaardigden hadden de vragenlijst af .|1|1|-3.0167935801000003</comment>
  </comments>
</alpino_ds>
