<?xml version="1.0" encoding="UTF-8"?>
<alpino_ds version="1.15">
  <parser build="Alpino-x86_64-linux-glibc2.5-git1006-sicstus" date="2023-09-07T13:20" cats="1" skips="0" />
  <node begin="0" cat="top" end="8" id="0" rel="top">
    <node begin="0" cat="smain" end="7" id="1" rel="--">
      <node begin="0" cat="np" end="3" id="2" index="1" rel="su">
        <node begin="0" cat="np" end="2" his="normal" his_1="decap" his_1_1="normal" id="3" rel="det">
          <node begin="0" end="1" frame="determiner(een)" id="4" infl="een" lcat="detp" lemma="een" lwtype="onbep" naamval="stan" npagr="agr" pos="det" postag="LID(onbep,stan,agr)" pt="lid" rel="det" root="een" sense="een" word="Een"/>
          <node begin="1" end="2" frame="noun(both,both,sg)" gen="both" genus="onz" getal="ev" graad="basis" id="5" lcat="np" lemma="paar" naamval="stan" ntype="soort" num="sg" pos="noun" postag="N(soort,ev,basis,onz,stan)" pt="n" rel="hd" root="paar" sense="paar" word="paar"/>
        </node>
        <node begin="2" end="3" frame="noun(both,count,pl)" gen="both" getal="mv" graad="basis" his="normal" his_1="normal" id="6" lcat="np" lemma="getuige" ntype="soort" num="pl" pos="noun" postag="N(soort,mv,basis)" pt="n" rel="hd" rnum="pl" root="getuige" sense="getuige" word="getuigen"/>
      </node>
      <node begin="3" end="4" frame="verb(hebben,pl,vp)" his="normal" his_1="normal" id="7" infl="pl" lcat="smain" lemma="beweren" pos="verb" postag="WW(pv,tgw,mv)" pt="ww" pvagr="mv" pvtijd="tgw" rel="hd" root="beweer" sc="vp" sense="beweer" stype="declarative" tense="present" v_per="thi" word="beweren" wvorm="pv"/>
      <node begin="0" cat="ti" end="7" id="8" rel="vc">
        <node begin="5" end="6" frame="complementizer(te)" his="normal" his_1="normal" id="9" lcat="ti" lemma="te" pos="comp" postag="VZ(init)" pt="vz" rel="cmp" root="te" sc="te" sense="te" vztype="init" word="te"/>
        <node begin="0" cat="inf" end="7" id="10" rel="body">
          <node begin="0" end="3" id="11" index="1" rel="su"/>
          <node begin="4" end="5" frame="noun(het,mass,sg)" gen="het" getal="ev" his="normal" his_1="normal" id="12" lcat="np" lemma="alles" naamval="stan" num="sg" pdtype="pron" persoon="3o" pos="noun" postag="VNW(onbep,pron,stan,vol,3o,ev)" pt="vnw" rel="obj1" rnum="sg" root="alles" sense="alles" status="vol" vwtype="onbep" word="alles"/>
          <node begin="6" buiging="zonder" end="7" frame="verb(hebben,inf,transitive)" his="normal" his_1="normal" id="13" infl="inf" lcat="inf" lemma="weten" pos="verb" positie="vrij" postag="WW(inf,vrij,zonder)" pt="ww" rel="hd" root="weet" sc="transitive" sense="weet" word="weten" wvorm="inf"/>
        </node>
      </node>
    </node>
    <node begin="7" end="8" frame="punct(punt)" his="normal" his_1="normal" id="14" lcat="punct" lemma="." pos="punct" postag="LET()" pt="let" rel="--" root="." sense="." special="punt" word="."/>
  </node>
  <sentence sentid="869">Een paar getuigen beweren alles te weten .</sentence>
  <comments>
    <comment>Q#869|Een paar getuigen beweren alles te weten .|1|1|-1.2436309328</comment>
  </comments>
</alpino_ds>
