<?xml version="1.0" encoding="UTF-8"?>
<alpino_ds version="1.15">
  <parser build="Alpino-x86_64-linux-glibc2.5-git1006-sicstus" date="2023-09-07T13:20" cats="1" skips="0" />
  <node begin="0" cat="top" end="25" id="0" rel="top">
    <node begin="0" cat="smain" end="24" id="1" rel="--">
      <node begin="0" cat="np" end="3" id="2" rel="su">
        <node begin="0" cat="np" end="2" his="normal" his_1="decap" his_1_1="normal" id="3" rel="det">
          <node begin="0" end="1" frame="determiner(een)" id="4" infl="een" lcat="detp" lemma="een" lwtype="onbep" naamval="stan" npagr="agr" pos="det" postag="LID(onbep,stan,agr)" pt="lid" rel="det" root="een" sense="een" word="Een"/>
          <node begin="1" end="2" frame="noun(both,both,sg)" gen="both" genus="onz" getal="ev" graad="basis" id="5" lcat="np" lemma="paar" naamval="stan" ntype="soort" num="sg" pos="noun" postag="N(soort,ev,basis,onz,stan)" pt="n" rel="hd" root="paar" sense="paar" word="paar"/>
        </node>
        <node begin="2" end="3" frame="noun(de,count,pl)" gen="de" getal="mv" graad="basis" his="normal" his_1="normal" id="6" lcat="np" lemma="klarinettist" ntype="soort" num="pl" pos="noun" postag="N(soort,mv,basis)" pt="n" rel="hd" rnum="pl" root="klarinettist" sense="klarinettist" word="klarinettisten"/>
      </node>
      <node begin="3" end="4" frame="verb(hebben,pl,transitive)" his="normal" his_1="normal" id="7" infl="pl" lcat="smain" lemma="gebruiken" pos="verb" postag="WW(pv,tgw,mv)" pt="ww" pvagr="mv" pvtijd="tgw" rel="hd" root="gebruik" sc="transitive" sense="gebruik" stype="declarative" tense="present" v_per="thi" word="gebruiken" wvorm="pv"/>
      <node begin="4" cat="np" end="10" id="8" rel="obj1">
        <node begin="4" end="5" frame="meas_mod_noun(de,count,pl)" gen="de" getal="mv" graad="basis" his="normal" his_1="normal" id="9" lcat="np" lemma="noot" ntype="soort" num="pl" pos="noun" postag="N(soort,mv,basis)" pt="n" rel="hd" rnum="pl" root="noot" sense="noot" special="meas_mod" word="noten"/>
        <node begin="5" cat="rel" end="10" id="10" rel="mod">
          <node begin="5" case="no_obl" end="6" frame="rel_pronoun(de,no_obl)" gen="de" getal="getal" his="normal" his_1="normal" id="11" index="1" lcat="np" lemma="die" naamval="stan" pdtype="pron" persoon="persoon" pos="pron" postag="VNW(betr,pron,stan,vol,persoon,getal)" pt="vnw" rel="rhd" rnum="pl" root="die" sense="die" status="vol" vwtype="betr" wh="rel" word="die"/>
          <node begin="5" cat="ssub" end="10" id="12" rel="body">
            <node begin="5" end="6" id="13" index="1" rel="su"/>
            <node begin="6" end="7" frame="verb(unacc,pl,passive)" his="normal" his_1="normal" id="14" infl="pl" lcat="ssub" lemma="zijn" pos="verb" postag="WW(pv,tgw,mv)" pt="ww" pvagr="mv" pvtijd="tgw" rel="hd" root="ben" sc="passive" sense="ben" tense="present" v_per="thi" word="zijn" wvorm="pv"/>
            <node begin="5" cat="ppart" end="10" id="15" rel="vc">
              <node begin="5" end="6" id="16" index="1" rel="obj1"/>
              <node begin="7" buiging="zonder" end="8" frame="verb(hebben,psp,transitive)" his="normal" his_1="normal" id="17" infl="psp" lcat="ppart" lemma="stemmen" pos="verb" positie="vrij" postag="WW(vd,vrij,zonder)" pt="ww" rel="hd" root="stem" sc="transitive" sense="stem" word="gestemd" wvorm="vd"/>
              <node begin="8" cat="pp" end="10" id="18" rel="mod">
                <node begin="8" end="9" frame="preposition(op,[af,na])" his="normal" his_1="normal" id="19" lcat="pp" lemma="op" pos="prep" postag="VZ(init)" pt="vz" rel="hd" root="op" sense="op" vztype="init" word="op"/>
                <node begin="9" end="10" frame="noun(de,count,sg)" gen="de" genus="zijd" getal="ev" graad="basis" his="normal" his_1="normal" id="20" lcat="np" lemma="a" naamval="stan" ntype="soort" num="sg" pos="noun" postag="N(soort,ev,basis,zijd,stan)" pt="n" rel="obj1" rnum="sg" root="a" sense="a" word="a"/>
              </node>
            </node>
          </node>
        </node>
      </node>
      <node begin="10" cat="pp" end="14" id="21" rel="mod">
        <node begin="10" cat="mwu" end="13" his="normal" his_1="normal" id="22" rel="hd">
          <node begin="10" end="11" frame="preposition([in,plaats,van],[])" id="23" lcat="pp" lemma="in" pos="prep" postag="VZ(init)" pt="vz" rel="mwp" root="in" sense="in" vztype="init" word="in"/>
          <node begin="11" end="12" frame="preposition([in,plaats,van],[])" genus="zijd" getal="ev" graad="basis" id="24" lcat="pp" lemma="plaats" naamval="stan" ntype="soort" pos="prep" postag="N(soort,ev,basis,zijd,stan)" pt="n" rel="mwp" root="plaats" sense="plaats" word="plaats"/>
          <node begin="12" end="13" frame="preposition([in,plaats,van],[])" id="25" lcat="pp" lemma="van" pos="prep" postag="VZ(init)" pt="vz" rel="mwp" root="van" sense="van" vztype="init" word="van"/>
        </node>
        <node begin="13" end="14" frame="noun(de,count,sg)" gen="de" genus="zijd" getal="ev" graad="basis" his="normal" his_1="normal" id="26" lcat="np" lemma="bes" naamval="stan" ntype="soort" num="sg" pos="noun" postag="N(soort,ev,basis,zijd,stan)" pt="n" rel="obj1" rnum="sg" root="bes" sense="bes" word="bes"/>
      </node>
      <node begin="14" cat="pp" end="24" id="27" rel="mod">
        <node begin="14" end="15" frame="preposition(in,[])" his="normal" his_1="normal" id="28" lcat="pp" lemma="in" pos="prep" postag="VZ(init)" pt="vz" rel="hd" root="in" sense="in" vztype="init" word="in"/>
        <node begin="15" cat="np" end="24" id="29" rel="obj1">
          <node begin="15" end="16" frame="noun(de,count,pl)" gen="de" getal="mv" graad="basis" his="normal" his_1="normal" id="30" lcat="np" lemma="passage" ntype="soort" num="pl" pos="noun" postag="N(soort,mv,basis)" pt="n" rel="hd" rnum="pl" root="passage" sense="passage" word="passages"/>
          <node begin="16" cat="rel" end="24" id="31" rel="mod">
            <node begin="16" case="no_obl" end="17" frame="rel_pronoun(de,no_obl)" gen="de" getal="getal" his="normal" his_1="normal" id="32" index="2" lcat="np" lemma="die" naamval="stan" pdtype="pron" persoon="persoon" pos="pron" postag="VNW(betr,pron,stan,vol,persoon,getal)" pt="vnw" rel="rhd" rnum="pl" root="die" sense="die" status="vol" vwtype="betr" wh="rel" word="die"/>
            <node begin="16" cat="ssub" end="24" id="33" rel="body">
              <node begin="16" end="17" id="34" index="2" rel="su"/>
              <node begin="21" end="22" frame="verb(hebben,past(pl),aux(inf))" his="normal" his_1="normal" id="35" infl="pl" lcat="ssub" lemma="zullen" pos="verb" postag="WW(pv,verl,mv)" pt="ww" pvagr="mv" pvtijd="verl" rel="hd" root="zal" sc="aux(inf)" sense="zal" tense="past" v_per="thi" word="zouden" wvorm="pv"/>
              <node begin="16" cat="inf" end="24" id="36" rel="vc">
                <node begin="16" end="17" id="37" index="2" rel="su"/>
                <node begin="22" buiging="zonder" end="23" frame="verb(unacc,inf,passive)" his="normal" his_1="normal" id="38" infl="inf" lcat="inf" lemma="zijn" pos="verb" positie="vrij" postag="WW(inf,vrij,zonder)" pt="ww" rel="hd" root="ben" sc="passive" sense="ben" word="zijn" wvorm="inf"/>
                <node begin="16" cat="ppart" end="24" id="39" rel="vc">
                  <node begin="16" end="17" id="40" index="2" rel="obj1"/>
                  <node aform="compar" begin="17" end="18" frame="adjective(anders)" his="normal" his_1="normal" id="41" infl="anders" lcat="ap" lemma="anders" pos="adj" postag="BW()" pt="bw" rel="mod" root="anders" sense="anders" vform="adj" word="anders"/>
                  <node begin="18" cat="pp" end="21" id="42" rel="mod">
                    <node begin="18" end="19" frame="preposition(in,[])" his="normal" his_1="normal" id="43" lcat="pp" lemma="in" pos="prep" postag="VZ(init)" pt="vz" rel="hd" root="in" sense="in" vztype="init" word="in"/>
                    <node begin="19" cat="np" end="21" id="44" rel="obj1">
                      <node aform="base" begin="19" buiging="met-e" end="20" frame="adjective(e)" graad="basis" his="normal" his_1="normal" id="45" infl="e" lcat="ap" lemma="ongebruikelijk" naamval="stan" pos="adj" positie="prenom" postag="ADJ(prenom,basis,met-e,stan)" pt="adj" rel="mod" root="ongebruikelijk" sense="ongebruikelijk" vform="adj" word="ongebruikelijke"/>
                      <node begin="20" end="21" frame="noun(both,count,pl)" gen="both" getal="mv" graad="basis" his="compound" his_1="2" id="46" lcat="np" lemma="toon_soort" ntype="soort" num="pl" pos="noun" postag="N(soort,mv,basis)" pt="n" rel="hd" rnum="pl" root="toon_soort" sense="toon_soort" word="toonsoorten"/>
                    </node>
                  </node>
                  <node begin="23" buiging="zonder" end="24" frame="verb(hebben,psp,transitive)" his="normal" his_1="normal" id="47" infl="psp" lcat="ppart" lemma="schrijven" pos="verb" positie="vrij" postag="WW(vd,vrij,zonder)" pt="ww" rel="hd" root="schrijf" sc="transitive" sense="schrijf" word="geschreven" wvorm="vd"/>
                </node>
              </node>
            </node>
          </node>
        </node>
      </node>
    </node>
    <node begin="24" end="25" frame="punct(punt)" his="normal" his_1="normal" id="48" lcat="punct" lemma="." pos="punct" postag="LET()" pt="let" rel="--" root="." sense="." special="punt" word="."/>
  </node>
  <sentence sentid="882">Een paar klarinettisten gebruiken noten die zijn gestemd op a in plaats van bes in passages die anders in ongebruikelijke toonsoorten zouden zijn geschreven .</sentence>
  <comments>
    <comment>Q#882|Een paar klarinettisten gebruiken noten die zijn gestemd op a in plaats van bes in passages die anders in ongebruikelijke toonsoorten zouden zijn geschreven .|1|1|-3.930161202199994</comment>
  </comments>
</alpino_ds>
