<?xml version="1.0" encoding="UTF-8"?>
<alpino_ds version="1.15">
  <parser build="Alpino-x86_64-linux-glibc2.5-git1006-sicstus" date="2023-09-07T13:17" cats="1" skips="0" />
  <node begin="0" cat="top" end="6" id="0" rel="top">
    <node begin="0" cat="smain" end="5" id="1" rel="--">
      <node begin="0" cat="np" end="3" id="2" rel="su">
        <node begin="0" cat="detp" end="2" id="3" rel="det">
          <node begin="0" buiging="zonder" end="1" frame="pre_det_quant(al)" his="normal" his_1="decap" his_1_1="normal" id="4" infl="al" lcat="detp" lemma="al" naamval="stan" pdtype="det" pos="det" positie="vrij" postag="VNW(onbep,det,stan,vrij,zonder)" pt="vnw" rel="mod" root="al" sense="al" special="pre_det_quant" vwtype="onbep" word="Al"/>
          <node begin="1" buiging="zonder" end="2" frame="determiner(pron)" getal="ev" his="normal" his_1="normal" id="5" infl="pron" lcat="detp" lemma="mijn" naamval="stan" npagr="agr" pdtype="det" persoon="1" pos="det" positie="prenom" postag="VNW(bez,det,stan,vol,1,ev,prenom,zonder,agr)" pron="true" pt="vnw" rel="hd" root="mijn" sense="mijn" status="vol" vwtype="bez" word="mijn"/>
        </node>
        <node begin="2" end="3" frame="noun(de,count,pl)" gen="de" getal="mv" graad="basis" his="normal" his_1="normal" id="6" lcat="np" lemma="broer" ntype="soort" num="pl" pos="noun" postag="N(soort,mv,basis)" pt="n" rel="hd" rnum="pl" root="broer" sense="broer" word="broers"/>
      </node>
      <node begin="3" end="4" frame="verb(hebben,pl,transitive_ndev)" his="normal" his_1="normal" id="7" infl="pl" lcat="smain" lemma="hebben" pos="verb" postag="WW(pv,tgw,mv)" pt="ww" pvagr="mv" pvtijd="tgw" rel="hd" root="heb" sc="transitive_ndev" sense="heb" stype="declarative" tense="present" v_per="thi" word="hebben" wvorm="pv"/>
      <node begin="4" end="5" frame="noun(de,count,pl)" gen="de" getal="mv" graad="basis" his="normal" his_1="normal" id="8" lcat="np" lemma="baan" ntype="soort" num="pl" pos="noun" postag="N(soort,mv,basis)" pt="n" rel="obj1" rnum="pl" root="baan" sense="baan" word="banen"/>
    </node>
    <node begin="5" end="6" frame="punct(punt)" his="normal" his_1="normal" id="9" lcat="punct" lemma="." pos="punct" postag="LET()" pt="let" rel="--" root="." sense="." special="punt" word="."/>
  </node>
  <sentence sentid="9">Al mijn broers hebben banen .</sentence>
  <comments>
    <comment>Q#9|Al mijn broers hebben banen .|1|1|-2.3595985452</comment>
  </comments>
</alpino_ds>
