<?xml version="1.0" encoding="UTF-8"?>
<alpino_ds version="1.15">
  <parser build="Alpino-x86_64-linux-glibc2.5-git1006-sicstus" date="2023-09-07T13:20" cats="1" skips="0" />
  <node begin="0" cat="top" end="11" id="0" rel="top">
    <node begin="0" cat="smain" end="10" id="1" rel="--">
      <node begin="0" cat="np" end="3" id="2" index="1" rel="su">
        <node begin="0" cat="np" end="2" his="normal" his_1="decap" his_1_1="normal" id="3" rel="det">
          <node begin="0" end="1" frame="determiner(een)" id="4" infl="een" lcat="detp" lemma="een" lwtype="onbep" naamval="stan" npagr="agr" pos="det" postag="LID(onbep,stan,agr)" pt="lid" rel="det" root="een" sense="een" word="Een"/>
          <node begin="1" end="2" frame="noun(both,both,sg)" gen="both" genus="onz" getal="ev" graad="basis" id="5" lcat="np" lemma="paar" naamval="stan" ntype="soort" num="sg" pos="noun" postag="N(soort,ev,basis,onz,stan)" pt="n" rel="hd" root="paar" sense="paar" word="paar"/>
        </node>
        <node begin="2" end="3" frame="noun(both,count,pl)" gen="both" getal="mv" graad="basis" his="normal" his_1="normal" id="6" lcat="np" lemma="mens" ntype="soort" num="pl" pos="noun" postag="N(soort,mv,basis)" pt="n" rel="hd" rnum="pl" root="mens" sense="mens" word="mensen"/>
      </node>
      <node begin="3" end="4" frame="verb(hebben,past(pl),aux(inf))" his="normal" his_1="normal" id="7" infl="pl" lcat="smain" lemma="zullen" pos="verb" postag="WW(pv,verl,mv)" pt="ww" pvagr="mv" pvtijd="verl" rel="hd" root="zal" sc="aux(inf)" sense="zal" stype="declarative" tense="past" v_per="thi" word="zouden" wvorm="pv"/>
      <node begin="0" cat="inf" end="10" id="8" rel="vc">
        <node begin="0" end="3" id="9" index="1" rel="su"/>
        <node begin="4" cat="np" end="9" id="10" rel="obj1">
          <node begin="4" end="5" frame="determiner(de)" his="normal" his_1="normal" id="11" infl="de" lcat="detp" lemma="de" lwtype="bep" naamval="stan" npagr="rest" pos="det" postag="LID(bep,stan,rest)" pt="lid" rel="det" root="de" sense="de" word="de"/>
          <node begin="5" end="6" frame="noun(de,count,sg)" gen="de" genus="zijd" getal="ev" graad="basis" his="normal" his_1="normal" id="12" lcat="np" lemma="waarheid" naamval="stan" ntype="soort" num="sg" pos="noun" postag="N(soort,ev,basis,zijd,stan)" pt="n" rel="hd" rnum="sg" root="waarheid" sense="waarheid" word="waarheid"/>
          <node begin="6" cat="pp" end="9" id="13" rel="mod">
            <node begin="6" end="7" frame="preposition(van,[af,uit,vandaan,[af,aan]])" his="normal" his_1="normal" id="14" lcat="pp" lemma="van" pos="prep" postag="VZ(init)" pt="vz" rel="hd" root="van" sense="van" vztype="init" word="van"/>
            <node begin="7" cat="np" end="9" id="15" rel="obj1">
              <node begin="7" buiging="met-e" end="8" frame="determiner(zulke,nwh,nmod,pro,yparg)" his="normal" his_1="normal" id="16" infl="zulke" lcat="detp" lemma="zulk" naamval="stan" npagr="rest" pdtype="det" pos="det" positie="prenom" postag="VNW(aanw,det,stan,prenom,met-e,rest)" pt="vnw" rel="det" root="zulk" sense="zulk" vwtype="aanw" wh="nwh" word="zulke"/>
              <node begin="8" end="9" frame="noun(de,count,pl)" gen="de" getal="mv" graad="basis" his="normal" his_1="normal" id="17" lcat="np" lemma="roddel" ntype="soort" num="pl" pos="noun" postag="N(soort,mv,basis)" pt="n" rel="hd" rnum="pl" root="roddel" sense="roddel" word="roddels"/>
            </node>
          </node>
        </node>
        <node begin="9" buiging="zonder" end="10" frame="verb(hebben,inf,transitive)" his="normal" his_1="normal" id="18" infl="inf" lcat="inf" lemma="betwijfelen" pos="verb" positie="vrij" postag="WW(inf,vrij,zonder)" pt="ww" rel="hd" root="betwijfel" sc="transitive" sense="betwijfel" word="betwijfelen" wvorm="inf"/>
      </node>
    </node>
    <node begin="10" end="11" frame="punct(punt)" his="normal" his_1="normal" id="19" lcat="punct" lemma="." pos="punct" postag="LET()" pt="let" rel="--" root="." sense="." special="punt" word="."/>
  </node>
  <sentence sentid="910">Een paar mensen zouden de waarheid van zulke roddels betwijfelen .</sentence>
  <comments>
    <comment>Q#910|Een paar mensen zouden de waarheid van zulke roddels betwijfelen .|1|1|-3.7912204006000008</comment>
  </comments>
</alpino_ds>
