<?xml version="1.0" encoding="UTF-8"?>
<alpino_ds version="1.15">
  <parser build="Alpino-x86_64-linux-glibc2.5-git1006-sicstus" date="2023-09-07T13:20" cats="1" skips="0" />
  <node begin="0" cat="top" end="13" id="0" rel="top">
    <node begin="0" cat="smain" end="12" id="1" rel="--">
      <node begin="0" cat="np" end="3" id="2" rel="su">
        <node begin="0" cat="np" end="2" his="normal" his_1="decap" his_1_1="normal" id="3" rel="det">
          <node begin="0" end="1" frame="determiner(een)" id="4" infl="een" lcat="detp" lemma="een" lwtype="onbep" naamval="stan" npagr="agr" pos="det" postag="LID(onbep,stan,agr)" pt="lid" rel="det" root="een" sense="een" word="Een"/>
          <node begin="1" end="2" frame="noun(both,both,sg)" gen="both" genus="onz" getal="ev" graad="basis" id="5" lcat="np" lemma="paar" naamval="stan" ntype="soort" num="sg" pos="noun" postag="N(soort,ev,basis,onz,stan)" pt="n" rel="hd" root="paar" sense="paar" word="paar"/>
        </node>
        <node begin="2" end="3" frame="noun(de,count,pl)" gen="de" getal="mv" graad="basis" his="compound" his_1="2" id="6" lcat="np" lemma="roos_bloem" ntype="soort" num="pl" pos="noun" postag="N(soort,mv,basis)" pt="n" rel="hd" rnum="pl" root="roos_bloem" sense="roos_bloem" word="roosbloemen"/>
      </node>
      <node begin="3" end="4" frame="verb(hebben,pl,intransitive)" his="normal" his_1="normal" id="7" infl="pl" lcat="smain" lemma="bloeien" pos="verb" postag="WW(pv,tgw,mv)" pt="ww" pvagr="mv" pvtijd="tgw" rel="hd" root="bloei" sc="intransitive" sense="bloei" stype="declarative" tense="present" v_per="thi" word="bloeien" wvorm="pv"/>
      <node begin="4" cat="pp" end="9" id="8" rel="mod">
        <node begin="4" end="5" frame="preposition(in,[])" his="normal" his_1="normal" id="9" lcat="pp" lemma="in" pos="prep" postag="VZ(init)" pt="vz" rel="hd" root="in" sense="in" vztype="init" word="in"/>
        <node begin="5" cat="conj" end="9" id="10" rel="obj1">
          <node begin="5" cat="np" end="7" id="11" rel="cnj">
            <node begin="5" end="6" frame="determiner(de)" his="normal" his_1="normal" id="12" index="1" infl="de" lcat="detp" lemma="de" lwtype="bep" naamval="stan" npagr="rest" pos="det" postag="LID(bep,stan,rest)" pt="lid" rel="det" root="de" sense="de" word="de"/>
            <node begin="6" end="7" frame="tmp_noun(de,count,sg)" gen="de" genus="zijd" getal="ev" graad="basis" his="normal" his_1="normal" id="13" lcat="np" lemma="lente" naamval="stan" ntype="soort" num="sg" pos="noun" postag="N(soort,ev,basis,zijd,stan)" pt="n" rel="hd" rnum="sg" root="lente" sense="lente" special="tmp" word="lente"/>
          </node>
          <node begin="7" conjtype="neven" end="8" frame="conj(en)" his="normal" his_1="normal" id="14" lcat="vg" lemma="en" pos="vg" postag="VG(neven)" pt="vg" rel="crd" root="en" sense="en" word="en"/>
          <node begin="5" cat="np" end="9" id="15" rel="cnj">
            <node begin="5" end="6" id="16" index="1" rel="det"/>
            <node aform="compar" begin="8" buiging="met-e" end="9" frame="nominalized_compar_adjective" getal-n="mv-n" graad="basis" his="normal" his_1="normal" id="17" lcat="np" lemma="ander" num="pl" personalized="true" pos="adj" positie="nom" postag="ADJ(nom,basis,met-e,mv-n)" pt="adj" rel="hd" rnum="pl" root="ander" sense="ander" special="a_noun" word="anderen"/>
          </node>
        </node>
      </node>
      <node begin="9" cat="pp" end="12" id="18" rel="mod">
        <node begin="9" end="10" frame="preposition(in,[])" his="normal" his_1="normal" id="19" lcat="pp" lemma="in" pos="prep" postag="VZ(init)" pt="vz" rel="hd" root="in" sense="in" vztype="init" word="in"/>
        <node begin="10" cat="np" end="12" id="20" rel="obj1">
          <node begin="10" end="11" frame="determiner(de)" his="normal" his_1="normal" id="21" infl="de" lcat="detp" lemma="de" lwtype="bep" naamval="stan" npagr="rest" pos="det" postag="LID(bep,stan,rest)" pt="lid" rel="det" root="de" sense="de" word="de"/>
          <node begin="11" end="12" frame="tmp_noun(de,count,sg)" gen="de" genus="zijd" getal="ev" graad="basis" his="normal" his_1="normal" id="22" lcat="np" lemma="herfst" naamval="stan" ntype="soort" num="sg" pos="noun" postag="N(soort,ev,basis,zijd,stan)" pt="n" rel="hd" rnum="sg" root="herfst" sense="herfst" special="tmp" word="herfst"/>
        </node>
      </node>
    </node>
    <node begin="12" end="13" frame="punct(punt)" his="normal" his_1="normal" id="23" lcat="punct" lemma="." pos="punct" postag="LET()" pt="let" rel="--" root="." sense="." special="punt" word="."/>
  </node>
  <sentence sentid="918">Een paar roosbloemen bloeien in de lente en anderen in de herfst .</sentence>
  <comments>
    <comment>Q#918|Een paar roosbloemen bloeien in de lente en anderen in de herfst .|1|1|-6.010124888200002</comment>
  </comments>
</alpino_ds>
