<?xml version="1.0" encoding="UTF-8"?>
<alpino_ds version="1.15">
  <parser build="Alpino-x86_64-linux-glibc2.5-git1006-sicstus" date="2023-09-07T13:20" cats="1" skips="0" />
  <node begin="0" cat="top" end="9" id="0" rel="top">
    <node begin="0" cat="smain" end="8" id="1" rel="--">
      <node begin="0" cat="np" end="6" id="2" rel="su">
        <node begin="0" end="1" frame="determiner(een)" id="3" infl="een" lcat="detp" lemma="een" lwtype="onbep" naamval="stan" npagr="agr" pos="det" postag="LID(onbep,stan,agr)" pt="lid" rel="det" root="een" sense="een" word="Een"/>
        <node begin="1" end="2" frame="noun(both,both,sg)" gen="both" genus="onz" getal="ev" graad="basis" id="4" lcat="np" lemma="paar" naamval="stan" ntype="soort" num="sg" pos="noun" postag="N(soort,ev,basis,onz,stan)" pt="n" rel="hd" rnum="pl" root="paar" sense="paar" word="paar"/>
        <node begin="2" cat="pp" end="6" id="5" rel="mod">
          <node begin="2" end="3" frame="preposition(van,[af,uit,vandaan,[af,aan]])" his="normal" his_1="normal" id="6" lcat="pp" lemma="van" pos="prep" postag="VZ(init)" pt="vz" rel="hd" root="van" sense="van" vztype="init" word="van"/>
          <node begin="3" cat="np" end="6" id="7" rel="obj1">
            <node begin="3" buiging="zonder" end="4" frame="determiner(pron)" getal="ev" his="normal" his_1="normal" id="8" infl="pron" lcat="detp" lemma="mijn" naamval="stan" npagr="agr" pdtype="det" persoon="1" pos="det" positie="prenom" postag="VNW(bez,det,stan,vol,1,ev,prenom,zonder,agr)" pron="true" pt="vnw" rel="det" root="mijn" sense="mijn" status="vol" vwtype="bez" word="mijn"/>
            <node aform="super" begin="4" buiging="met-e" end="5" frame="adjective(ste)" graad="sup" his="normal" his_1="normal" id="9" infl="e" lcat="ap" lemma="goed" naamval="stan" pos="adj" positie="prenom" postag="ADJ(prenom,sup,met-e,stan)" pt="adj" rel="mod" root="goed" sense="goed" vform="adj" word="beste"/>
            <node begin="5" end="6" frame="noun(de,count,pl)" gen="de" getal="mv" graad="basis" his="normal" his_1="normal" id="10" lcat="np" lemma="vriend" ntype="soort" num="pl" pos="noun" postag="N(soort,mv,basis)" pt="n" rel="hd" rnum="pl" root="vriend" sense="vriend" word="vrienden"/>
          </node>
        </node>
      </node>
      <node begin="6" end="7" frame="verb(unacc,pl,copula)" his="normal" his_1="normal" id="11" infl="pl" lcat="smain" lemma="zijn" pos="verb" postag="WW(pv,tgw,mv)" pt="ww" pvagr="mv" pvtijd="tgw" rel="hd" root="ben" sc="copula" sense="ben" stype="declarative" tense="present" v_per="thi" word="zijn" wvorm="pv"/>
      <node begin="7" end="8" frame="noun(de,count,pl)" gen="de" getal="mv" graad="basis" his="normal" his_1="normal" id="12" lcat="np" lemma="soldaat" ntype="soort" num="pl" pos="noun" postag="N(soort,mv,basis)" pt="n" rel="predc" rnum="pl" root="soldaat" sense="soldaat" word="soldaten"/>
    </node>
    <node begin="8" end="9" frame="punct(punt)" his="normal" his_1="normal" id="13" lcat="punct" lemma="." pos="punct" postag="LET()" pt="let" rel="--" root="." sense="." special="punt" word="."/>
  </node>
  <sentence sentid="929">Een paar van mijn beste vrienden zijn soldaten .</sentence>
  <comments>
    <comment>Q#929|Een paar van mijn beste vrienden zijn soldaten .|1|1|-3.7547044184</comment>
  </comments>
</alpino_ds>
