<?xml version="1.0" encoding="UTF-8"?>
<alpino_ds version="1.15">
  <parser build="Alpino-x86_64-linux-glibc2.5-git1006-sicstus" date="2023-09-07T13:20" cats="1" skips="0" />
  <node begin="0" cat="top" end="14" id="0" rel="top">
    <node begin="0" cat="smain" end="13" id="1" rel="--">
      <node begin="0" cat="np" end="6" id="2" rel="su">
        <node begin="0" cat="np" end="2" id="3" rel="obj1">
          <node begin="0" end="1" frame="determiner(een)" his="normal" his_1="decap" his_1_1="normal" id="4" infl="een" lcat="detp" lemma="een" lwtype="onbep" naamval="stan" npagr="agr" pos="det" postag="LID(onbep,stan,agr)" pt="lid" rel="det" root="een" sense="een" word="Een"/>
          <node begin="1" end="2" frame="noun(het,count,sg)" gen="het" genus="onz" getal="ev" graad="basis" his="normal" his_1="normal" id="5" lcat="np" lemma="pc" naamval="stan" ntype="soort" num="sg" pos="noun" postag="N(soort,ev,basis,onz,stan)" pt="n" rel="hd" rnum="sg" root="pc" sense="pc" word="pc"/>
        </node>
        <node begin="2" buiging="zonder" end="3" frame="v_noun(np_pc_pp(met))" getal-n="zonder-n" his="normal" his_1="normal" id="6" lcat="np" lemma="verbinden" pos="verb" positie="nom" postag="WW(inf,nom,zonder,zonder-n)" pt="ww" rel="hd" rnum="sg" root="verbind" sc="np_pc_pp(met)" sense="verbind-met" special="v_noun" word="verbinden" wvorm="inf"/>
        <node begin="3" cat="pp" end="6" id="7" rel="pc">
          <node begin="3" end="4" frame="preposition(met,[mee,[en,al]])" his="normal" his_1="normal" id="8" lcat="pp" lemma="met" pos="prep" postag="VZ(init)" pt="vz" rel="hd" root="met" sense="met" vztype="init" word="met"/>
          <node begin="4" cat="np" end="6" id="9" rel="obj1">
            <node begin="4" end="5" frame="determiner(het,nwh,nmod,pro,nparg,wkpro)" his="normal" his_1="normal" id="10" infl="het" lcat="detp" lemma="het" lwtype="bep" naamval="stan" npagr="evon" pos="det" postag="LID(bep,stan,evon)" pt="lid" rel="det" root="het" sense="het" wh="nwh" word="het"/>
            <node begin="5" end="6" frame="noun(het,mass,sg)" gen="het" genus="onz" getal="ev" graad="basis" his="normal" his_1="normal" id="11" lcat="np" lemma="internet" naamval="stan" ntype="soort" num="sg" pos="noun" postag="N(soort,ev,basis,onz,stan)" pt="n" rel="hd" rnum="sg" root="internet" sense="internet" word="internet"/>
          </node>
        </node>
      </node>
      <node begin="6" end="7" frame="verb(unacc,sg_is,copula)" his="normal" his_1="normal" id="12" infl="sg_is" lcat="smain" lemma="zijn" pos="verb" postag="WW(pv,tgw,ev)" pt="ww" pvagr="ev" pvtijd="tgw" rel="hd" root="ben" sc="copula" sense="ben" stype="declarative" tense="present" v_per="thi" word="is" wvorm="pv"/>
      <node begin="7" cat="np" end="13" id="13" rel="predc">
        <node begin="7" buiging="zonder" end="8" frame="determiner(geen,nwh,mod,pro,yparg,nwkpro,geen)" his="normal" his_1="normal" id="14" infl="geen" lcat="detp" lemma="geen" naamval="stan" npagr="agr" pdtype="det" pos="det" positie="prenom" postag="VNW(onbep,det,stan,prenom,zonder,agr)" pt="vnw" rel="det" root="geen" sense="geen" vwtype="onbep" wh="nwh" word="geen"/>
        <node begin="8" end="9" frame="noun(de,count,sg)" gen="de" genus="zijd" getal="ev" graad="basis" his="compound" his_1="2" id="15" lcat="np" lemma="raket_wetenschap" naamval="stan" ntype="soort" num="sg" pos="noun" postag="N(soort,ev,basis,zijd,stan)" pt="n" rel="hd" rnum="sg" root="raket_wetenschap" sense="raket_wetenschap" word="raketwetenschap"/>
        <node begin="9" cat="cp" end="13" id="16" rel="mod">
          <node begin="9" conjtype="onder" end="10" frame="complementizer(zoals)" his="normal" his_1="normal" id="17" lcat="cp" lemma="zoals" pos="comp" postag="VG(onder)" pt="vg" rel="cmp" root="zoals" sc="zoals" sense="zoals" word="zoals"/>
          <node begin="10" cat="pp" end="13" id="18" rel="body">
            <node begin="10" end="11" frame="preposition(in,[])" his="normal" his_1="normal" id="19" lcat="pp" lemma="in" pos="prep" postag="VZ(init)" pt="vz" rel="hd" root="in" sense="in" vztype="init" word="in"/>
            <node begin="11" cat="np" end="13" id="20" rel="obj1">
              <node begin="11" end="12" frame="determiner(de)" his="normal" his_1="normal" id="21" infl="de" lcat="detp" lemma="de" lwtype="bep" naamval="stan" npagr="rest" pos="det" postag="LID(bep,stan,rest)" pt="lid" rel="det" root="de" sense="de" word="de"/>
              <node begin="12" end="13" frame="noun(de,count,sg)" gen="de" genus="zijd" getal="ev" graad="basis" his="normal" his_1="normal" id="22" lcat="np" lemma="film" naamval="stan" ntype="soort" num="sg" pos="noun" postag="N(soort,ev,basis,zijd,stan)" pt="n" rel="hd" rnum="sg" root="film" sense="film" word="film"/>
            </node>
          </node>
        </node>
      </node>
    </node>
    <node begin="13" end="14" frame="punct(punt)" his="normal" his_1="normal" id="23" lcat="punct" lemma="." pos="punct" postag="LET()" pt="let" rel="--" root="." sense="." special="punt" word="."/>
  </node>
  <sentence sentid="933">Een pc verbinden met het internet is geen raketwetenschap zoals in de film .</sentence>
  <comments>
    <comment>Q#933|Een pc verbinden met het internet is geen raketwetenschap zoals in de film .|1|1|-2.7987506197000003</comment>
  </comments>
</alpino_ds>
