<?xml version="1.0" encoding="UTF-8"?>
<alpino_ds version="1.15">
  <parser build="Alpino-x86_64-linux-glibc2.5-git1006-sicstus" date="2023-09-07T13:20" cats="4" skips="0" />
  <node begin="0" cat="top" end="22" id="0" rel="top">
    <node begin="0" cat="du" end="21" id="1" rel="--">
      <node begin="0" cat="smain" end="12" id="2" rel="dp">
        <node begin="0" cat="np" end="6" id="3" index="1" rel="su">
          <node begin="0" end="1" frame="determiner(een)" his="normal" his_1="decap" his_1_1="normal" id="4" infl="een" lcat="detp" lemma="een" lwtype="onbep" naamval="stan" npagr="agr" pos="det" postag="LID(onbep,stan,agr)" pt="lid" rel="det" root="een" sense="een" word="Een"/>
          <node aform="base" begin="1" buiging="met-e" end="2" frame="adjective(e)" graad="basis" his="form_of_suffix" his_1="ische" id="5" infl="e" lcat="ap" lemma="seismisch" naamval="stan" pos="adj" positie="prenom" postag="ADJ(prenom,basis,met-e,stan)" pt="adj" rel="mod" root="seismisch" sense="seismisch" vform="adj" word="seismische"/>
          <node begin="2" end="3" frame="noun(de,count,sg)" gen="de" genus="zijd" getal="ev" graad="basis" his="normal" his_1="normal" id="6" lcat="np" lemma="golf" naamval="stan" ntype="soort" num="sg" pos="noun" postag="N(soort,ev,basis,zijd,stan)" pt="n" rel="hd" rnum="sg" root="golf" sense="golf" word="golf"/>
          <node begin="3" cat="pp" end="6" id="7" rel="mod">
            <node begin="3" end="4" frame="preposition(in,[])" his="normal" his_1="normal" id="8" lcat="pp" lemma="in" pos="prep" postag="VZ(init)" pt="vz" rel="hd" root="in" sense="in" vztype="init" word="in"/>
            <node begin="4" cat="np" end="6" id="9" rel="obj1">
              <node begin="4" end="5" frame="determiner(de)" his="normal" his_1="normal" id="10" infl="de" lcat="detp" lemma="de" lwtype="bep" naamval="stan" npagr="rest" pos="det" postag="LID(bep,stan,rest)" pt="lid" rel="det" root="de" sense="de" word="de"/>
              <node begin="5" end="6" frame="noun(de,count,sg)" gen="de" genus="zijd" getal="ev" graad="basis" his="normal" his_1="normal" id="11" lcat="np" lemma="zee" naamval="stan" ntype="soort" num="sg" pos="noun" postag="N(soort,ev,basis,zijd,stan)" pt="n" rel="hd" rnum="sg" root="zee" sense="zee" word="zee"/>
            </node>
          </node>
        </node>
        <node begin="6" end="7" frame="verb(unacc,sg_is,passive)" his="normal" his_1="normal" id="12" infl="sg_is" lcat="smain" lemma="zijn" pos="verb" postag="WW(pv,tgw,ev)" pt="ww" pvagr="ev" pvtijd="tgw" rel="hd" root="ben" sc="passive" sense="ben" stype="declarative" tense="present" v_per="thi" word="is" wvorm="pv"/>
        <node begin="0" cat="ppart" end="12" id="13" rel="vc">
          <node begin="0" end="6" id="14" index="1" rel="obj1"/>
          <node begin="7" cat="np" end="11" id="15" rel="obj2">
            <node begin="7" end="8" frame="determiner(een)" his="normal" his_1="normal" id="16" infl="een" lcat="detp" lemma="een" lwtype="onbep" naamval="stan" npagr="agr" pos="det" postag="LID(onbep,stan,agr)" pt="lid" rel="det" root="een" sense="een" word="een"/>
            <node begin="8" end="9" frame="noun(de,count,sg)" gen="de" genus="zijd" getal="ev" graad="basis" his="normal" his_1="normal" id="17" lcat="np" lemma="reeks" naamval="stan" ntype="soort" num="sg" pos="noun" postag="N(soort,ev,basis,zijd,stan)" pt="n" rel="hd" rnum="sg" root="reeks" sense="reeks" word="reeks"/>
            <node begin="9" cat="pp" end="11" id="18" rel="mod">
              <node begin="9" end="10" frame="preposition(van,[af,uit,vandaan,[af,aan]])" his="normal" his_1="normal" id="19" lcat="pp" lemma="van" pos="prep" postag="VZ(init)" pt="vz" rel="hd" root="van" sense="van" vztype="init" word="van"/>
              <node begin="10" end="11" frame="noun(de,count,pl)" gen="de" getal="mv" graad="basis" his="normal" his_1="normal" id="20" lcat="np" lemma="golf" ntype="soort" num="pl" pos="noun" postag="N(soort,mv,basis)" pt="n" rel="obj1" rnum="pl" root="golf" sense="golf" word="golven"/>
            </node>
          </node>
          <node begin="11" buiging="zonder" end="12" frame="verb(hebben,psp,np_np)" his="normal" his_1="normal" id="21" infl="psp" lcat="ppart" lemma="creëren" pos="verb" positie="vrij" postag="WW(vd,vrij,zonder)" pt="ww" rel="hd" root="creëer" sc="np_np" sense="creëer" word="gecreëerd" wvorm="vd"/>
        </node>
      </node>
      <node begin="12" end="13" frame="wh_tmp_adverb" his="normal" his_1="normal" id="22" lcat="advp" lemma="wanneer" pos="adv" postag="BW()" pt="bw" rel="dp" root="wanneer" sense="wanneer" special="tmp" wh="ywh" word="wanneer"/>
      <node begin="13" cat="np" end="15" id="23" rel="dp">
        <node begin="13" end="14" frame="determiner(een)" his="normal" his_1="normal" id="24" infl="een" lcat="detp" lemma="een" lwtype="onbep" naamval="stan" npagr="agr" pos="det" postag="LID(onbep,stan,agr)" pt="lid" rel="det" root="een" sense="een" word="een"/>
        <node begin="14" end="15" frame="noun(het,count,sg)" gen="het" genus="onz" getal="ev" graad="basis" his="compound" his_1="2" id="25" lcat="np" lemma="water_lichaam" naamval="stan" ntype="soort" num="sg" pos="noun" postag="N(soort,ev,basis,onz,stan)" pt="n" rel="hd" rnum="sg" root="water_lichaam" sense="water_lichaam" word="waterlichaam"/>
      </node>
      <node begin="15" cat="du" end="21" id="26" rel="dp">
        <node aform="base" begin="15" buiging="zonder" end="16" frame="adjective(no_e(adv))" graad="basis" his="normal" his_1="normal" id="27" infl="no_e" lcat="ap" lemma="snel" pos="adj" positie="vrij" postag="ADJ(vrij,basis,zonder)" pt="adj" rel="dp" root="snel" sense="snel" vform="adj" word="snel"/>
        <node begin="16" cat="np" end="21" id="28" rel="dp">
          <node aform="base" begin="16" buiging="met-e" end="17" frame="adjective(e)" getal-n="zonder-n" graad="basis" his="normal" his_1="normal" id="29" infl="e" lcat="np" lemma="ontheemd" naamval="stan" pos="adj" positie="nom" postag="ADJ(nom,basis,met-e,zonder-n,stan)" pt="adj" rel="hd" rnum="sg" root="ontheemd" sense="ontheemd" vform="adj" word="ontheemde"/>
          <node begin="17" cat="pp" end="21" id="30" rel="mod">
            <node begin="17" end="18" frame="preposition(op,[af,na])" his="normal" his_1="normal" id="31" lcat="pp" lemma="op" pos="prep" postag="VZ(init)" pt="vz" rel="hd" root="op" sense="op" vztype="init" word="op"/>
            <node begin="18" cat="np" end="21" id="32" rel="obj1">
              <node begin="18" end="19" frame="determiner(een)" his="normal" his_1="normal" id="33" infl="een" lcat="detp" lemma="een" lwtype="onbep" naamval="stan" npagr="agr" pos="det" postag="LID(onbep,stan,agr)" pt="lid" rel="det" root="een" sense="een" word="een"/>
              <node aform="base" begin="19" buiging="met-e" end="20" frame="adjective(e)" graad="basis" his="normal" his_1="normal" id="34" infl="e" lcat="ap" lemma="enorm" naamval="stan" pos="adj" positie="prenom" postag="ADJ(prenom,basis,met-e,stan)" pt="adj" rel="mod" root="enorm" sense="enorm" vform="adj" word="enorme"/>
              <node begin="20" end="21" frame="noun(de,count,sg)" gen="de" genus="zijd" getal="ev" graad="basis" his="normal" his_1="normal" id="35" lcat="np" lemma="schaal" naamval="stan" ntype="soort" num="sg" pos="noun" postag="N(soort,ev,basis,zijd,stan)" pt="n" rel="hd" rnum="sg" root="schaal" sense="schaal" word="schaal"/>
            </node>
          </node>
        </node>
      </node>
    </node>
    <node begin="21" end="22" frame="punct(punt)" his="robust_skip" id="36" lcat="--" lemma="." pos="punct" postag="LET()" pt="let" rel="--" root="." sense="." special="punt" word="."/>
  </node>
  <sentence sentid="951">Een seismische golf in de zee is een reeks van golven gecreëerd wanneer een waterlichaam snel ontheemde op een enorme schaal .</sentence>
  <comments>
    <comment>Q#951|Een seismische golf in de zee is een reeks van golven gecreëerd wanneer een waterlichaam snel ontheemde op een enorme schaal .|1|4|-1.1788211667000037</comment>
  </comments>
</alpino_ds>
