<?xml version="1.0" encoding="UTF-8"?>
<alpino_ds version="1.15">
  <parser build="Alpino-x86_64-linux-glibc2.5-git1006-sicstus" date="2023-09-07T13:20" cats="4" skips="0" />
  <node begin="0" cat="top" end="18" id="0" rel="top">
    <node begin="0" cat="du" end="17" id="1" rel="--">
      <node begin="0" cat="smain" end="8" id="2" rel="dp">
        <node begin="0" cat="np" end="2" id="3" index="1" rel="su">
          <node begin="0" end="1" frame="determiner(een)" his="normal" his_1="decap" his_1_1="normal" id="4" infl="een" lcat="detp" lemma="een" lwtype="onbep" naamval="stan" npagr="agr" pos="det" postag="LID(onbep,stan,agr)" pt="lid" rel="det" root="een" sense="een" word="Een"/>
          <node begin="1" end="2" frame="noun(de,count,sg)" gen="de" genus="zijd" getal="ev" graad="basis" his="normal" his_1="normal" id="5" lcat="np" lemma="tsunami" naamval="stan" ntype="soort" num="sg" pos="noun" postag="N(soort,ev,basis,zijd,stan)" pt="n" rel="hd" rnum="sg" root="tsunami" sense="tsunami" word="tsunami"/>
        </node>
        <node begin="2" end="3" frame="verb(unacc,sg_is,passive)" his="normal" his_1="normal" id="6" infl="sg_is" lcat="smain" lemma="zijn" pos="verb" postag="WW(pv,tgw,ev)" pt="ww" pvagr="ev" pvtijd="tgw" rel="hd" root="ben" sc="passive" sense="ben" stype="declarative" tense="present" v_per="thi" word="is" wvorm="pv"/>
        <node begin="0" cat="ppart" end="8" id="7" rel="vc">
          <node begin="0" end="2" id="8" index="1" rel="obj1"/>
          <node begin="3" cat="np" end="7" id="9" rel="obj2">
            <node begin="3" end="4" frame="determiner(een)" his="normal" his_1="normal" id="10" infl="een" lcat="detp" lemma="een" lwtype="onbep" naamval="stan" npagr="agr" pos="det" postag="LID(onbep,stan,agr)" pt="lid" rel="det" root="een" sense="een" word="een"/>
            <node begin="4" end="5" frame="noun(de,count,sg)" gen="de" genus="zijd" getal="ev" graad="basis" his="normal" his_1="normal" id="11" lcat="np" lemma="reeks" naamval="stan" ntype="soort" num="sg" pos="noun" postag="N(soort,ev,basis,zijd,stan)" pt="n" rel="hd" rnum="sg" root="reeks" sense="reeks" word="reeks"/>
            <node begin="5" cat="pp" end="7" id="12" rel="mod">
              <node begin="5" end="6" frame="preposition(van,[af,uit,vandaan,[af,aan]])" his="normal" his_1="normal" id="13" lcat="pp" lemma="van" pos="prep" postag="VZ(init)" pt="vz" rel="hd" root="van" sense="van" vztype="init" word="van"/>
              <node begin="6" end="7" frame="noun(de,count,pl)" gen="de" getal="mv" graad="basis" his="normal" his_1="normal" id="14" lcat="np" lemma="golf" ntype="soort" num="pl" pos="noun" postag="N(soort,mv,basis)" pt="n" rel="obj1" rnum="pl" root="golf" sense="golf" word="golven"/>
            </node>
          </node>
          <node begin="7" buiging="zonder" end="8" frame="verb(hebben,psp,np_np)" his="normal" his_1="normal" id="15" infl="psp" lcat="ppart" lemma="creëren" pos="verb" positie="vrij" postag="WW(vd,vrij,zonder)" pt="ww" rel="hd" root="creëer" sc="np_np" sense="creëer" word="gecreëerd" wvorm="vd"/>
        </node>
      </node>
      <node begin="8" end="9" frame="wh_tmp_adverb" his="normal" his_1="normal" id="16" lcat="advp" lemma="wanneer" pos="adv" postag="BW()" pt="bw" rel="dp" root="wanneer" sense="wanneer" special="tmp" wh="ywh" word="wanneer"/>
      <node begin="9" cat="np" end="11" id="17" rel="dp">
        <node begin="9" end="10" frame="determiner(een)" his="normal" his_1="normal" id="18" infl="een" lcat="detp" lemma="een" lwtype="onbep" naamval="stan" npagr="agr" pos="det" postag="LID(onbep,stan,agr)" pt="lid" rel="det" root="een" sense="een" word="een"/>
        <node begin="10" end="11" frame="noun(het,count,sg)" gen="het" genus="onz" getal="ev" graad="basis" his="compound" his_1="2" id="19" lcat="np" lemma="water_lichaam" naamval="stan" ntype="soort" num="sg" pos="noun" postag="N(soort,ev,basis,onz,stan)" pt="n" rel="hd" rnum="sg" root="water_lichaam" sense="water_lichaam" word="waterlichaam"/>
      </node>
      <node begin="11" cat="du" end="17" id="20" rel="dp">
        <node aform="base" begin="11" buiging="zonder" end="12" frame="adjective(no_e(adv))" graad="basis" his="normal" his_1="normal" id="21" infl="no_e" lcat="ap" lemma="snel" pos="adj" positie="vrij" postag="ADJ(vrij,basis,zonder)" pt="adj" rel="dp" root="snel" sense="snel" vform="adj" word="snel"/>
        <node begin="12" cat="np" end="17" id="22" rel="dp">
          <node aform="base" begin="12" buiging="met-e" end="13" frame="adjective(e)" getal-n="zonder-n" graad="basis" his="normal" his_1="normal" id="23" infl="e" lcat="np" lemma="ontheemd" naamval="stan" pos="adj" positie="nom" postag="ADJ(nom,basis,met-e,zonder-n,stan)" pt="adj" rel="hd" rnum="sg" root="ontheemd" sense="ontheemd" vform="adj" word="ontheemde"/>
          <node begin="13" cat="pp" end="17" id="24" rel="mod">
            <node begin="13" end="14" frame="preposition(op,[af,na])" his="normal" his_1="normal" id="25" lcat="pp" lemma="op" pos="prep" postag="VZ(init)" pt="vz" rel="hd" root="op" sense="op" vztype="init" word="op"/>
            <node begin="14" cat="np" end="17" id="26" rel="obj1">
              <node begin="14" end="15" frame="determiner(een)" his="normal" his_1="normal" id="27" infl="een" lcat="detp" lemma="een" lwtype="onbep" naamval="stan" npagr="agr" pos="det" postag="LID(onbep,stan,agr)" pt="lid" rel="det" root="een" sense="een" word="een"/>
              <node aform="base" begin="15" buiging="met-e" end="16" frame="adjective(e)" graad="basis" his="normal" his_1="normal" id="28" infl="e" lcat="ap" lemma="enorm" naamval="stan" pos="adj" positie="prenom" postag="ADJ(prenom,basis,met-e,stan)" pt="adj" rel="mod" root="enorm" sense="enorm" vform="adj" word="enorme"/>
              <node begin="16" end="17" frame="noun(de,count,sg)" gen="de" genus="zijd" getal="ev" graad="basis" his="normal" his_1="normal" id="29" lcat="np" lemma="schaal" naamval="stan" ntype="soort" num="sg" pos="noun" postag="N(soort,ev,basis,zijd,stan)" pt="n" rel="hd" rnum="sg" root="schaal" sense="schaal" word="schaal"/>
            </node>
          </node>
        </node>
      </node>
    </node>
    <node begin="17" end="18" frame="punct(punt)" his="robust_skip" id="30" lcat="--" lemma="." pos="punct" postag="LET()" pt="let" rel="--" root="." sense="." special="punt" word="."/>
  </node>
  <sentence sentid="966">Een tsunami is een reeks van golven gecreëerd wanneer een waterlichaam snel ontheemde op een enorme schaal .</sentence>
  <comments>
    <comment>Q#966|Een tsunami is een reeks van golven gecreëerd wanneer een waterlichaam snel ontheemde op een enorme schaal .|1|4|2.3750359604999987</comment>
  </comments>
</alpino_ds>
