<?xml version="1.0" encoding="UTF-8"?>
<alpino_ds version="1.15">
  <parser build="Alpino-x86_64-linux-glibc2.5-git1006-sicstus" date="2023-09-07T13:20" cats="1" skips="0" />
  <node begin="0" cat="top" end="10" id="0" rel="top">
    <node begin="0" cat="smain" end="9" id="1" rel="--">
      <node begin="0" cat="np" end="3" id="2" rel="su">
        <node begin="0" end="1" frame="determiner(een)" his="normal" his_1="decap" his_1_1="normal" id="3" infl="een" lcat="detp" lemma="een" lwtype="onbep" naamval="stan" npagr="agr" pos="det" postag="LID(onbep,stan,agr)" pt="lid" rel="det" root="een" sense="een" word="Een"/>
        <node aform="base" begin="1" buiging="zonder" end="2" frame="adjective(no_e(padv))" graad="basis" his="normal" his_1="normal" id="4" infl="no_e" lcat="ap" lemma="verdrietig" pos="adj" positie="prenom" postag="ADJ(prenom,basis,zonder)" pt="adj" rel="mod" root="verdrietig" sense="verdrietig" vform="adj" word="verdrietig"/>
        <node begin="2" end="3" frame="noun(het,count,sg)" gen="het" genus="onz" getal="ev" graad="basis" his="normal" his_1="normal" id="5" lcat="np" lemma="ongeluk" naamval="stan" ntype="soort" num="sg" pos="noun" postag="N(soort,ev,basis,onz,stan)" pt="n" rel="hd" rnum="sg" root="ongeluk" sense="ongeluk" word="ongeluk"/>
      </node>
      <node begin="3" end="4" frame="verb(hebben,past(sg),part_intransitive(plaats))" his="normal" his_1="normal" id="6" infl="sg" lcat="smain" lemma="plaats_vinden" pos="verb" postag="WW(pv,verl,ev)" pt="ww" pvagr="ev" pvtijd="verl" rel="hd" root="vind_plaats" sc="part_intransitive(plaats)" sense="vind_plaats" stype="declarative" tense="past" v_per="thi" word="vond" wvorm="pv"/>
      <node begin="4" end="5" frame="tmp_adverb" his="normal" his_1="normal" id="7" lcat="advp" lemma="gisteren" pos="adv" postag="BW()" pt="bw" rel="mod" root="gisteren" sense="gisteren" special="tmp" word="gisteren"/>
      <node begin="5" end="6" frame="particle(plaats)" genus="zijd" getal="ev" graad="basis" his="normal" his_1="normal" id="8" lcat="part" lemma="plaats" naamval="stan" ntype="soort" pos="part" postag="N(soort,ev,basis,zijd,stan)" pt="n" rel="svp" root="plaats" sense="plaats" word="plaats"/>
      <node begin="6" cat="pp" end="9" id="9" rel="mod">
        <node begin="6" end="7" frame="preposition(bij,[vandaan])" his="normal" his_1="normal" id="10" lcat="pp" lemma="bij" pos="prep" postag="VZ(init)" pt="vz" rel="hd" root="bij" sense="bij" vztype="init" word="bij"/>
        <node begin="7" cat="np" end="9" id="11" rel="obj1">
          <node begin="7" end="8" frame="determiner(de)" his="normal" his_1="normal" id="12" infl="de" lcat="detp" lemma="de" lwtype="bep" naamval="stan" npagr="rest" pos="det" postag="LID(bep,stan,rest)" pt="lid" rel="det" root="de" sense="de" word="de"/>
          <node begin="8" end="9" frame="noun(de,count,sg)" gen="de" genus="zijd" getal="ev" graad="basis" his="normal" his_1="normal" id="13" lcat="np" lemma="kruising" naamval="stan" ntype="soort" num="sg" pos="noun" postag="N(soort,ev,basis,zijd,stan)" pt="n" rel="hd" rnum="sg" root="kruising" sense="kruising" word="kruising"/>
        </node>
      </node>
    </node>
    <node begin="9" end="10" frame="punct(punt)" his="normal" his_1="normal" id="14" lcat="punct" lemma="." pos="punct" postag="LET()" pt="let" rel="--" root="." sense="." special="punt" word="."/>
  </node>
  <sentence sentid="975">Een verdrietig ongeluk vond gisteren plaats bij de kruising .</sentence>
  <comments>
    <comment>Q#975|Een verdrietig ongeluk vond gisteren plaats bij de kruising .|1|1|-8.2959926363</comment>
  </comments>
</alpino_ds>
