<?xml version="1.0" encoding="UTF-8"?>
<alpino_ds version="1.15">
  <parser build="Alpino-x86_64-linux-glibc2.5-git1006-sicstus" date="2023-09-07T13:20" cats="1" skips="0" />
  <node begin="0" cat="top" end="10" id="0" rel="top">
    <node begin="0" cat="smain" end="9" id="1" rel="--">
      <node begin="0" cat="np" end="5" id="2" index="1" rel="su">
        <node begin="0" end="1" frame="determiner(een)" his="normal" his_1="decap" his_1_1="normal" id="3" infl="een" lcat="detp" lemma="een" lwtype="onbep" naamval="stan" npagr="agr" pos="det" postag="LID(onbep,stan,agr)" pt="lid" rel="det" root="een" sense="een" word="Een"/>
        <node aform="base" begin="1" buiging="met-e" end="2" frame="adjective(ge_e)" his="normal" his_1="normal" id="4" infl="e" lcat="ppart" lemma="vergiftigen" pos="adj" positie="prenom" postag="WW(vd,prenom,met-e)" pt="ww" rel="mod" root="vergiftigen" sense="vergiftigen" vform="psp" word="vergiftigde" wvorm="vd"/>
        <node begin="2" end="3" frame="noun(de,count,sg)" gen="de" genus="zijd" getal="ev" graad="basis" his="normal" his_1="normal" id="5" lcat="np" lemma="vrucht" naamval="stan" ntype="soort" num="sg" pos="noun" postag="N(soort,ev,basis,zijd,stan)" pt="n" rel="hd" rnum="sg" root="vrucht" sense="vrucht" word="vrucht"/>
        <node begin="3" cat="pp" end="5" id="6" rel="mod">
          <node begin="3" end="4" frame="preposition(met,[mee,[en,al]])" his="normal" his_1="normal" id="7" lcat="pp" lemma="met" pos="prep" postag="VZ(init)" pt="vz" rel="hd" root="met" sense="met" vztype="init" word="met"/>
          <node begin="4" end="5" frame="noun(het,mass,sg)" gen="het" genus="onz" getal="ev" graad="basis" his="normal" his_1="normal" id="8" lcat="np" lemma="pit" naamval="stan" ntype="soort" num="sg" pos="noun" postag="N(soort,ev,basis,onz,stan)" pt="n" rel="obj1" rnum="sg" root="pit" sense="pit" word="pit"/>
        </node>
      </node>
      <node begin="5" end="6" frame="verb('hebben/zijn',modal_not_u,aux(inf))" his="normal" his_1="normal" id="9" infl="modal_not_u" lcat="smain" lemma="kunnen" pos="verb" postag="WW(pv,tgw,ev)" pt="ww" pvagr="ev" pvtijd="tgw" rel="hd" root="kan" sc="aux(inf)" sense="kan" stype="declarative" tense="present" v_per="thi" word="kan" wvorm="pv"/>
      <node begin="0" cat="inf" end="9" id="10" rel="vc">
        <node begin="0" end="5" id="11" index="1" rel="su"/>
        <node begin="6" cat="np" end="8" id="12" rel="obj1">
          <node begin="6" end="7" frame="determiner(een)" his="normal" his_1="normal" id="13" infl="een" lcat="detp" lemma="een" lwtype="onbep" naamval="stan" npagr="agr" pos="det" postag="LID(onbep,stan,agr)" pt="lid" rel="det" root="een" sense="een" word="een"/>
          <node begin="7" end="8" frame="noun(de,count,sg)" gen="de" genus="zijd" getal="ev" graad="basis" his="normal" his_1="normal" id="14" lcat="np" lemma="hertog" naamval="stan" ntype="soort" num="sg" pos="noun" postag="N(soort,ev,basis,zijd,stan)" pt="n" rel="hd" rnum="sg" root="hertog" sense="hertog" word="hertog"/>
        </node>
        <node begin="8" buiging="zonder" end="9" frame="verb(hebben,inf,transitive)" his="normal" his_1="normal" id="15" infl="inf" lcat="inf" lemma="doden" pos="verb" positie="vrij" postag="WW(inf,vrij,zonder)" pt="ww" rel="hd" root="dood" sc="transitive" sense="dood" word="doden" wvorm="inf"/>
      </node>
    </node>
    <node begin="9" end="10" frame="punct(punt)" his="normal" his_1="normal" id="16" lcat="punct" lemma="." pos="punct" postag="LET()" pt="let" rel="--" root="." sense="." special="punt" word="."/>
  </node>
  <sentence sentid="979">Een vergiftigde vrucht met pit kan een hertog doden .</sentence>
  <comments>
    <comment>Q#979|Een vergiftigde vrucht met pit kan een hertog doden .|1|1|-2.7546860141000002</comment>
  </comments>
</alpino_ds>
