<?xml version="1.0" encoding="UTF-8"?>
<alpino_ds version="1.15">
  <parser build="Alpino-x86_64-linux-glibc2.5-git1006-sicstus" date="2023-09-07T13:20" cats="1" skips="0" />
  <node begin="0" cat="top" end="12" id="0" rel="top">
    <node begin="0" cat="smain" end="11" id="1" rel="--">
      <node begin="0" cat="np" end="5" id="2" rel="su">
        <node begin="0" end="1" frame="determiner(een)" his="normal" his_1="decap" his_1_1="normal" id="3" infl="een" lcat="detp" lemma="een" lwtype="onbep" naamval="stan" npagr="agr" pos="det" postag="LID(onbep,stan,agr)" pt="lid" rel="det" root="een" sense="een" word="Een"/>
        <node begin="1" end="2" frame="noun(de,count,sg)" gen="de" genus="zijd" getal="ev" graad="basis" his="normal" his_1="normal" id="4" lcat="np" lemma="violist" naamval="stan" ntype="soort" num="sg" pos="noun" postag="N(soort,ev,basis,zijd,stan)" pt="n" rel="hd" rnum="sg" root="violist" sense="violist" word="violist"/>
        <node begin="2" cat="rel" end="5" id="5" rel="mod">
          <node begin="2" case="no_obl" end="3" frame="rel_pronoun(de,no_obl)" gen="de" getal="getal" his="normal" his_1="normal" id="6" index="1" lcat="np" lemma="die" naamval="stan" pdtype="pron" persoon="persoon" pos="pron" postag="VNW(betr,pron,stan,vol,persoon,getal)" pt="vnw" rel="rhd" rnum="sg" root="die" sense="die" status="vol" vwtype="betr" wh="rel" word="die"/>
          <node begin="2" cat="ssub" end="5" id="7" rel="body">
            <node begin="2" end="3" id="8" index="1" rel="obj1"/>
            <node begin="3" case="nom" def="def" end="4" frame="pronoun(nwh,fir,sg,de,nom,def)" gen="de" getal="ev" his="normal" his_1="normal" id="9" lcat="np" lemma="ik" naamval="nomin" num="sg" pdtype="pron" per="fir" persoon="1" pos="pron" postag="VNW(pers,pron,nomin,vol,1,ev)" pt="vnw" rel="su" rnum="sg" root="ik" sense="ik" status="vol" vwtype="pers" wh="nwh" word="ik"/>
            <node begin="4" end="5" frame="verb(hebben,sg1,transitive)" his="normal" his_1="normal" id="10" infl="sg1" lcat="ssub" lemma="kennen" pos="verb" postag="WW(pv,tgw,ev)" pt="ww" pvagr="ev" pvtijd="tgw" rel="hd" root="ken" sc="transitive" sense="ken" tense="present" v_per="fir" word="ken" wvorm="pv"/>
          </node>
        </node>
      </node>
      <node begin="5" end="6" frame="verb(hebben,sg3,tr_sbar)" his="normal" his_1="normal" id="11" infl="sg3" lcat="smain" lemma="zeggen" pos="verb" postag="WW(pv,tgw,met-t)" pt="ww" pvagr="met-t" pvtijd="tgw" rel="hd" root="zeg" sc="tr_sbar" sense="zeg" stype="declarative" tense="present" v_per="thi" word="zegt" wvorm="pv"/>
      <node begin="6" cat="cp" end="11" id="12" rel="vc">
        <node begin="6" conjtype="onder" end="7" frame="complementizer(dat)" his="normal" his_1="normal" id="13" lcat="cp" lemma="dat" pos="comp" postag="VG(onder)" pt="vg" rel="cmp" root="dat" sc="dat" sense="dat" word="dat"/>
        <node begin="7" cat="ssub" end="11" id="14" rel="body">
          <node begin="7" case="nom" def="def" end="8" frame="pronoun(nwh,thi,sg,de,nom,def)" gen="de" genus="masc" getal="ev" his="normal" his_1="normal" id="15" lcat="np" lemma="hij" naamval="nomin" num="sg" pdtype="pron" per="thi" persoon="3" pos="pron" postag="VNW(pers,pron,nomin,vol,3,ev,masc)" pt="vnw" rel="su" rnum="sg" root="hij" sense="hij" status="vol" vwtype="pers" wh="nwh" word="hij"/>
          <node begin="8" cat="np" end="10" id="16" rel="obj1">
            <node begin="8" end="9" frame="determiner(een)" his="normal" his_1="normal" id="17" infl="een" lcat="detp" lemma="een" lwtype="onbep" naamval="stan" npagr="agr" pos="det" postag="LID(onbep,stan,agr)" pt="lid" rel="det" root="een" sense="een" word="een"/>
            <node begin="9" end="10" frame="noun(de,count,sg)" gen="de" genus="zijd" getal="ev" graad="basis" his="compound" his_1="2" id="18" lcat="np" lemma="viool_winkel" naamval="stan" ntype="soort" num="sg" pos="noun" postag="N(soort,ev,basis,zijd,stan)" pt="n" rel="hd" rnum="sg" root="viool_winkel" sense="viool_winkel" word="vioolwinkel"/>
          </node>
          <node begin="10" end="11" frame="verb(hebben,sg_heeft,transitive_ndev)" his="normal" his_1="normal" id="19" infl="sg_heeft" lcat="ssub" lemma="hebben" pos="verb" postag="WW(pv,tgw,met-t)" pt="ww" pvagr="met-t" pvtijd="tgw" rel="hd" root="heb" sc="transitive_ndev" sense="heb" tense="present" v_per="thi" word="heeft" wvorm="pv"/>
        </node>
      </node>
    </node>
    <node begin="11" end="12" frame="punct(punt)" his="normal" his_1="normal" id="20" lcat="punct" lemma="." pos="punct" postag="LET()" pt="let" rel="--" root="." sense="." special="punt" word="."/>
  </node>
  <sentence sentid="981">Een violist die ik ken zegt dat hij een vioolwinkel heeft .</sentence>
  <comments>
    <comment>Q#981|Een violist die ik ken zegt dat hij een vioolwinkel heeft .|1|1|-10.464509007200004</comment>
  </comments>
</alpino_ds>
