<?xml version="1.0" encoding="UTF-8"?>
<alpino_ds version="1.15">
  <parser build="Alpino-x86_64-linux-glibc2.5-git1006-sicstus" date="2023-09-07T13:20" cats="1" skips="0" />
  <node begin="0" cat="top" end="10" id="0" rel="top">
    <node begin="0" cat="smain" end="9" id="1" rel="--">
      <node begin="0" case="nom" def="def" end="1" frame="pronoun(nwh,thi,sg,de,nom,def)" gen="de" genus="masc" getal="ev" his="normal" his_1="decap" his_1_1="normal" id="2" index="1" lcat="np" lemma="hij" naamval="nomin" num="sg" pdtype="pron" per="thi" persoon="3" pos="pron" postag="VNW(pers,pron,nomin,vol,3,ev,masc)" pt="vnw" rel="su" rnum="sg" root="hij" sense="hij" status="vol" vwtype="pers" wh="nwh" word="Hij"/>
      <node begin="1" end="2" frame="verb('hebben/zijn',modal_not_u,aux(inf))" his="normal" his_1="normal" id="3" infl="modal_not_u" lcat="smain" lemma="kunnen" pos="verb" postag="WW(pv,tgw,ev)" pt="ww" pvagr="ev" pvtijd="tgw" rel="hd" root="kan" sc="aux(inf)" sense="kan" stype="declarative" tense="present" v_per="thi" word="kan" wvorm="pv"/>
      <node begin="0" cat="inf" end="9" id="4" rel="vc">
        <node begin="0" end="1" id="5" index="1" rel="su"/>
        <node begin="2" case="dat_acc" def="def" end="3" frame="pronoun(nwh,thi,both,de,dat_acc,def,wkpro)" gen="de" getal="getal" his="normal" his_1="normal" id="6" lcat="np" lemma="zich" naamval="obl" num="both" pdtype="pron" per="thi" persoon="3" pos="pron" postag="VNW(refl,pron,obl,red,3,getal)" pt="vnw" rel="obj2" rnum="sg" root="zich" sense="zich" special="wkpro" status="red" vwtype="refl" wh="nwh" word="zich"/>
        <node begin="3" cat="advp" end="5" his="normal" his_1="normal" id="7" rel="mod">
          <node begin="3" end="4" frame="adverb" id="8" lcat="advp" lemma="niet" pos="adv" postag="BW()" pt="bw" rel="hd" root="niet" sense="niet" word="niet"/>
          <node begin="4" end="5" frame="adverb" id="9" lcat="advp" lemma="eens" pos="adv" postag="BW()" pt="bw" rel="mod" root="eens" sense="eens" word="eens"/>
        </node>
        <node begin="5" cat="np" end="8" id="10" rel="obj1">
          <node begin="5" end="6" frame="determiner(een)" his="normal" his_1="normal" id="11" infl="een" lcat="detp" lemma="een" lwtype="onbep" naamval="stan" npagr="agr" pos="det" postag="LID(onbep,stan,agr)" pt="lid" rel="det" root="een" sense="een" word="een"/>
          <node begin="6" end="7" frame="noun(de,count,sg,measure)" gen="de" genus="zijd" getal="ev" graad="basis" his="normal" his_1="normal" id="12" lcat="np" lemma="zak" naamval="stan" ntype="soort" num="sg" pos="noun" postag="N(soort,ev,basis,zijd,stan)" pt="n" rel="hd" rnum="sg" root="zak" sc="measure" sense="zak" word="zak"/>
          <node begin="7" end="8" frame="noun(de,count,pl)" gen="de" getal="mv" graad="basis" his="normal" his_1="normal" id="13" lcat="np" lemma="ui" ntype="soort" num="pl" pos="noun" postag="N(soort,mv,basis)" pt="n" rel="mod" rnum="pl" root="ui" sense="ui" word="uien"/>
        </node>
        <node begin="8" buiging="zonder" end="9" frame="verb(hebben,inf,np_np)" his="normal" his_1="normal" id="14" infl="inf" lcat="inf" lemma="veroorloven" pos="verb" positie="vrij" postag="WW(inf,vrij,zonder)" pt="ww" rel="hd" root="veroorloof" sc="np_np" sense="veroorloof" word="veroorloven" wvorm="inf"/>
      </node>
    </node>
    <node begin="9" end="10" frame="punct(punt)" his="normal" his_1="normal" id="15" lcat="punct" lemma="." pos="punct" postag="LET()" pt="let" rel="--" root="." sense="." special="punt" word="."/>
  </node>
  <sentence sentid="987">Hij kan zich niet eens een zak uien veroorloven .</sentence>
  <comments>
    <comment>Q#987|Hij kan zich niet eens een zak uien veroorloven .|1|1|-8.650175450199999</comment>
  </comments>
</alpino_ds>
