<?xml version="1.0" encoding="UTF-8"?>
<alpino_ds version="1.15">
  <parser build="Alpino-x86_64-linux-glibc2.5-git1006-sicstus" date="2023-09-25T08:39" cats="1" skips="0" />
  <node begin="0" cat="top" end="12" id="0" rel="top">
    <node begin="0" cat="conj" end="11" id="1" rel="--">
      <node begin="0" cat="smain" end="5" id="2" rel="cnj">
        <node begin="0" end="1" frame="proper_name(sg,'PER')" genus="zijd" getal="ev" graad="basis" his="normal" his_1="names_dictionary" id="3" index="1" lcat="np" lemma="Tom" naamval="stan" neclass="PER" ntype="eigen" num="sg" pos="name" postag="N(eigen,ev,basis,zijd,stan)" pt="n" rel="su" rnum="sg" root="Tom" sense="Tom" word="Tom"/>
        <node begin="1" end="2" frame="verb(hebben,past(sg),transitive)" his="normal" his_1="normal" id="4" infl="sg" lcat="smain" lemma="digitaliseren" pos="verb" postag="WW(pv,verl,ev)" pt="ww" pvagr="ev" pvtijd="verl" rel="hd" root="digitaliseer" sc="transitive" sense="digitaliseer" tense="past" v_per="thi" word="digitaliseerde" wvorm="pv"/>
        <node begin="2" cat="np" end="5" id="5" rel="obj1">
          <node begin="2" end="3" frame="determiner(een)" his="normal" his_1="normal" id="6" infl="een" lcat="detp" lemma="een" lwtype="onbep" naamval="stan" npagr="agr" pos="det" postag="LID(onbep,stan,agr)" pt="lid" rel="det" root="een" sense="een" word="een"/>
          <node aform="base" begin="3" buiging="met-e" end="4" frame="adjective(e)" graad="basis" his="normal" his_1="normal" id="7" infl="e" lcat="ap" lemma="oud" naamval="stan" pos="adj" positie="prenom" postag="ADJ(prenom,basis,met-e,stan)" pt="adj" rel="mod" root="oud" sense="oud" vform="adj" word="oude"/>
          <node begin="4" end="5" frame="noun(de,count,sg)" gen="de" genus="zijd" getal="ev" graad="basis" his="compound" his_1="2" id="8" lcat="np" lemma="familie_foto" naamval="stan" ntype="soort" num="sg" pos="noun" postag="N(soort,ev,basis,zijd,stan)" pt="n" rel="hd" rnum="sg" root="familie_foto" sense="familie_foto" word="familiefoto"/>
        </node>
      </node>
      <node begin="5" conjtype="neven" end="6" frame="conj(en)" his="normal" his_1="normal" id="9" lcat="vg" lemma="en" pos="vg" postag="VG(neven)" pt="vg" rel="crd" root="en" sense="en" word="en"/>
      <node begin="0" cat="smain" end="11" id="10" rel="cnj">
        <node begin="0" end="1" id="11" index="1" rel="su"/>
        <node begin="6" end="7" frame="verb(hebben,past(sg),transitive)" his="normal" his_1="normal" id="12" infl="sg" lcat="smain" lemma="mailen" pos="verb" postag="WW(pv,verl,ev)" pt="ww" pvagr="ev" pvtijd="verl" rel="hd" root="mail" sc="transitive" sense="mail" tense="past" v_per="thi" word="mailde" wvorm="pv"/>
        <node begin="7" buiging="met-e" end="8" frame="determiner(de,nwh,nmod,pro,nparg)" getal-n="zonder-n" his="normal" his_1="normal" id="13" infl="de" lcat="np" lemma="deze" naamval="stan" pdtype="det" pos="det" positie="nom" postag="VNW(aanw,det,stan,nom,met-e,zonder-n)" pt="vnw" rel="obj1" rnum="sg" root="deze" sense="deze" vwtype="aanw" wh="nwh" word="deze"/>
        <node begin="8" cat="pp" end="11" id="14" rel="mod">
          <node begin="8" end="9" frame="preposition(naar,[toe])" his="normal" his_1="normal" id="15" lcat="pp" lemma="naar" pos="prep" postag="VZ(init)" pt="vz" rel="hd" root="naar" sense="naar" vztype="init" word="naar"/>
          <node begin="9" cat="np" end="11" id="16" rel="obj1">
            <node begin="9" buiging="zonder" end="10" frame="determiner(pron)" getal="ev" his="normal" his_1="normal" id="17" infl="pron" lcat="detp" lemma="zijn" naamval="stan" npagr="agr" pdtype="det" persoon="3" pos="det" positie="prenom" postag="VNW(bez,det,stan,vol,3,ev,prenom,zonder,agr)" pron="true" pt="vnw" rel="det" root="zijn" sense="zijn" status="vol" vwtype="bez" word="zijn"/>
            <node begin="10" end="11" frame="noun(de,count,sg)" gen="de" genus="zijd" getal="ev" graad="basis" his="normal" his_1="normal" id="18" lcat="np" lemma="moeder" naamval="stan" ntype="soort" num="sg" pos="noun" postag="N(soort,ev,basis,zijd,stan)" pt="n" rel="hd" rnum="sg" root="moeder" sense="moeder" word="moeder"/>
          </node>
        </node>
      </node>
    </node>
    <node begin="11" end="12" frame="punct(punt)" his="normal" his_1="normal" id="19" lcat="punct" lemma="." pos="punct" postag="LET()" pt="let" rel="--" root="." sense="." special="punt" word="."/>
  </node>
  <sentence sentid="1035">Tom digitaliseerde een oude familiefoto en mailde deze naar zijn moeder .</sentence>
  <comments>
    <comment>Q#1035|Tom digitaliseerde een oude familiefoto en mailde deze naar zijn moeder .|1|1|-4.9830193135000025</comment>
  </comments>
</alpino_ds>
