<?xml version="1.0" encoding="UTF-8"?>
<alpino_ds version="1.15">
  <parser build="Alpino-x86_64-linux-glibc2.5-git1006-sicstus" date="2023-09-25T08:39" cats="1" skips="0" />
  <node begin="0" cat="top" end="10" id="0" rel="top">
    <node begin="0" cat="smain" end="9" id="1" rel="--">
      <node begin="0" end="1" frame="proper_name(sg,'PER')" genus="zijd" getal="ev" graad="basis" his="normal" his_1="names_dictionary" id="2" lcat="np" lemma="Tom" naamval="stan" neclass="PER" ntype="eigen" num="sg" pos="name" postag="N(eigen,ev,basis,zijd,stan)" pt="n" rel="su" rnum="sg" root="Tom" sense="Tom" word="Tom"/>
      <node begin="1" end="2" frame="verb(hebben,past(sg),transitive_ndev)" his="normal" his_1="normal" id="3" infl="sg" lcat="smain" lemma="hebben" pos="verb" postag="WW(pv,verl,ev)" pt="ww" pvagr="ev" pvtijd="verl" rel="hd" root="heb" sc="transitive_ndev" sense="heb" stype="declarative" tense="past" v_per="thi" word="had" wvorm="pv"/>
      <node begin="2" cat="np" end="9" id="4" rel="obj1">
        <node begin="2" end="3" frame="determiner(een)" his="normal" his_1="normal" id="5" infl="een" lcat="detp" lemma="een" lwtype="onbep" naamval="stan" npagr="agr" pos="det" postag="LID(onbep,stan,agr)" pt="lid" rel="det" root="een" sense="een" word="een"/>
        <node begin="3" end="4" frame="noun(de,count,sg)" gen="de" genus="zijd" getal="ev" graad="basis" his="normal" his_1="normal" id="6" lcat="np" lemma="hekel" naamval="stan" ntype="soort" num="sg" pos="noun" postag="N(soort,ev,basis,zijd,stan)" pt="n" rel="hd" rnum="sg" root="hekel" sense="hekel" word="hekel"/>
        <node begin="4" cat="pp" end="9" id="7" rel="mod">
          <node begin="4" end="5" frame="preposition(aan,[vooraf])" his="normal" his_1="normal" id="8" lcat="pp" lemma="aan" pos="prep" postag="VZ(init)" pt="vz" rel="hd" root="aan" sense="aan" vztype="init" word="aan"/>
          <node begin="5" cat="conj" end="9" id="9" rel="obj1">
            <node begin="5" end="6" frame="left_conj(als)" his="normal" his_1="normal" id="10" lcat="vg" lemma="zowel" pos="vg" postag="BW()" pt="bw" rel="crd" root="zowel" sense="zowel" special="left" word="zowel"/>
            <node begin="6" end="7" frame="proper_name(sg,'PER')" genus="zijd" getal="ev" graad="basis" his="normal" his_1="names_dictionary" id="11" lcat="np" lemma="Mary" naamval="stan" neclass="PER" ntype="eigen" num="sg" pos="name" postag="N(eigen,ev,basis,zijd,stan)" pt="n" rel="cnj" rnum="sg" root="Mary" sense="Mary" word="Mary"/>
            <node begin="7" conjtype="onder" end="8" frame="right_conj(als)" his="normal" his_1="normal" id="12" lcat="vg" lemma="als" pos="vg" postag="VG(onder)" pt="vg" rel="crd" root="als" sense="als" special="right" word="als"/>
            <node begin="8" end="9" frame="proper_name(sg,'PER')" genus="zijd" getal="ev" graad="basis" his="normal" his_1="names_dictionary" id="13" lcat="np" lemma="John" naamval="stan" neclass="PER" ntype="eigen" num="sg" pos="name" postag="N(eigen,ev,basis,zijd,stan)" pt="n" rel="cnj" rnum="sg" root="John" sense="John" word="John"/>
          </node>
        </node>
      </node>
    </node>
    <node begin="9" end="10" frame="punct(punt)" his="normal" his_1="normal" id="14" lcat="punct" lemma="." pos="punct" postag="LET()" pt="let" rel="--" root="." sense="." special="punt" word="."/>
  </node>
  <sentence sentid="1039">Tom had een hekel aan zowel Mary als John .</sentence>
  <comments>
    <comment>Q#1039|Tom had een hekel aan zowel Mary als John .|1|1|-4.928479707999999</comment>
  </comments>
</alpino_ds>
