<?xml version="1.0" encoding="UTF-8"?>
<alpino_ds version="1.15">
  <parser build="Alpino-x86_64-linux-glibc2.5-git1006-sicstus" date="2023-09-25T08:39" cats="1" skips="0" />
  <node begin="0" cat="top" end="6" id="0" rel="top">
    <node begin="0" cat="smain" end="5" id="1" rel="--">
      <node begin="0" end="1" frame="proper_name(sg,'PER')" genus="zijd" getal="ev" graad="basis" his="normal" his_1="names_dictionary" id="2" lcat="np" lemma="Tom" naamval="stan" neclass="PER" ntype="eigen" num="sg" pos="name" postag="N(eigen,ev,basis,zijd,stan)" pt="n" rel="su" rnum="sg" root="Tom" sense="Tom" word="Tom"/>
      <node begin="1" end="2" frame="verb(hebben,sg3,aci_no_obj)" his="normal" his_1="normal" id="3" infl="sg3" lcat="smain" lemma="doen" pos="verb" postag="WW(pv,tgw,met-t)" pt="ww" pvagr="met-t" pvtijd="tgw" rel="hd" root="doe" sc="aci_no_obj" sense="doe" stype="declarative" tense="present" v_per="thi" word="doet" wvorm="pv"/>
      <node begin="2" cat="mwu" end="4" his="normal" his_1="variant" his_1_1="variant21" his_1_1_1="allesbehalve" his_1_1_2="alles" his_1_1_3="behalve" his_1_2="normal" id="4" rel="mod">
        <node begin="2" end="3" frame="adverb" getal="ev" id="5" lcat="advp" lemma="alles" naamval="stan" pdtype="pron" persoon="3o" pos="adv" postag="VNW(onbep,pron,stan,vol,3o,ev)" pt="vnw" rel="mwp" root="alles" sense="alles" status="vol" vwtype="onbep" word="alles"/>
        <node begin="3" conjtype="onder" end="4" frame="adverb" id="6" lcat="advp" lemma="behalve" pos="adv" postag="VG(onder)" pt="vg" rel="mwp" root="behalve" sense="behalve" word="behalve"/>
      </node>
      <node begin="4" buiging="zonder" end="5" frame="verb(hebben,inf,intransitive)" his="normal" his_1="normal" id="7" infl="inf" lcat="inf" lemma="studeren" pos="verb" positie="vrij" postag="WW(inf,vrij,zonder)" pt="ww" rel="vc" root="studeer" sc="intransitive" sense="studeer" word="studeren" wvorm="inf"/>
    </node>
    <node begin="5" end="6" frame="punct(punt)" his="normal" his_1="normal" id="8" lcat="punct" lemma="." pos="punct" postag="LET()" pt="let" rel="--" root="." sense="." special="punt" word="."/>
  </node>
  <sentence sentid="1044">Tom doet alles behalve studeren .</sentence>
  <comments>
    <comment>Q#1044|Tom doet alles behalve studeren .|1|1|-1.2377297458000003</comment>
  </comments>
</alpino_ds>
