<?xml version="1.0" encoding="UTF-8"?>
<alpino_ds version="1.15">
  <parser build="Alpino-x86_64-linux-glibc2.5-git1006-sicstus" date="2023-09-25T08:35" cats="1" skips="0" />
  <node begin="0" cat="top" end="12" id="0" rel="top">
    <node begin="0" cat="smain" end="11" id="1" rel="--">
      <node begin="0" cat="conj" end="3" id="2" index="1" rel="su">
        <node begin="0" end="1" frame="proper_name(sg,'PER')" genus="zijd" getal="ev" graad="basis" his="normal" his_1="names_dictionary" id="3" lcat="np" lemma="Tom" naamval="stan" neclass="PER" ntype="eigen" num="sg" pos="name" postag="N(eigen,ev,basis,zijd,stan)" pt="n" rel="cnj" rnum="sg" root="Tom" sense="Tom" word="Tom"/>
        <node begin="1" conjtype="neven" end="2" frame="conj(en)" his="normal" his_1="normal" id="4" lcat="vg" lemma="en" pos="vg" postag="VG(neven)" pt="vg" rel="crd" root="en" sense="en" word="en"/>
        <node begin="2" end="3" frame="proper_name(sg,'PER')" genus="zijd" getal="ev" graad="basis" his="normal" his_1="names_dictionary" id="5" lcat="np" lemma="Mary" naamval="stan" neclass="PER" ntype="eigen" num="sg" pos="name" postag="N(eigen,ev,basis,zijd,stan)" pt="n" rel="cnj" rnum="sg" root="Mary" sense="Mary" word="Mary"/>
      </node>
      <node begin="3" end="4" frame="verb(unacc,pl,fixed([[van,plan],vp],no_passive))" his="normal" his_1="normal" id="6" infl="pl" lcat="smain" lemma="zijn" pos="verb" postag="WW(pv,tgw,mv)" pt="ww" pvagr="mv" pvtijd="tgw" rel="hd" root="ben" sc="fixed([[van,plan],vp],no_passive)" sense="van-plan-ben" stype="declarative" tense="present" v_per="thi" word="zijn" wvorm="pv"/>
      <node begin="4" end="5" frame="adverb" his="normal" his_1="normal" id="7" lcat="advp" lemma="niet" pos="adv" postag="BW()" pt="bw" rel="mod" root="niet" sense="niet" word="niet"/>
      <node begin="5" cat="mwu" end="7" his="normal" his_1="normal" id="8" rel="svp">
        <node begin="5" end="6" frame="fixed_part([van,plan])" id="9" lcat="fixed" lemma="van" pos="fixed" postag="VZ(init)" pt="vz" rel="mwp" root="van" sense="van" vztype="init" word="van"/>
        <node begin="6" end="7" frame="fixed_part([van,plan])" genus="onz" getal="ev" graad="basis" id="10" lcat="fixed" lemma="plan" naamval="stan" ntype="soort" pos="fixed" postag="N(soort,ev,basis,onz,stan)" pt="n" rel="mwp" root="plan" sense="plan" word="plan"/>
      </node>
      <node begin="0" cat="ti" end="11" id="11" rel="vc">
        <node begin="9" end="10" frame="complementizer(te)" his="normal" his_1="normal" id="12" lcat="ti" lemma="te" pos="comp" postag="VZ(init)" pt="vz" rel="cmp" root="te" sc="te" sense="te" vztype="init" word="te"/>
        <node begin="0" cat="inf" end="11" id="13" rel="body">
          <node begin="0" end="3" id="14" index="1" rel="su"/>
          <node begin="7" cat="np" end="9" id="15" rel="obj1">
            <node begin="7" end="8" frame="iets_noun" getal="ev" his="normal" his_1="normal" id="16" lcat="np" lemma="iets" naamval="stan" pdtype="pron" persoon="3o" pos="pron" postag="VNW(onbep,pron,stan,vol,3o,ev)" pt="vnw" rel="hd" rnum="sg" root="iets" sc="iets" sense="iets" status="vol" vwtype="onbep" word="iets"/>
            <node aform="base" begin="8" buiging="met-s" end="9" frame="post_adjective(no_e)" graad="basis" his="normal" his_1="Adj-s" id="17" iets="true" infl="no_e" lcat="ap" lemma="wenselijk" pos="adj" positie="postnom" postag="ADJ(postnom,basis,met-s)" pt="adj" rel="mod" root="wenselijk" sense="wenselijk" special="iets" vform="adj" word="wenselijks"/>
          </node>
          <node begin="10" buiging="zonder" end="11" frame="verb(hebben,inf(no_e),transitive_ndev)" his="normal" his_1="normal" id="18" infl="inf(no_e)" lcat="inf" lemma="doen" pos="verb" positie="vrij" postag="WW(inf,vrij,zonder)" pt="ww" rel="hd" root="doe" sc="transitive_ndev" sense="doe" word="doen" wvorm="inf"/>
        </node>
      </node>
    </node>
    <node begin="11" end="12" frame="punct(punt)" his="normal" his_1="normal" id="19" lcat="punct" lemma="." pos="punct" postag="LET()" pt="let" rel="--" root="." sense="." special="punt" word="."/>
  </node>
  <sentence sentid="105">Tom en Mary zijn niet van plan iets wenselijks te doen .</sentence>
  <comments>
    <comment>Q#105|Tom en Mary zijn niet van plan iets wenselijks te doen .|1|1|-6.6417427442</comment>
  </comments>
</alpino_ds>
