<?xml version="1.0" encoding="UTF-8"?>
<alpino_ds version="1.15">
  <parser build="Alpino-x86_64-linux-glibc2.5-git1006-sicstus" date="2023-09-25T08:39" cats="1" skips="0" />
  <node begin="0" cat="top" end="7" id="0" rel="top">
    <node begin="0" cat="smain" end="6" id="1" rel="--">
      <node begin="0" end="1" frame="proper_name(sg,'PER')" genus="zijd" getal="ev" graad="basis" his="normal" his_1="names_dictionary" id="2" lcat="np" lemma="Tom" naamval="stan" neclass="PER" ntype="eigen" num="sg" pos="name" postag="N(eigen,ev,basis,zijd,stan)" pt="n" rel="su" rnum="sg" root="Tom" sense="Tom" word="Tom"/>
      <node begin="1" end="2" frame="verb(hebben,modal_not_u,transitive_ndev_ndev)" his="normal" his_1="normal" id="3" infl="modal_not_u" lcat="smain" lemma="willen" pos="verb" postag="WW(pv,tgw,ev)" pt="ww" pvagr="ev" pvtijd="tgw" rel="hd" root="wil" sc="transitive_ndev_ndev" sense="wil" stype="declarative" tense="present" v_per="thi" word="wil" wvorm="pv"/>
      <node begin="2" cat="np" end="6" id="4" rel="obj1">
        <node begin="2" end="3" frame="meas_mod_noun(het,mass,sg)" gen="het" getal="ev" his="normal" his_1="normal" id="5" lcat="np" lemma="niets" naamval="stan" num="sg" pdtype="pron" persoon="3o" pos="noun" postag="VNW(onbep,pron,stan,vol,3o,ev)" pt="vnw" rel="hd" rnum="sg" root="niets" sense="niets" special="meas_mod" status="vol" vwtype="onbep" word="niets"/>
        <node begin="3" cat="pp" end="6" id="6" rel="mod">
          <node begin="3" end="4" frame="preposition(van,[af,uit,vandaan,[af,aan]])" his="normal" his_1="normal" id="7" lcat="pp" lemma="van" pos="prep" postag="VZ(init)" pt="vz" rel="hd" root="van" sense="van" vztype="init" word="van"/>
          <node begin="4" cat="np" end="6" id="8" rel="obj1">
            <node begin="4" end="5" frame="name_determiner(pron,'PER')" getal="ev" graad="basis" his="normal" his_1="gen" his_1_1="names_dictionary" id="9" infl="pron" lcat="detp" lemma="Mary" naamval="gen" neclass="PER" ntype="eigen" pos="det" postag="N(eigen,ev,basis,gen)" pt="n" rel="det" root="Mary" sense="Mary" special="name" word="Mary&apos;s"/>
            <node begin="5" end="6" frame="noun(de,count,sg)" gen="de" genus="zijd" getal="ev" graad="basis" his="normal" his_1="normal" id="10" lcat="np" lemma="bundel" naamval="stan" ntype="soort" num="sg" pos="noun" postag="N(soort,ev,basis,zijd,stan)" pt="n" rel="hd" rnum="sg" root="bundel" sense="bundel" word="bundel"/>
          </node>
        </node>
      </node>
    </node>
    <node begin="6" end="7" frame="punct(punt)" his="normal" his_1="normal" id="11" lcat="punct" lemma="." pos="punct" postag="LET()" pt="let" rel="--" root="." sense="." special="punt" word="."/>
  </node>
  <sentence sentid="1058">Tom wil niets van Mary&apos;s bundel .</sentence>
  <comments>
    <comment>Q#1058|Tom wil niets van Mary&apos;s bundel .|1|1|2.2264820529</comment>
  </comments>
</alpino_ds>
