<?xml version="1.0" encoding="UTF-8"?>
<alpino_ds version="1.15">
  <parser build="Alpino-x86_64-linux-glibc2.5-git1006-sicstus" date="2023-09-25T08:35" cats="1" skips="0" />
  <node begin="0" cat="top" end="9" id="0" rel="top">
    <node begin="0" cat="smain" end="8" id="1" rel="--">
      <node begin="0" cat="conj" end="3" id="2" rel="su">
        <node begin="0" end="1" frame="proper_name(sg,'PER')" genus="zijd" getal="ev" graad="basis" his="normal" his_1="names_dictionary" id="3" lcat="np" lemma="Tom" naamval="stan" neclass="PER" ntype="eigen" num="sg" pos="name" postag="N(eigen,ev,basis,zijd,stan)" pt="n" rel="cnj" rnum="sg" root="Tom" sense="Tom" word="Tom"/>
        <node begin="1" conjtype="neven" end="2" frame="conj(en)" his="normal" his_1="normal" id="4" lcat="vg" lemma="en" pos="vg" postag="VG(neven)" pt="vg" rel="crd" root="en" sense="en" word="en"/>
        <node begin="2" end="3" frame="proper_name(sg,'PER')" genus="zijd" getal="ev" graad="basis" his="normal" his_1="names_dictionary" id="5" lcat="np" lemma="Mary" naamval="stan" neclass="PER" ntype="eigen" num="sg" pos="name" postag="N(eigen,ev,basis,zijd,stan)" pt="n" rel="cnj" rnum="sg" root="Mary" sense="Mary" word="Mary"/>
      </node>
      <node begin="3" end="4" frame="verb(unacc,pl,fixed([[van,plan],acc],no_passive))" his="normal" his_1="normal" id="6" infl="pl" lcat="smain" lemma="zijn" pos="verb" postag="WW(pv,tgw,mv)" pt="ww" pvagr="mv" pvtijd="tgw" rel="hd" root="ben" sc="fixed([[van,plan],acc],no_passive)" sense="van-plan-ben" stype="declarative" tense="present" v_per="thi" word="zijn" wvorm="pv"/>
      <node begin="4" cat="np" end="6" id="7" rel="obj1">
        <node begin="4" end="5" frame="iets_noun" getal="ev" his="normal" his_1="normal" id="8" lcat="np" lemma="niets" naamval="stan" pdtype="pron" persoon="3o" pos="pron" postag="VNW(onbep,pron,stan,vol,3o,ev)" pt="vnw" rel="hd" rnum="sg" root="niets" sc="iets" sense="niets" status="vol" vwtype="onbep" word="niets"/>
        <node aform="base" begin="5" buiging="met-s" end="6" frame="post_adjective(no_e)" graad="basis" his="normal" his_1="Adj-s" id="9" iets="true" infl="no_e" lcat="ap" lemma="goed" pos="adj" positie="postnom" postag="ADJ(postnom,basis,met-s)" pt="adj" rel="mod" root="goed" sense="goed" special="iets" vform="adj" word="goeds"/>
      </node>
      <node begin="6" cat="mwu" end="8" his="normal" his_1="normal" id="10" rel="svp">
        <node begin="6" end="7" frame="fixed_part([van,plan])" id="11" lcat="fixed" lemma="van" pos="fixed" postag="VZ(init)" pt="vz" rel="mwp" root="van" sense="van" vztype="init" word="van"/>
        <node begin="7" end="8" frame="fixed_part([van,plan])" genus="onz" getal="ev" graad="basis" id="12" lcat="fixed" lemma="plan" naamval="stan" ntype="soort" pos="fixed" postag="N(soort,ev,basis,onz,stan)" pt="n" rel="mwp" root="plan" sense="plan" word="plan"/>
      </node>
    </node>
    <node begin="8" end="9" frame="punct(punt)" his="normal" his_1="normal" id="13" lcat="punct" lemma="." pos="punct" postag="LET()" pt="let" rel="--" root="." sense="." special="punt" word="."/>
  </node>
  <sentence sentid="106">Tom en Mary zijn niets goeds van plan .</sentence>
  <comments>
    <comment>Q#106|Tom en Mary zijn niets goeds van plan .|1|1|-3.9212856646000005</comment>
  </comments>
</alpino_ds>
