<?xml version="1.0" encoding="UTF-8"?>
<alpino_ds version="1.15">
  <parser build="Alpino-x86_64-linux-glibc2.5-git1006-sicstus" date="2023-09-25T08:39" cats="1" skips="0" />
  <node begin="0" cat="top" end="9" id="0" rel="top">
    <node begin="0" cat="conj" end="8" id="1" rel="--">
      <node begin="0" cat="smain" end="4" id="2" rel="cnj">
        <node begin="0" end="1" frame="proper_name(sg,'PER')" genus="zijd" getal="ev" graad="basis" his="normal" his_1="names_dictionary" id="3" index="1" lcat="np" lemma="Tom" naamval="stan" neclass="PER" ntype="eigen" num="sg" pos="name" postag="N(eigen,ev,basis,zijd,stan)" pt="n" rel="su" rnum="sg" root="Tom" sense="Tom" word="Tom"/>
        <node begin="1" end="2" frame="verb(hebben,past(sg),transitive)" his="normal" his_1="normal" id="4" infl="sg" lcat="smain" lemma="trekken" pos="verb" postag="WW(pv,verl,ev)" pt="ww" pvagr="ev" pvtijd="verl" rel="hd" root="trek" sc="transitive" sense="trek" tense="past" v_per="thi" word="trok" wvorm="pv"/>
        <node begin="2" cat="np" end="4" id="5" rel="obj1">
          <node begin="2" end="3" frame="determiner(een)" his="normal" his_1="normal" id="6" infl="een" lcat="detp" lemma="een" lwtype="onbep" naamval="stan" npagr="agr" pos="det" postag="LID(onbep,stan,agr)" pt="lid" rel="det" root="een" sense="een" word="een"/>
          <node begin="3" end="4" frame="noun(het,count,sg)" gen="het" genus="onz" getal="ev" graad="basis" his="normal" his_1="normal" id="7" lcat="np" lemma="pistool" naamval="stan" ntype="soort" num="sg" pos="noun" postag="N(soort,ev,basis,onz,stan)" pt="n" rel="hd" rnum="sg" root="pistool" sense="pistool" word="pistool"/>
        </node>
      </node>
      <node begin="4" conjtype="neven" end="5" frame="conj(en)" his="normal" his_1="normal" id="8" lcat="vg" lemma="en" pos="vg" postag="VG(neven)" pt="vg" rel="crd" root="en" sense="en" word="en"/>
      <node begin="0" cat="smain" end="8" id="9" rel="cnj">
        <node begin="0" end="1" id="10" index="1" rel="su"/>
        <node begin="5" end="6" frame="verb(hebben,past(sg),part_transitive(neer))" his="normal" his_1="normal" id="11" infl="sg" lcat="smain" lemma="neer_schieten" pos="verb" postag="WW(pv,verl,ev)" pt="ww" pvagr="ev" pvtijd="verl" rel="hd" root="schiet_neer" sc="part_transitive(neer)" sense="schiet_neer" tense="past" v_per="thi" word="schoot" wvorm="pv"/>
        <node begin="6" end="7" frame="proper_name(sg,'PER')" genus="zijd" getal="ev" graad="basis" his="normal" his_1="names_dictionary" id="12" lcat="np" lemma="Mary" naamval="stan" neclass="PER" ntype="eigen" num="sg" pos="name" postag="N(eigen,ev,basis,zijd,stan)" pt="n" rel="obj1" rnum="sg" root="Mary" sense="Mary" word="Mary"/>
        <node begin="7" end="8" frame="particle(neer)" his="normal" his_1="normal" id="13" lcat="part" lemma="neer" pos="part" postag="VZ(fin)" pt="vz" rel="svp" root="neer" sense="neer" vztype="fin" word="neer"/>
      </node>
    </node>
    <node begin="8" end="9" frame="punct(punt)" his="normal" his_1="normal" id="14" lcat="punct" lemma="." pos="punct" postag="LET()" pt="let" rel="--" root="." sense="." special="punt" word="."/>
  </node>
  <sentence sentid="1064">Tom trok een pistool en schoot Mary neer .</sentence>
  <comments>
    <comment>Q#1064|Tom trok een pistool en schoot Mary neer .|1|1|-4.1161817261</comment>
  </comments>
</alpino_ds>
