<?xml version="1.0" encoding="UTF-8"?>
<alpino_ds version="1.15">
  <parser build="Alpino-x86_64-linux-glibc2.5-git1006-sicstus" date="2023-09-25T08:39" cats="1" skips="0" />
  <node begin="0" cat="top" end="12" id="0" rel="top">
    <node begin="0" cat="conj" end="11" id="1" rel="--">
      <node begin="0" cat="smain" end="4" id="2" rel="cnj">
        <node begin="0" end="1" frame="proper_name(sg,'PER')" genus="zijd" getal="ev" graad="basis" his="normal" his_1="names_dictionary" id="3" index="1" lcat="np" lemma="Tom" naamval="stan" neclass="PER" ntype="eigen" num="sg" pos="name" postag="N(eigen,ev,basis,zijd,stan)" pt="n" rel="su" rnum="sg" root="Tom" sense="Tom" word="Tom"/>
        <node begin="1" end="2" frame="verb(hebben,past(sg),transitive)" his="normal" his_1="normal" id="4" infl="sg" lcat="smain" lemma="trekken" pos="verb" postag="WW(pv,verl,ev)" pt="ww" pvagr="ev" pvtijd="verl" rel="hd" root="trek" sc="transitive" sense="trek" tense="past" v_per="thi" word="trok" wvorm="pv"/>
        <node begin="2" cat="np" end="4" id="5" rel="obj1">
          <node begin="2" buiging="zonder" end="3" frame="determiner(pron)" getal="ev" his="normal" his_1="normal" id="6" infl="pron" lcat="detp" lemma="zijn" naamval="stan" npagr="agr" pdtype="det" persoon="3" pos="det" positie="prenom" postag="VNW(bez,det,stan,vol,3,ev,prenom,zonder,agr)" pron="true" pt="vnw" rel="det" root="zijn" sense="zijn" status="vol" vwtype="bez" word="zijn"/>
          <node begin="3" end="4" frame="noun(het,count,sg)" gen="het" genus="onz" getal="ev" graad="basis" his="normal" his_1="normal" id="7" lcat="np" lemma="pistool" naamval="stan" ntype="soort" num="sg" pos="noun" postag="N(soort,ev,basis,onz,stan)" pt="n" rel="hd" rnum="sg" root="pistool" sense="pistool" word="pistool"/>
        </node>
      </node>
      <node begin="4" conjtype="neven" end="5" frame="conj(en)" his="normal" his_1="normal" id="8" lcat="vg" lemma="en" pos="vg" postag="VG(neven)" pt="vg" rel="crd" root="en" sense="en" word="en"/>
      <node begin="0" cat="smain" end="11" id="9" rel="cnj">
        <node begin="0" end="1" id="10" index="1" rel="su"/>
        <node begin="5" end="6" frame="verb(hebben,past(sg),part_transitive(neer))" his="normal" his_1="normal" id="11" infl="sg" lcat="smain" lemma="neer_schieten" pos="verb" postag="WW(pv,verl,ev)" pt="ww" pvagr="ev" pvtijd="verl" rel="hd" root="schiet_neer" sc="part_transitive(neer)" sense="schiet_neer" tense="past" v_per="thi" word="schoot" wvorm="pv"/>
        <node begin="6" cat="np" end="10" id="12" rel="obj1">
          <node begin="6" case="both" def="indef" end="7" frame="pronoun(nwh,thi,sg,de,both,indef,strpro)" gen="de" getal-n="zonder-n" graad="basis" his="normal" his_1="normal" id="13" lcat="np" lemma="één" num="sg" numtype="hoofd" per="thi" pos="pron" positie="nom" postag="TW(hoofd,nom,zonder-n,basis)" pt="tw" rel="hd" rnum="sg" root="één" sense="één" special="strpro" wh="nwh" word="een"/>
          <node begin="7" cat="pp" end="10" id="14" rel="mod">
            <node begin="7" end="8" frame="preposition(van,[af,uit,vandaan,[af,aan]])" his="normal" his_1="normal" id="15" lcat="pp" lemma="van" pos="prep" postag="VZ(init)" pt="vz" rel="hd" root="van" sense="van" vztype="init" word="van"/>
            <node begin="8" cat="np" end="10" id="16" rel="obj1">
              <node begin="8" end="9" frame="determiner(de)" his="normal" his_1="normal" id="17" infl="de" lcat="detp" lemma="de" lwtype="bep" naamval="stan" npagr="rest" pos="det" postag="LID(bep,stan,rest)" pt="lid" rel="det" root="de" sense="de" word="de"/>
              <node begin="9" end="10" frame="noun(de,count,pl)" gen="de" getal="mv" graad="basis" his="normal" his_1="normal" id="18" lcat="np" lemma="man" ntype="soort" num="pl" pos="noun" postag="N(soort,mv,basis)" pt="n" rel="hd" rnum="pl" root="man" sense="man" word="mannen"/>
            </node>
          </node>
        </node>
        <node begin="10" end="11" frame="particle(neer)" his="normal" his_1="normal" id="19" lcat="part" lemma="neer" pos="part" postag="VZ(fin)" pt="vz" rel="svp" root="neer" sense="neer" vztype="fin" word="neer"/>
      </node>
    </node>
    <node begin="11" end="12" frame="punct(punt)" his="normal" his_1="normal" id="20" lcat="punct" lemma="." pos="punct" postag="LET()" pt="let" rel="--" root="." sense="." special="punt" word="."/>
  </node>
  <sentence sentid="1068">Tom trok zijn pistool en schoot een van de mannen neer .</sentence>
  <comments>
    <comment>Q#1068|Tom trok zijn pistool en schoot een van de mannen neer .|1|1|-3.551199340200001</comment>
  </comments>
</alpino_ds>
