<?xml version="1.0" encoding="UTF-8"?>
<alpino_ds version="1.15">
  <parser build="Alpino-x86_64-linux-glibc2.5-git1006-sicstus" date="2023-09-25T08:39" cats="1" skips="0" />
  <node begin="0" cat="top" end="13" id="0" rel="top">
    <node begin="0" cat="conj" end="12" id="1" rel="--">
      <node begin="0" cat="smain" end="8" id="2" rel="cnj">
        <node begin="0" end="1" frame="proper_name(sg,'PER')" genus="zijd" getal="ev" graad="basis" his="normal" his_1="names_dictionary" id="3" lcat="np" lemma="Tom" naamval="stan" neclass="PER" ntype="eigen" num="sg" pos="name" postag="N(eigen,ev,basis,zijd,stan)" pt="n" rel="su" rnum="sg" root="Tom" sense="Tom" word="Tom"/>
        <node begin="1" end="2" frame="verb(hebben,past(sg),aci)" his="normal" his_1="normal" id="4" infl="sg" lcat="smain" lemma="laten" pos="verb" postag="WW(pv,verl,ev)" pt="ww" pvagr="ev" pvtijd="verl" rel="hd" root="laat" sc="aci" sense="laat" stype="declarative" tense="past" v_per="thi" word="liet" wvorm="pv"/>
        <node begin="2" cat="np" end="4" id="5" index="1" rel="obj1">
          <node begin="2" end="3" frame="determiner(een)" his="normal" his_1="normal" id="6" infl="een" lcat="detp" lemma="een" lwtype="onbep" naamval="stan" npagr="agr" pos="det" postag="LID(onbep,stan,agr)" pt="lid" rel="det" root="een" sense="een" word="een"/>
          <node begin="3" end="4" frame="noun(de,count,sg)" gen="de" genus="zijd" getal="ev" graad="basis" his="normal" his_1="normal" id="7" lcat="np" lemma="aardbei" naamval="stan" ntype="soort" num="sg" pos="noun" postag="N(soort,ev,basis,zijd,stan)" pt="n" rel="hd" rnum="sg" root="aardbei" sense="aardbei" word="aardbei"/>
        </node>
        <node begin="2" cat="inf" end="8" id="8" rel="vc">
          <node begin="2" end="4" id="9" index="1" rel="su"/>
          <node begin="4" cat="pp" end="7" id="10" rel="ld">
            <node begin="4" end="5" frame="preposition(op,[af,na])" his="normal" his_1="normal" id="11" lcat="pp" lemma="op" pos="prep" postag="VZ(init)" pt="vz" rel="hd" root="op" sense="op" vztype="init" word="op"/>
            <node begin="5" cat="np" end="7" id="12" rel="obj1">
              <node begin="5" end="6" frame="determiner(de)" his="normal" his_1="normal" id="13" infl="de" lcat="detp" lemma="de" lwtype="bep" naamval="stan" npagr="rest" pos="det" postag="LID(bep,stan,rest)" pt="lid" rel="det" root="de" sense="de" word="de"/>
              <node begin="6" end="7" frame="noun(de,count,sg)" gen="de" genus="zijd" getal="ev" graad="basis" his="normal" his_1="normal" id="14" lcat="np" lemma="grond" naamval="stan" ntype="soort" num="sg" pos="noun" postag="N(soort,ev,basis,zijd,stan)" pt="n" rel="hd" rnum="sg" root="grond" sense="grond" word="grond"/>
            </node>
          </node>
          <node begin="7" buiging="zonder" end="8" frame="verb(unacc,inf,ld_pp)" his="normal" his_1="normal" id="15" infl="inf" lcat="inf" lemma="vallen" pos="verb" positie="vrij" postag="WW(inf,vrij,zonder)" pt="ww" rel="hd" root="val" sc="ld_pp" sense="val" word="vallen" wvorm="inf"/>
        </node>
      </node>
      <node begin="8" conjtype="neven" end="9" frame="conj(en)" his="normal" his_1="normal" id="16" lcat="vg" lemma="en" pos="vg" postag="VG(neven)" pt="vg" rel="crd" root="en" sense="en" word="en"/>
      <node begin="9" cat="smain" end="12" id="17" rel="cnj">
        <node begin="9" end="10" frame="proper_name(sg,'PER')" genus="zijd" getal="ev" graad="basis" his="normal" his_1="names_dictionary" id="18" lcat="np" lemma="Mary" naamval="stan" neclass="PER" ntype="eigen" num="sg" pos="name" postag="N(eigen,ev,basis,zijd,stan)" pt="n" rel="su" rnum="sg" root="Mary" sense="Mary" word="Mary"/>
        <node begin="10" end="11" frame="verb(zijn,past(sg),ld_pp)" his="normal" his_1="normal" id="19" infl="sg" lcat="smain" lemma="stappen" pos="verb" postag="WW(pv,verl,ev)" pt="ww" pvagr="ev" pvtijd="verl" rel="hd" root="stap" sc="ld_pp" sense="stap" stype="declarative" tense="past" v_per="thi" word="stapte" wvorm="pv"/>
        <node begin="11" end="12" frame="er_adverb(op)" his="normal" his_1="normal" id="20" lcat="pp" lemma="erop" pos="pp" postag="BW()" pt="bw" rel="ld" root="erop" sense="erop" special="er" word="erop"/>
      </node>
    </node>
    <node begin="12" end="13" frame="punct(punt)" his="normal" his_1="normal" id="21" lcat="punct" lemma="." pos="punct" postag="LET()" pt="let" rel="--" root="." sense="." special="punt" word="."/>
  </node>
  <sentence sentid="1078">Tom liet een aardbei op de grond vallen en Mary stapte erop .</sentence>
  <comments>
    <comment>Q#1078|Tom liet een aardbei op de grond vallen en Mary stapte erop .|1|1|-1.838802938899999</comment>
  </comments>
</alpino_ds>
