<?xml version="1.0" encoding="UTF-8"?>
<alpino_ds version="1.15">
  <parser build="Alpino-x86_64-linux-glibc2.5-git1006-sicstus" date="2023-09-25T08:39" cats="1" skips="0" />
  <node begin="0" cat="top" end="5" id="0" rel="top">
    <node begin="0" cat="smain" end="5" id="1" rel="--">
      <node begin="0" end="1" frame="proper_name(sg,'PER')" genus="zijd" getal="ev" graad="basis" his="normal" his_1="names_dictionary" id="2" lcat="np" lemma="Tom" naamval="stan" neclass="PER" ntype="eigen" num="sg" pos="name" postag="N(eigen,ev,basis,zijd,stan)" pt="n" rel="su" rnum="sg" root="Tom" sense="Tom" word="Tom"/>
      <node begin="1" end="2" frame="verb(hebben,past(sg),aci)" his="normal" his_1="normal" id="3" infl="sg" lcat="smain" lemma="laten" pos="verb" postag="WW(pv,verl,ev)" pt="ww" pvagr="ev" pvtijd="verl" rel="hd" root="laat" sc="aci" sense="laat" stype="declarative" tense="past" v_per="thi" word="liet" wvorm="pv"/>
      <node begin="2" cat="np" end="4" id="4" index="1" rel="obj1">
        <node begin="2" buiging="zonder" end="3" frame="determiner(pron)" getal="ev" his="normal" his_1="normal" id="5" infl="pron" lcat="detp" lemma="zijn" naamval="stan" npagr="agr" pdtype="det" persoon="3" pos="det" positie="prenom" postag="VNW(bez,det,stan,vol,3,ev,prenom,zonder,agr)" pron="true" pt="vnw" rel="det" root="zijn" sense="zijn" status="vol" vwtype="bez" word="zijn"/>
        <node begin="3" end="4" frame="noun(de,count,sg)" gen="de" genus="zijd" getal="ev" graad="basis" his="normal" his_1="normal" id="6" lcat="np" lemma="koffer" naamval="stan" ntype="soort" num="sg" pos="noun" postag="N(soort,ev,basis,zijd,stan)" pt="n" rel="hd" rnum="sg" root="koffer" sense="koffer" word="koffer"/>
      </node>
      <node begin="2" cat="inf" end="5" id="7" rel="vc">
        <node begin="2" end="4" id="8" index="1" rel="su"/>
        <node begin="4" buiging="zonder" end="5" frame="verb(unacc,inf,intransitive)" his="normal" his_1="normal" id="9" infl="inf" lcat="inf" lemma="vallen" pos="verb" positie="vrij" postag="WW(inf,vrij,zonder)" pt="ww" rel="hd" root="val" sc="intransitive" sense="val" word="vallen" wvorm="inf"/>
      </node>
    </node>
  </node>
  <sentence sentid="1081">Tom liet zijn koffer vallen</sentence>
  <comments>
    <comment>Q#1081|Tom liet zijn koffer vallen|1|1|-0.8006000506999996</comment>
  </comments>
</alpino_ds>
