<?xml version="1.0" encoding="UTF-8"?>
<alpino_ds version="1.15">
  <parser build="Alpino-x86_64-linux-glibc2.5-git1006-sicstus" date="2023-09-25T08:39" cats="1" skips="0" />
  <node begin="0" cat="top" end="9" id="0" rel="top">
    <node begin="0" cat="conj" end="8" id="1" rel="--">
      <node begin="0" cat="smain" end="5" id="2" rel="cnj">
        <node begin="0" end="1" frame="proper_name(sg,'PER')" genus="zijd" getal="ev" graad="basis" his="normal" his_1="names_dictionary" id="3" index="1" lcat="np" lemma="Tom" naamval="stan" neclass="PER" ntype="eigen" num="sg" pos="name" postag="N(eigen,ev,basis,zijd,stan)" pt="n" rel="su" rnum="sg" root="Tom" sense="Tom" word="Tom"/>
        <node begin="1" end="2" frame="verb(hebben,past(sg),aci)" his="normal" his_1="normal" id="4" infl="sg" lcat="smain" lemma="laten" pos="verb" postag="WW(pv,verl,ev)" pt="ww" pvagr="ev" pvtijd="verl" rel="hd" root="laat" sc="aci" sense="laat" tense="past" v_per="thi" word="liet" wvorm="pv"/>
        <node begin="2" cat="np" end="4" id="5" index="2" rel="obj1">
          <node begin="2" buiging="zonder" end="3" frame="determiner(pron)" getal="ev" his="normal" his_1="normal" id="6" infl="pron" lcat="detp" lemma="zijn" naamval="stan" npagr="agr" pdtype="det" persoon="3" pos="det" positie="prenom" postag="VNW(bez,det,stan,vol,3,ev,prenom,zonder,agr)" pron="true" pt="vnw" rel="det" root="zijn" sense="zijn" status="vol" vwtype="bez" word="zijn"/>
          <node begin="3" end="4" frame="noun(de,count,sg)" gen="de" genus="zijd" getal="ev" graad="basis" his="normal" his_1="normal" id="7" lcat="np" lemma="koffer" naamval="stan" ntype="soort" num="sg" pos="noun" postag="N(soort,ev,basis,zijd,stan)" pt="n" rel="hd" rnum="sg" root="koffer" sense="koffer" word="koffer"/>
        </node>
        <node begin="2" cat="inf" end="5" id="8" rel="vc">
          <node begin="2" end="4" id="9" index="2" rel="su"/>
          <node begin="4" buiging="zonder" end="5" frame="verb(unacc,inf,intransitive)" his="normal" his_1="normal" id="10" infl="inf" lcat="inf" lemma="vallen" pos="verb" positie="vrij" postag="WW(inf,vrij,zonder)" pt="ww" rel="hd" root="val" sc="intransitive" sense="val" word="vallen" wvorm="inf"/>
        </node>
      </node>
      <node begin="5" conjtype="neven" end="6" frame="conj(en)" his="normal" his_1="normal" id="11" lcat="vg" lemma="en" pos="vg" postag="VG(neven)" pt="vg" rel="crd" root="en" sense="en" word="en"/>
      <node begin="0" cat="smain" end="8" id="12" rel="cnj">
        <node begin="0" end="1" id="13" index="1" rel="su"/>
        <node begin="6" end="7" frame="verb(zijn,past(sg),part_intransitive(weg))" his="normal" his_1="normal" id="14" infl="sg" lcat="smain" lemma="weg_rennen" pos="verb" postag="WW(pv,verl,ev)" pt="ww" pvagr="ev" pvtijd="verl" rel="hd" root="ren_weg" sc="part_intransitive(weg)" sense="ren_weg" tense="past" v_per="thi" word="rende" wvorm="pv"/>
        <node begin="7" end="8" frame="particle(weg)" his="normal" his_1="normal" id="15" lcat="part" lemma="weg" pos="part" postag="BW()" pt="bw" rel="svp" root="weg" sense="weg" word="weg"/>
      </node>
    </node>
    <node begin="8" end="9" frame="punct(punt)" his="normal" his_1="normal" id="16" lcat="punct" lemma="." pos="punct" postag="LET()" pt="let" rel="--" root="." sense="." special="punt" word="."/>
  </node>
  <sentence sentid="1082">Tom liet zijn koffer vallen en rende weg .</sentence>
  <comments>
    <comment>Q#1082|Tom liet zijn koffer vallen en rende weg .|1|1|-3.3735749355</comment>
  </comments>
</alpino_ds>
