<?xml version="1.0" encoding="UTF-8"?>
<alpino_ds version="1.15">
  <parser build="Alpino-x86_64-linux-glibc2.5-git1006-sicstus" date="2023-09-25T08:39" cats="1" skips="0" />
  <node begin="0" cat="top" end="9" id="0" rel="top">
    <node begin="0" cat="smain" end="8" id="1" rel="--">
      <node begin="0" end="1" frame="proper_name(sg,'PER')" genus="zijd" getal="ev" graad="basis" his="normal" his_1="names_dictionary" id="2" lcat="np" lemma="Tom" naamval="stan" neclass="PER" ntype="eigen" num="sg" pos="name" postag="N(eigen,ev,basis,zijd,stan)" pt="n" rel="su" rnum="sg" root="Tom" sense="Tom" word="Tom"/>
      <node begin="1" end="2" frame="verb(hebben,past(sg),transitive)" his="normal" his_1="normal" id="3" infl="sg" lcat="smain" lemma="verdienen" pos="verb" postag="WW(pv,verl,ev)" pt="ww" pvagr="ev" pvtijd="verl" rel="hd" root="verdien" sc="transitive" sense="verdien" stype="declarative" tense="past" v_per="thi" word="verdiende" wvorm="pv"/>
      <node begin="2" cat="np" end="4" id="4" rel="obj1">
        <node begin="2" end="3" frame="determiner(wat,nwh,mod,pro,nparg,ntopicpro)" getal="ev" his="normal" his_1="normal" id="5" infl="wat" lcat="detp" lemma="wat" naamval="stan" pdtype="pron" persoon="3o" pos="det" postag="VNW(onbep,pron,stan,vol,3o,ev)" pt="vnw" rel="det" root="wat" sense="wat" status="vol" vwtype="onbep" wh="nwh" word="wat"/>
        <node begin="3" end="4" frame="noun(het,count,sg)" gen="het" genus="onz" getal="ev" graad="basis" his="dt" id="6" lcat="np" lemma="geld" naamval="stan" ntype="soort" num="sg" pos="noun" postag="N(soort,ev,basis,onz,stan)" pt="n" rel="hd" rnum="sg" root="geld" sense="geld" word="gelt"/>
      </node>
      <node begin="4" cat="cp" end="8" id="7" rel="mod">
        <node begin="4" end="5" frame="complementizer(inf)" his="normal" his_1="normal" id="8" lcat="cp" lemma="door" pos="comp" postag="VZ(init)" pt="vz" rel="cmp" root="door" sc="inf" sense="door" vztype="init" word="door"/>
        <node begin="5" cat="ti" end="8" id="9" rel="body">
          <node begin="6" end="7" frame="complementizer(te)" his="normal" his_1="normal" id="10" lcat="ti" lemma="te" pos="comp" postag="VZ(init)" pt="vz" rel="cmp" root="te" sc="te" sense="te" vztype="init" word="te"/>
          <node begin="5" cat="inf" end="8" id="11" rel="body">
            <node begin="5" end="6" frame="noun(het,count,pl)" gen="het" getal="mv" graad="basis" his="normal" his_1="normal" id="12" lcat="np" lemma="gazon" ntype="soort" num="pl" pos="noun" postag="N(soort,mv,basis)" pt="n" rel="obj1" rnum="pl" root="gazon" sense="gazon" word="gazons"/>
            <node begin="7" buiging="zonder" end="8" frame="verb(hebben,inf,transitive)" his="normal" his_1="normal" id="13" infl="inf" lcat="inf" lemma="maaien" pos="verb" positie="vrij" postag="WW(inf,vrij,zonder)" pt="ww" rel="hd" root="maai" sc="transitive" sense="maai" word="maaien" wvorm="inf"/>
          </node>
        </node>
      </node>
    </node>
    <node begin="8" end="9" frame="punct(punt)" his="normal" his_1="normal" id="14" lcat="punct" lemma="." pos="punct" postag="LET()" pt="let" rel="--" root="." sense="." special="punt" word="."/>
  </node>
  <sentence sentid="1091">Tom verdiende wat gelt door gazons te maaien .</sentence>
  <comments>
    <comment>Q#1091|Tom verdiende wat gelt door gazons te maaien .|1|1|-5.051287939700001</comment>
  </comments>
</alpino_ds>
