<?xml version="1.0" encoding="UTF-8"?>
<alpino_ds version="1.15">
  <parser build="Alpino-x86_64-linux-glibc2.5-git1006-sicstus" date="2023-09-25T08:39" cats="1" skips="0" />
  <node begin="0" cat="top" end="8" id="0" rel="top">
    <node begin="0" cat="smain" end="7" id="1" rel="--">
      <node begin="0" end="1" frame="proper_name(sg,'PER')" genus="zijd" getal="ev" graad="basis" his="normal" his_1="names_dictionary" id="2" lcat="np" lemma="Tom" naamval="stan" neclass="PER" ntype="eigen" num="sg" pos="name" postag="N(eigen,ev,basis,zijd,stan)" pt="n" rel="su" rnum="sg" root="Tom" sense="Tom" word="Tom"/>
      <node begin="1" end="2" frame="verb(hebben,sg,transitive)" his="normal" his_1="normal" id="3" infl="sg" lcat="smain" lemma="eten" pos="verb" postag="WW(pv,tgw,ev)" pt="ww" pvagr="ev" pvtijd="tgw" rel="hd" root="eet" sc="transitive" sense="eet" stype="declarative" tense="present" v_per="thi" word="eet" wvorm="pv"/>
      <node begin="2" end="3" frame="noun(het,count,pl)" gen="het" getal="mv" graad="basis" his="normal" his_1="normal" id="4" lcat="np" lemma="ei" ntype="soort" num="pl" pos="noun" postag="N(soort,mv,basis)" pt="n" rel="obj1" rnum="pl" root="ei" sense="ei" word="eieren"/>
      <node begin="3" cat="pp" end="7" id="5" rel="mod">
        <node begin="3" end="4" frame="preposition(zonder,[])" his="normal" his_1="normal" id="6" lcat="pp" lemma="zonder" pos="prep" postag="VZ(init)" pt="vz" rel="hd" root="zonder" sense="zonder" vztype="init" word="zonder"/>
        <node begin="4" cat="conj" end="7" id="7" rel="obj1">
          <node begin="4" end="5" frame="noun(het,count,sg)" gen="het" genus="onz" getal="ev" graad="basis" his="normal" his_1="normal" id="8" lcat="np" lemma="zout" naamval="stan" ntype="soort" num="sg" pos="noun" postag="N(soort,ev,basis,onz,stan)" pt="n" rel="cnj" rnum="sg" root="zout" sense="zout" word="zout"/>
          <node begin="5" conjtype="neven" end="6" frame="conj(of)" his="normal" his_1="normal" id="9" lcat="vg" lemma="of" pos="vg" postag="VG(neven)" pt="vg" rel="crd" root="of" sense="of" word="of"/>
          <node begin="6" end="7" frame="noun(de,count,sg)" gen="de" genus="zijd" getal="ev" graad="basis" his="normal" his_1="normal" id="10" lcat="np" lemma="peper" naamval="stan" ntype="soort" num="sg" pos="noun" postag="N(soort,ev,basis,zijd,stan)" pt="n" rel="cnj" rnum="sg" root="peper" sense="peper" word="peper"/>
        </node>
      </node>
    </node>
    <node begin="7" end="8" frame="punct(punt)" his="normal" his_1="normal" id="11" lcat="punct" lemma="." pos="punct" postag="LET()" pt="let" rel="--" root="." sense="." special="punt" word="."/>
  </node>
  <sentence sentid="1113">Tom eet eieren zonder zout of peper .</sentence>
  <comments>
    <comment>Q#1113|Tom eet eieren zonder zout of peper .|1|1|-1.8038953657000016</comment>
  </comments>
</alpino_ds>
