<?xml version="1.0" encoding="UTF-8"?>
<alpino_ds version="1.15">
  <parser build="Alpino-x86_64-linux-glibc2.5-git1006-sicstus" date="2023-09-25T08:39" cats="1" skips="0" />
  <node begin="0" cat="top" end="7" id="0" rel="top">
    <node begin="0" cat="smain" end="6" id="1" rel="--">
      <node begin="0" end="1" frame="proper_name(sg,'PER')" genus="zijd" getal="ev" graad="basis" his="normal" his_1="names_dictionary" id="2" lcat="np" lemma="Tom" naamval="stan" neclass="PER" ntype="eigen" num="sg" pos="name" postag="N(eigen,ev,basis,zijd,stan)" pt="n" rel="su" rnum="sg" root="Tom" sense="Tom" word="Tom"/>
      <node begin="1" end="2" frame="verb(unacc,sg3,nonp_copula)" his="normal" his_1="normal" id="3" infl="sg3" lcat="smain" lemma="vallen" pos="verb" postag="WW(pv,tgw,met-t)" pt="ww" pvagr="met-t" pvtijd="tgw" rel="hd" root="val" sc="nonp_copula" sense="val" stype="declarative" tense="present" v_per="thi" word="valt" wvorm="pv"/>
      <node begin="2" cat="np" end="4" id="4" rel="mod">
        <node begin="2" buiging="met-e" end="3" frame="determiner(elke,nwh,mod)" his="normal" his_1="normal" id="5" infl="elke" lcat="detp" lemma="elk" naamval="stan" npagr="evz" pdtype="det" pos="det" positie="prenom" postag="VNW(onbep,det,stan,prenom,met-e,evz)" pt="vnw" rel="det" root="elk" sense="elk" vwtype="onbep" wh="nwh" word="elke"/>
        <node begin="3" end="4" frame="tmp_noun(de,count,meas)" gen="de" genus="zijd" getal="ev" graad="basis" his="normal" his_1="normal" id="6" lcat="np" lemma="keer" naamval="stan" ntype="soort" num="meas" pos="noun" postag="N(soort,ev,basis,zijd,stan)" pt="n" rel="hd" rnum="sg" root="keer" sense="keer" special="tmp" word="keer"/>
      </node>
      <node begin="4" cat="pp" end="6" id="7" rel="predc">
        <node begin="4" end="5" frame="preposition(in,[])" his="normal" his_1="normal" id="8" lcat="pp" lemma="in" pos="prep" postag="VZ(init)" pt="vz" rel="hd" root="in" sense="in" vztype="init" word="in"/>
        <node begin="5" end="6" frame="noun(de,both,sg,pred_pp(in))" gen="de" genus="zijd" getal="ev" graad="basis" his="normal" his_1="normal" id="9" lcat="np" lemma="slaap" naamval="stan" ntype="soort" num="sg" pos="noun" postag="N(soort,ev,basis,zijd,stan)" pt="n" rel="obj1" rnum="sg" root="slaap" sc="pred_pp(in)" sense="slaap" word="slaap"/>
      </node>
    </node>
    <node begin="6" end="7" frame="punct(punt)" his="normal" his_1="normal" id="10" lcat="punct" lemma="." pos="punct" postag="LET()" pt="let" rel="--" root="." sense="." special="punt" word="."/>
  </node>
  <sentence sentid="1118">Tom valt elke keer in slaap .</sentence>
  <comments>
    <comment>Q#1118|Tom valt elke keer in slaap .|1|1|-2.4145769028000013</comment>
  </comments>
</alpino_ds>
