<?xml version="1.0" encoding="UTF-8"?>
<alpino_ds version="1.15">
  <parser build="Alpino-x86_64-linux-glibc2.5-git1006-sicstus" date="2023-09-25T08:39" cats="1" skips="0" />
  <node begin="0" cat="top" end="11" id="0" rel="top">
    <node begin="0" cat="smain" end="10" id="1" rel="--">
      <node begin="0" end="1" frame="proper_name(sg,'PER')" genus="zijd" getal="ev" graad="basis" his="normal" his_1="names_dictionary" id="2" lcat="np" lemma="Tom" naamval="stan" neclass="PER" ntype="eigen" num="sg" pos="name" postag="N(eigen,ev,basis,zijd,stan)" pt="n" rel="su" rnum="sg" root="Tom" sense="Tom" word="Tom"/>
      <node begin="1" end="2" frame="verb(unacc,sg3,nonp_copula)" his="normal" his_1="normal" id="3" infl="sg3" lcat="smain" lemma="vallen" pos="verb" postag="WW(pv,tgw,met-t)" pt="ww" pvagr="met-t" pvtijd="tgw" rel="hd" root="val" sc="nonp_copula" sense="val" stype="declarative" tense="present" v_per="thi" word="valt" wvorm="pv"/>
      <node begin="2" cat="np" end="4" id="4" rel="mod">
        <node begin="2" buiging="met-e" end="3" frame="determiner(elke,nwh,mod)" his="normal" his_1="normal" id="5" infl="elke" lcat="detp" lemma="elk" naamval="stan" npagr="evz" pdtype="det" pos="det" positie="prenom" postag="VNW(onbep,det,stan,prenom,met-e,evz)" pt="vnw" rel="det" root="elk" sense="elk" vwtype="onbep" wh="nwh" word="elke"/>
        <node begin="3" end="4" frame="tmp_noun(de,count,sg)" gen="de" genus="zijd" getal="ev" graad="basis" his="normal" his_1="normal" id="6" lcat="np" lemma="avond" naamval="stan" ntype="soort" num="sg" pos="noun" postag="N(soort,ev,basis,zijd,stan)" pt="n" rel="hd" rnum="sg" root="avond" sense="avond" special="tmp" word="avond"/>
      </node>
      <node begin="4" cat="pp" end="6" id="7" rel="predc">
        <node begin="4" end="5" frame="preposition(in,[])" his="normal" his_1="normal" id="8" lcat="pp" lemma="in" pos="prep" postag="VZ(init)" pt="vz" rel="hd" root="in" sense="in" vztype="init" word="in"/>
        <node begin="5" end="6" frame="noun(de,both,sg,pred_pp(in))" gen="de" genus="zijd" getal="ev" graad="basis" his="normal" his_1="normal" id="9" lcat="np" lemma="slaap" naamval="stan" ntype="soort" num="sg" pos="noun" postag="N(soort,ev,basis,zijd,stan)" pt="n" rel="obj1" rnum="sg" root="slaap" sc="pred_pp(in)" sense="slaap" word="slaap"/>
      </node>
      <node begin="6" cat="cp" end="10" id="10" rel="mod">
        <node begin="6" conjtype="onder" end="7" frame="complementizer" his="normal" his_1="normal" id="11" lcat="cp" lemma="terwijl" pos="comp" postag="VG(onder)" pt="vg" rel="cmp" root="terwijl" sense="terwijl" word="terwijl"/>
        <node begin="7" cat="ssub" end="10" id="12" rel="body">
          <node begin="7" case="nom" def="def" end="8" frame="pronoun(nwh,thi,sg,de,nom,def)" gen="de" genus="masc" getal="ev" his="normal" his_1="normal" id="13" lcat="np" lemma="hij" naamval="nomin" num="sg" pdtype="pron" per="thi" persoon="3" pos="pron" postag="VNW(pers,pron,nomin,vol,3,ev,masc)" pt="vnw" rel="su" rnum="sg" root="hij" sense="hij" status="vol" vwtype="pers" wh="nwh" word="hij"/>
          <node begin="8" end="9" frame="fixed_part([tv])" genus="zijd" getal="ev" graad="basis" his="normal" his_1="normal" id="14" lcat="fixed" lemma="tv" naamval="stan" ntype="soort" pos="fixed" postag="N(soort,ev,basis,zijd,stan)" pt="n" rel="svp" root="tv" sense="tv" word="tv"/>
          <node begin="9" end="10" frame="verb(hebben,sg3,fixed([[tv]],imp_passive))" his="normal" his_1="normal" id="15" infl="sg3" lcat="ssub" lemma="kijken" pos="verb" postag="WW(pv,tgw,met-t)" pt="ww" pvagr="met-t" pvtijd="tgw" rel="hd" root="kijk" sc="fixed([[tv]],imp_passive)" sense="tv-kijk" tense="present" v_per="thi" word="kijkt" wvorm="pv"/>
        </node>
      </node>
    </node>
    <node begin="10" end="11" frame="punct(punt)" his="normal" his_1="normal" id="16" lcat="punct" lemma="." pos="punct" postag="LET()" pt="let" rel="--" root="." sense="." special="punt" word="."/>
  </node>
  <sentence sentid="1119">Tom valt elke avond in slaap terwijl hij tv kijkt .</sentence>
  <comments>
    <comment>Q#1119|Tom valt elke avond in slaap terwijl hij tv kijkt .|1|1|-6.1710763148000005</comment>
  </comments>
</alpino_ds>
