<?xml version="1.0" encoding="UTF-8"?>
<alpino_ds version="1.15">
  <parser build="Alpino-x86_64-linux-glibc2.5-git1006-sicstus" date="2023-09-25T08:39" cats="1" skips="0" />
  <node begin="0" cat="top" end="24" id="0" rel="top">
    <node begin="9" end="10" frame="punct(komma)" his="normal" his_1="normal" id="1" lcat="punct" lemma="," pos="punct" postag="LET()" pt="let" rel="--" root="," sense="," special="komma" word=","/>
    <node begin="0" cat="conj" end="23" id="2" rel="--">
      <node begin="0" cat="smain" end="9" id="3" rel="cnj">
        <node begin="0" end="1" frame="proper_name(sg,'PER')" genus="zijd" getal="ev" graad="basis" his="normal" his_1="names_dictionary" id="4" lcat="np" lemma="Tom" naamval="stan" neclass="PER" ntype="eigen" num="sg" pos="name" postag="N(eigen,ev,basis,zijd,stan)" pt="n" rel="su" rnum="sg" root="Tom" sense="Tom" word="Tom"/>
        <node begin="1" end="2" frame="verb(hebben,past(sg),sbar)" his="normal" his_1="normal" id="5" infl="sg" lcat="smain" lemma="voelen" pos="verb" postag="WW(pv,verl,ev)" pt="ww" pvagr="ev" pvtijd="verl" rel="hd" root="voel" sc="sbar" sense="voel" stype="declarative" tense="past" v_per="thi" word="voelde" wvorm="pv"/>
        <node aform="base" begin="2" buiging="zonder" end="3" frame="adjective(no_e(locadv))" graad="basis" his="normal" his_1="normal" id="6" infl="no_e" lcat="ap" lemma="diep" pos="adj" positie="vrij" postag="ADJ(vrij,basis,zonder)" pt="adj" rel="mod" root="diep" sense="diep" vform="adj" word="diep"/>
        <node begin="3" cat="pp" end="5" id="7" rel="mod">
          <node begin="3" end="4" frame="preposition(van,[af,uit,vandaan],loc_adv)" his="normal" his_1="normal" id="8" lcat="pp" lemma="van" pos="prep" postag="VZ(init)" pt="vz" rel="hd" root="van" sc="loc_adv" sense="van" vztype="init" word="van"/>
          <node begin="4" end="5" frame="loc_adverb" his="normal" his_1="normal" id="9" lcat="advp" lemma="binnen" pos="adv" postag="VZ(fin)" pt="vz" rel="obj1" root="binnen" sense="binnen" special="loc" vztype="fin" word="binnen"/>
        </node>
        <node begin="5" cat="cp" end="9" id="10" rel="vc">
          <node begin="5" conjtype="onder" end="6" frame="complementizer(dat)" his="normal" his_1="normal" id="11" lcat="cp" lemma="dat" pos="comp" postag="VG(onder)" pt="vg" rel="cmp" root="dat" sc="dat" sense="dat" word="dat"/>
          <node begin="6" cat="ssub" end="9" id="12" rel="body">
            <node begin="6" end="7" frame="proper_name(sg,'PER')" genus="zijd" getal="ev" graad="basis" his="normal" his_1="names_dictionary" id="13" lcat="np" lemma="Mary" naamval="stan" neclass="PER" ntype="eigen" num="sg" pos="name" postag="N(eigen,ev,basis,zijd,stan)" pt="n" rel="su" rnum="sg" root="Mary" sense="Mary" word="Mary"/>
            <node begin="7" end="8" frame="adverb" his="normal" his_1="normal" id="14" lcat="advp" lemma="nog" pos="adv" postag="BW()" pt="bw" rel="mod" root="nog" sense="nog" word="nog"/>
            <node begin="8" end="9" frame="verb(hebben,past(sg),intransitive)" his="normal" his_1="normal" id="15" infl="sg" lcat="ssub" lemma="leven" pos="verb" postag="WW(pv,verl,ev)" pt="ww" pvagr="ev" pvtijd="verl" rel="hd" root="leef" sc="intransitive" sense="leef" tense="past" v_per="thi" word="leefde" wvorm="pv"/>
          </node>
        </node>
      </node>
      <node begin="10" conjtype="neven" end="11" frame="conj(en)" his="normal" his_1="normal" id="16" lcat="vg" lemma="en" pos="vg" postag="VG(neven)" pt="vg" rel="crd" root="en" sense="en" word="en"/>
      <node begin="11" cat="smain" end="23" id="17" rel="cnj">
        <node begin="11" case="nom" def="def" end="12" frame="pronoun(nwh,thi,sg,de,nom,def)" gen="de" genus="masc" getal="ev" his="normal" his_1="normal" id="18" lcat="np" lemma="hij" naamval="nomin" num="sg" pdtype="pron" per="thi" persoon="3" pos="pron" postag="VNW(pers,pron,nomin,vol,3,ev,masc)" pt="vnw" rel="su" rnum="sg" root="hij" sense="hij" status="vol" vwtype="pers" wh="nwh" word="hij"/>
        <node begin="12" end="13" frame="verb(hebben,past(sg),part_transitive(op))" his="normal" his_1="normal" id="19" infl="sg" lcat="smain" lemma="op_geven" pos="verb" postag="WW(pv,verl,ev)" pt="ww" pvagr="ev" pvtijd="verl" rel="hd" root="geef_op" sc="part_transitive(op)" sense="geef_op" stype="declarative" tense="past" v_per="thi" word="gaf" wvorm="pv"/>
        <node begin="15" end="16" frame="adverb" his="normal" his_1="normal" id="20" lcat="advp" lemma="niet" pos="adv" postag="BW()" pt="bw" rel="mod" root="niet" sense="niet" word="niet"/>
        <node begin="16" end="17" frame="particle(op)" his="normal" his_1="normal" id="21" lcat="part" lemma="op" pos="part" postag="VZ(fin)" pt="vz" rel="svp" root="op" sense="op" vztype="fin" word="op"/>
        <node begin="13" cat="np" end="23" id="22" rel="obj1">
          <node begin="13" end="14" frame="determiner(de)" his="normal" his_1="normal" id="23" infl="de" lcat="detp" lemma="de" lwtype="bep" naamval="stan" npagr="rest" pos="det" postag="LID(bep,stan,rest)" pt="lid" rel="det" root="de" sense="de" word="de"/>
          <node begin="14" end="15" frame="noun(de,mass,sg,vp)" gen="de" genus="zijd" getal="ev" graad="basis" his="normal" his_1="normal" id="24" lcat="np" lemma="hoop" naamval="stan" ntype="soort" num="sg" pos="noun" postag="N(soort,ev,basis,zijd,stan)" pt="n" rel="hd" rnum="sg" root="hoop" sc="vp" sense="hoop" word="hoop"/>
          <node begin="17" cat="conj" end="23" id="25" rel="vc">
            <node begin="17" cat="ti" end="20" id="26" rel="cnj">
              <node begin="18" end="19" frame="complementizer(te)" his="normal" his_1="normal" id="27" lcat="ti" lemma="te" pos="comp" postag="VZ(init)" pt="vz" rel="cmp" root="te" sc="te" sense="te" vztype="init" word="te"/>
              <node begin="17" cat="inf" end="20" id="28" rel="body">
                <node begin="17" case="dat_acc" def="def" end="18" frame="pronoun(nwh,thi,sg,de,dat_acc,def)" gen="de" genus="fem" getal="getal" his="normal" his_1="normal" id="29" index="1" lcat="np" lemma="haar" naamval="obl" num="sg" pdtype="pron" per="thi" persoon="3" pos="pron" postag="VNW(pers,pron,obl,vol,3,getal,fem)" pt="vnw" rel="obj1" rnum="sg" root="haar" sense="haar" status="vol" vwtype="pers" wh="nwh" word="haar"/>
                <node begin="19" buiging="zonder" end="20" frame="verb(hebben,inf,transitive_ndev_ndev)" his="normal" his_1="normal" id="30" infl="inf" lcat="inf" lemma="vinden" pos="verb" positie="vrij" postag="WW(inf,vrij,zonder)" pt="ww" rel="hd" root="vind" sc="transitive_ndev_ndev" sense="vind" word="vinden" wvorm="inf"/>
              </node>
            </node>
            <node begin="20" conjtype="neven" end="21" frame="conj(en)" his="normal" his_1="normal" id="31" lcat="vg" lemma="en" pos="vg" postag="VG(neven)" pt="vg" rel="crd" root="en" sense="en" word="en"/>
            <node begin="17" cat="ti" end="23" id="32" rel="cnj">
              <node begin="21" end="22" frame="complementizer(te)" his="normal" his_1="normal" id="33" lcat="ti" lemma="te" pos="comp" postag="VZ(init)" pt="vz" rel="cmp" root="te" sc="te" sense="te" vztype="init" word="te"/>
              <node begin="17" cat="inf" end="23" id="34" rel="body">
                <node begin="17" end="18" id="35" index="1" rel="obj1"/>
                <node begin="22" buiging="zonder" end="23" frame="verb(hebben,inf,transitive)" his="normal" his_1="normal" id="36" infl="inf" lcat="inf" lemma="redden" pos="verb" positie="vrij" postag="WW(inf,vrij,zonder)" pt="ww" rel="hd" root="red" sc="transitive" sense="red" word="redden" wvorm="inf"/>
              </node>
            </node>
          </node>
        </node>
      </node>
    </node>
    <node begin="23" end="24" frame="punct(punt)" his="normal" his_1="normal" id="37" lcat="punct" lemma="." pos="punct" postag="LET()" pt="let" rel="--" root="." sense="." special="punt" word="."/>
  </node>
  <sentence sentid="1125">Tom voelde diep van binnen dat Mary nog leefde , en hij gaf de hoop niet op haar te vinden en te redden .</sentence>
  <comments>
    <comment>Q#1125|Tom voelde diep van binnen dat Mary nog leefde , en hij gaf de hoop niet op haar te vinden en te redden .|1|1|-3.4386820024999922</comment>
  </comments>
</alpino_ds>
