<?xml version="1.0" encoding="UTF-8"?>
<alpino_ds version="1.15">
  <parser build="Alpino-x86_64-linux-glibc2.5-git1006-sicstus" date="2023-09-25T08:39" cats="1" skips="0" />
  <node begin="0" cat="top" end="12" id="0" rel="top">
    <node begin="0" cat="smain" end="11" id="1" rel="--">
      <node begin="0" end="1" frame="proper_name(sg,'PER')" genus="zijd" getal="ev" graad="basis" his="normal" his_1="names_dictionary" id="2" lcat="np" lemma="Tom" naamval="stan" neclass="PER" ntype="eigen" num="sg" pos="name" postag="N(eigen,ev,basis,zijd,stan)" pt="n" rel="su" rnum="sg" root="Tom" sense="Tom" word="Tom"/>
      <node begin="1" end="2" frame="verb(hebben,past(sg),tr_sbar)" his="normal" his_1="normal" id="3" infl="sg" lcat="smain" lemma="vinden" pos="verb" postag="WW(pv,verl,ev)" pt="ww" pvagr="ev" pvtijd="verl" rel="hd" root="vind" sc="tr_sbar" sense="vind" stype="declarative" tense="past" v_per="thi" word="vond" wvorm="pv"/>
      <node begin="2" cat="cp" end="11" id="4" rel="vc">
        <node begin="2" conjtype="onder" end="3" frame="complementizer(dat)" his="normal" his_1="normal" id="5" lcat="cp" lemma="dat" pos="comp" postag="VG(onder)" pt="vg" rel="cmp" root="dat" sc="dat" sense="dat" word="dat"/>
        <node begin="3" cat="ssub" end="11" id="6" rel="body">
          <node begin="3" end="4" frame="er_vp_adverb" getal="getal" his="normal" his_1="normal" id="7" lcat="advp" lemma="er" naamval="stan" pdtype="adv-pron" persoon="3" pos="adv" postag="VNW(aanw,adv-pron,stan,red,3,getal)" pt="vnw" rel="mod" root="er" sense="er" special="er" status="red" vwtype="aanw" word="er"/>
          <node begin="6" end="7" frame="verb(unacc,past(sg),intransitive)" his="normal" his_1="normal" id="8" infl="sg" lcat="ssub" lemma="zijn" pos="verb" postag="WW(pv,verl,ev)" pt="ww" pvagr="ev" pvtijd="verl" rel="hd" root="ben" sc="intransitive" sense="ben" tense="past" v_per="thi" word="was" wvorm="pv"/>
          <node begin="4" cat="np" end="11" id="9" rel="su">
            <node begin="4" buiging="zonder" end="5" frame="determiner(geen,nwh,mod,pro,yparg,nwkpro,geen)" his="normal" his_1="normal" id="10" infl="geen" lcat="detp" lemma="geen" naamval="stan" npagr="agr" pdtype="det" pos="det" positie="prenom" postag="VNW(onbep,det,stan,prenom,zonder,agr)" pt="vnw" rel="det" root="geen" sense="geen" vwtype="onbep" wh="nwh" word="geen"/>
            <node begin="5" end="6" frame="noun(de,count,sg,vp)" gen="de" genus="zijd" getal="ev" graad="basis" his="normal" his_1="normal" id="11" lcat="np" lemma="reden" naamval="stan" ntype="soort" num="sg" pos="noun" postag="N(soort,ev,basis,zijd,stan)" pt="n" rel="hd" rnum="sg" root="reden" sc="vp" sense="reden" word="reden"/>
            <node begin="7" cat="oti" end="11" id="12" rel="vc">
              <node begin="7" end="8" frame="complementizer(om)" his="normal" his_1="normal" id="13" lcat="oti" lemma="om" pos="comp" postag="VZ(init)" pt="vz" rel="cmp" root="om" sc="om" sense="om" vztype="init" word="om"/>
              <node begin="8" cat="ti" end="11" id="14" rel="body">
                <node begin="9" end="10" frame="complementizer(te)" his="normal" his_1="normal" id="15" lcat="ti" lemma="te" pos="comp" postag="VZ(init)" pt="vz" rel="cmp" root="te" sc="te" sense="te" vztype="init" word="te"/>
                <node begin="8" cat="inf" end="11" id="16" rel="body">
                  <node begin="8" end="9" frame="reflexive(u_thi,both)" getal="getal" his="normal" his_1="normal" id="17" lcat="np" lemma="zich" naamval="obl" num="both" pdtype="pron" per="u_thi" persoon="3" pos="pron" postag="VNW(refl,pron,obl,red,3,getal)" pt="vnw" refl="refl" rel="se" root="zich" sense="zich" status="red" vwtype="refl" word="zich"/>
                  <node begin="10" buiging="zonder" end="11" frame="verb(hebben,inf,refl)" his="normal" his_1="normal" id="18" infl="inf" lcat="inf" lemma="haasten" pos="verb" positie="vrij" postag="WW(inf,vrij,zonder)" pt="ww" rel="hd" root="haast" sc="refl" sense="zich-haast" word="haasten" wvorm="inf"/>
                </node>
              </node>
            </node>
          </node>
        </node>
      </node>
    </node>
    <node begin="11" end="12" frame="punct(punt)" his="normal" his_1="normal" id="19" lcat="punct" lemma="." pos="punct" postag="LET()" pt="let" rel="--" root="." sense="." special="punt" word="."/>
  </node>
  <sentence sentid="1127">Tom vond dat er geen reden was om zich te haasten .</sentence>
  <comments>
    <comment>Q#1127|Tom vond dat er geen reden was om zich te haasten .|1|1|-10.0794239736</comment>
  </comments>
</alpino_ds>
