<?xml version="1.0" encoding="UTF-8"?>
<alpino_ds version="1.15">
  <parser build="Alpino-x86_64-linux-glibc2.5-git1006-sicstus" date="2023-09-25T08:39" cats="1" skips="0" />
  <node begin="0" cat="top" end="15" id="0" rel="top">
    <node begin="0" cat="conj" end="14" id="1" rel="--">
      <node begin="0" cat="smain" end="5" id="2" rel="cnj">
        <node begin="0" end="1" frame="proper_name(sg,'PER')" genus="zijd" getal="ev" graad="basis" his="normal" his_1="names_dictionary" id="3" index="1" lcat="np" lemma="Tom" naamval="stan" neclass="PER" ntype="eigen" num="sg" pos="name" postag="N(eigen,ev,basis,zijd,stan)" pt="n" rel="su" rnum="sg" root="Tom" sense="Tom" word="Tom"/>
        <node begin="1" end="2" frame="verb(hebben,past(sg),transitive)" his="normal" his_1="normal" id="4" infl="sg" lcat="smain" lemma="overwinnen" pos="verb" postag="WW(pv,verl,ev)" pt="ww" pvagr="ev" pvtijd="verl" rel="hd" root="overwin" sc="transitive" sense="overwin" tense="past" v_per="thi" word="overwon" wvorm="pv"/>
        <node aform="base" begin="2" buiging="zonder" end="3" frame="adjective(no_e(adv))" graad="basis" his="normal" his_1="normal" id="5" infl="no_e" lcat="ap" lemma="eindelijk" pos="adj" positie="vrij" postag="ADJ(vrij,basis,zonder)" pt="adj" rel="mod" root="eindelijk" sense="eindelijk" vform="adj" word="eindelijk"/>
        <node begin="3" cat="np" end="5" id="6" rel="obj1">
          <node begin="3" buiging="zonder" end="4" frame="determiner(pron)" getal="ev" his="normal" his_1="normal" id="7" infl="pron" lcat="detp" lemma="zijn" naamval="stan" npagr="agr" pdtype="det" persoon="3" pos="det" positie="prenom" postag="VNW(bez,det,stan,vol,3,ev,prenom,zonder,agr)" pron="true" pt="vnw" rel="det" root="zijn" sense="zijn" status="vol" vwtype="bez" word="zijn"/>
          <node begin="4" end="5" frame="noun(de,mass,sg)" gen="de" genus="zijd" getal="ev" graad="basis" his="normal" his_1="normal" id="8" lcat="np" lemma="verlegenheid" naamval="stan" ntype="soort" num="sg" pos="noun" postag="N(soort,ev,basis,zijd,stan)" pt="n" rel="hd" rnum="sg" root="verlegenheid" sense="verlegenheid" word="verlegenheid"/>
        </node>
      </node>
      <node begin="5" conjtype="neven" end="6" frame="conj(en)" his="normal" his_1="normal" id="9" lcat="vg" lemma="en" pos="vg" postag="VG(neven)" pt="vg" rel="crd" root="en" sense="en" word="en"/>
      <node begin="0" cat="smain" end="14" id="10" rel="cnj">
        <node begin="0" end="1" id="11" index="1" rel="su"/>
        <node begin="6" end="7" frame="verb(hebben,past(sg),np_vp_obj)" his="normal" his_1="normal" id="12" infl="sg" lcat="smain" lemma="vragen" pos="verb" postag="WW(pv,verl,ev)" pt="ww" pvagr="ev" pvtijd="verl" rel="hd" root="vraag" sc="np_vp_obj" sense="vraag" tense="past" v_per="thi" word="vroeg" wvorm="pv"/>
        <node begin="7" end="8" frame="proper_name(sg,'PER')" genus="zijd" getal="ev" graad="basis" his="normal" his_1="names_dictionary" id="13" index="2" lcat="np" lemma="Mary" naamval="stan" neclass="PER" ntype="eigen" num="sg" pos="name" postag="N(eigen,ev,basis,zijd,stan)" pt="n" rel="obj2" rnum="sg" root="Mary" sense="Mary" word="Mary"/>
        <node begin="7" cat="oti" end="14" id="14" rel="vc">
          <node begin="8" end="9" frame="complementizer(om)" his="normal" his_1="normal" id="15" lcat="oti" lemma="om" pos="comp" postag="VZ(init)" pt="vz" rel="cmp" root="om" sc="om" sense="om" vztype="init" word="om"/>
          <node begin="7" cat="ti" end="14" id="16" rel="body">
            <node begin="12" end="13" frame="complementizer(te)" his="normal" his_1="normal" id="17" lcat="ti" lemma="te" pos="comp" postag="VZ(init)" pt="vz" rel="cmp" root="te" sc="te" sense="te" vztype="init" word="te"/>
            <node begin="7" cat="inf" end="14" id="18" rel="body">
              <node begin="7" end="8" id="19" index="2" rel="su"/>
              <node begin="9" cat="pp" end="11" id="20" rel="mod">
                <node begin="9" end="10" frame="preposition(met,[mee,[en,al]])" his="normal" his_1="normal" id="21" lcat="pp" lemma="met" pos="prep" postag="VZ(init)" pt="vz" rel="hd" root="met" sense="met" vztype="init" word="met"/>
                <node begin="10" case="dat_acc" def="def" end="11" frame="pronoun(nwh,thi,sg,de,dat_acc,def)" gen="de" genus="masc" getal="ev" his="normal" his_1="normal" id="22" lcat="np" lemma="hem" naamval="obl" num="sg" pdtype="pron" per="thi" persoon="3" pos="pron" postag="VNW(pers,pron,obl,vol,3,ev,masc)" pt="vnw" rel="obj1" rnum="sg" root="hem" sense="hem" status="vol" vwtype="pers" wh="nwh" word="hem"/>
              </node>
              <node begin="11" end="12" frame="particle(uit)" his="normal" his_1="normal" id="23" lcat="part" lemma="uit" pos="part" postag="VZ(fin)" pt="vz" rel="svp" root="uit" sense="uit" vztype="fin" word="uit"/>
              <node begin="13" buiging="zonder" end="14" frame="verb(zijn,inf(no_e),part_intransitive(uit))" his="normal" his_1="normal" id="24" infl="inf(no_e)" lcat="inf" lemma="uit_gaan" pos="verb" positie="vrij" postag="WW(inf,vrij,zonder)" pt="ww" rel="hd" root="ga_uit" sc="part_intransitive(uit)" sense="ga_uit" word="gaan" wvorm="inf"/>
            </node>
          </node>
        </node>
      </node>
    </node>
    <node begin="14" end="15" frame="punct(punt)" his="normal" his_1="normal" id="25" lcat="punct" lemma="." pos="punct" postag="LET()" pt="let" rel="--" root="." sense="." special="punt" word="."/>
  </node>
  <sentence sentid="1134">Tom overwon eindelijk zijn verlegenheid en vroeg Mary om met hem uit te gaan .</sentence>
  <comments>
    <comment>Q#1134|Tom overwon eindelijk zijn verlegenheid en vroeg Mary om met hem uit te gaan .|1|1|-5.4575005460999995</comment>
  </comments>
</alpino_ds>
