<?xml version="1.0" encoding="UTF-8"?>
<alpino_ds version="1.15">
  <parser build="Alpino-x86_64-linux-glibc2.5-git1006-sicstus" date="2023-09-25T08:39" cats="1" skips="0" />
  <node begin="0" cat="top" end="8" id="0" rel="top">
    <node begin="0" cat="smain" end="8" id="1" rel="--">
      <node begin="0" end="1" frame="proper_name(sg,'PER')" genus="zijd" getal="ev" graad="basis" his="normal" his_1="names_dictionary" id="2" lcat="np" lemma="Tom" naamval="stan" neclass="PER" ntype="eigen" num="sg" pos="name" postag="N(eigen,ev,basis,zijd,stan)" pt="n" rel="su" rnum="sg" root="Tom" sense="Tom" word="Tom"/>
      <node begin="1" end="2" frame="verb(zijn,past(sg),fixed([svp_pp(in,voetspoor)],no_passive))" his="normal" his_1="normal" id="3" infl="sg" lcat="smain" lemma="treden" pos="verb" postag="WW(pv,verl,ev)" pt="ww" pvagr="ev" pvtijd="verl" rel="hd" root="treed" sc="fixed([svp_pp(in,voetspoor)],no_passive)" sense="in-voetspoor-treed" stype="declarative" tense="past" v_per="thi" word="trad" wvorm="pv"/>
      <node begin="2" cat="pp" end="8" id="4" rel="svp">
        <node begin="2" end="3" frame="preposition(in,[])" his="normal" his_1="normal" id="5" lcat="pp" lemma="in" pos="prep" postag="VZ(init)" pt="vz" rel="hd" root="in" sense="in" vztype="init" word="in"/>
        <node begin="3" cat="np" end="8" id="6" rel="obj1">
          <node begin="3" end="4" frame="determiner(de)" his="normal" his_1="normal" id="7" infl="de" lcat="detp" lemma="de" lwtype="bep" naamval="stan" npagr="rest" pos="det" postag="LID(bep,stan,rest)" pt="lid" rel="det" root="de" sense="de" word="de"/>
          <node begin="4" end="5" frame="noun(het,count,pl)" gen="het" getal="mv" graad="basis" his="normal" his_1="normal" id="8" lcat="np" lemma="voetspoor" ntype="soort" num="pl" pos="noun" postag="N(soort,mv,basis)" pt="n" rel="hd" rnum="pl" root="voetspoor" sense="voetspoor" word="voetsporen"/>
          <node begin="5" cat="pp" end="8" id="9" rel="mod">
            <node begin="5" end="6" frame="preposition(van,[af,uit,vandaan,[af,aan]])" his="normal" his_1="normal" id="10" lcat="pp" lemma="van" pos="prep" postag="VZ(init)" pt="vz" rel="hd" root="van" sense="van" vztype="init" word="van"/>
            <node begin="6" cat="np" end="8" id="11" rel="obj1">
              <node begin="6" buiging="zonder" end="7" frame="determiner(pron)" getal="ev" his="normal" his_1="normal" id="12" infl="pron" lcat="detp" lemma="zijn" naamval="stan" npagr="agr" pdtype="det" persoon="3" pos="det" positie="prenom" postag="VNW(bez,det,stan,vol,3,ev,prenom,zonder,agr)" pron="true" pt="vnw" rel="det" root="zijn" sense="zijn" status="vol" vwtype="bez" word="zijn"/>
              <node begin="7" end="8" frame="noun(de,count,sg)" gen="de" genus="zijd" getal="ev" graad="basis" his="normal" his_1="normal" id="13" lcat="np" lemma="vader" naamval="stan" ntype="soort" num="sg" pos="noun" postag="N(soort,ev,basis,zijd,stan)" pt="n" rel="hd" rnum="sg" root="vader" sense="vader" word="vader"/>
            </node>
          </node>
        </node>
      </node>
    </node>
  </node>
  <sentence sentid="1145">Tom trad in de voetsporen van zijn vader</sentence>
  <comments>
    <comment>Q#1145|Tom trad in de voetsporen van zijn vader|1|1|-3.8772228435000002</comment>
  </comments>
</alpino_ds>
