<?xml version="1.0" encoding="UTF-8"?>
<alpino_ds version="1.15">
  <parser build="Alpino-x86_64-linux-glibc2.5-git1006-sicstus" date="2023-09-25T08:35" cats="1" skips="0" />
  <node begin="0" cat="top" end="14" id="0" rel="top">
    <node begin="0" cat="smain" end="13" id="1" rel="--">
      <node begin="0" cat="conj" end="3" id="2" rel="su">
        <node begin="0" end="1" frame="proper_name(sg,'PER')" genus="zijd" getal="ev" graad="basis" his="normal" his_1="names_dictionary" id="3" lcat="np" lemma="Tom" naamval="stan" neclass="PER" ntype="eigen" num="sg" pos="name" postag="N(eigen,ev,basis,zijd,stan)" pt="n" rel="cnj" rnum="sg" root="Tom" sense="Tom" word="Tom"/>
        <node begin="1" conjtype="neven" end="2" frame="conj(en)" his="normal" his_1="normal" id="4" lcat="vg" lemma="en" pos="vg" postag="VG(neven)" pt="vg" rel="crd" root="en" sense="en" word="en"/>
        <node begin="2" end="3" frame="proper_name(sg,'PER')" genus="zijd" getal="ev" graad="basis" his="normal" his_1="names_dictionary" id="5" lcat="np" lemma="Mary" naamval="stan" neclass="PER" ntype="eigen" num="sg" pos="name" postag="N(eigen,ev,basis,zijd,stan)" pt="n" rel="cnj" rnum="sg" root="Mary" sense="Mary" word="Mary"/>
      </node>
      <node begin="3" end="4" frame="verb(hebben,pl,transitive_ndev)" his="normal" his_1="normal" id="6" infl="pl" lcat="smain" lemma="hebben" pos="verb" postag="WW(pv,tgw,mv)" pt="ww" pvagr="mv" pvtijd="tgw" rel="hd" root="heb" sc="transitive_ndev" sense="heb" stype="declarative" tense="present" v_per="thi" word="hebben" wvorm="pv"/>
      <node begin="4" cat="conj" end="8" id="7" rel="obj1">
        <node begin="4" cat="np" end="6" id="8" rel="cnj">
          <node begin="4" buiging="zonder" end="5" frame="determiner(geen,nwh,mod,pro,yparg,nwkpro,geen)" his="normal" his_1="normal" id="9" index="1" infl="geen" lcat="detp" lemma="geen" naamval="stan" npagr="agr" pdtype="det" pos="det" positie="prenom" postag="VNW(onbep,det,stan,prenom,zonder,agr)" pt="vnw" rel="det" root="geen" sense="geen" vwtype="onbep" wh="nwh" word="geen"/>
          <node begin="5" end="6" frame="tmp_noun(de,count,sg)" gen="de" genus="zijd" getal="ev" graad="basis" his="normal" his_1="normal" id="10" lcat="np" lemma="tijd" naamval="stan" ntype="soort" num="sg" pos="noun" postag="N(soort,ev,basis,zijd,stan)" pt="n" rel="hd" rnum="sg" root="tijd" sense="tijd" special="tmp" word="tijd"/>
        </node>
        <node begin="6" conjtype="neven" end="7" frame="conj(of)" his="normal" his_1="normal" id="11" lcat="vg" lemma="of" pos="vg" postag="VG(neven)" pt="vg" rel="crd" root="of" sense="of" word="of"/>
        <node begin="4" cat="np" end="8" id="12" rel="cnj">
          <node begin="4" end="5" id="13" index="1" rel="det"/>
          <node begin="7" end="8" frame="noun(het,count,sg)" gen="het" genus="onz" getal="ev" graad="basis" his="normal" his_1="normal" id="14" lcat="np" lemma="geld" naamval="stan" ntype="soort" num="sg" pos="noun" postag="N(soort,ev,basis,onz,stan)" pt="n" rel="hd" rnum="sg" root="geld" sense="geld" word="geld"/>
        </node>
      </node>
      <node begin="8" cat="oti" end="13" id="15" rel="mod">
        <node begin="8" end="9" frame="complementizer(om)" his="normal" his_1="normal" id="16" lcat="oti" lemma="om" pos="comp" postag="VZ(init)" pt="vz" rel="cmp" root="om" sc="om" sense="om" vztype="init" word="om"/>
        <node begin="9" cat="ti" end="13" id="17" rel="body">
          <node begin="11" end="12" frame="complementizer(te)" his="normal" his_1="normal" id="18" lcat="ti" lemma="te" pos="comp" postag="VZ(init)" pt="vz" rel="cmp" root="te" sc="te" sense="te" vztype="init" word="te"/>
          <node begin="9" cat="inf" end="13" id="19" rel="body">
            <node begin="9" cat="pp" end="11" id="20" rel="pc">
              <node begin="9" end="10" frame="preposition(op,[af,na])" his="normal" his_1="normal" id="21" lcat="pp" lemma="op" pos="prep" postag="VZ(init)" pt="vz" rel="hd" root="op" sense="op" vztype="init" word="op"/>
              <node begin="10" end="11" frame="tmp_noun(de,count,sg)" gen="de" genus="zijd" getal="ev" graad="basis" his="normal" his_1="normal" id="22" lcat="np" lemma="reis" naamval="stan" ntype="soort" num="sg" pos="noun" postag="N(soort,ev,basis,zijd,stan)" pt="n" rel="obj1" rnum="sg" root="reis" sense="reis" special="tmp" word="reis"/>
            </node>
            <node begin="12" buiging="zonder" end="13" frame="verb(zijn,inf(no_e),pc_pp(op))" his="normal" his_1="normal" id="23" infl="inf(no_e)" lcat="inf" lemma="gaan" pos="verb" positie="vrij" postag="WW(inf,vrij,zonder)" pt="ww" rel="hd" root="ga" sc="pc_pp(op)" sense="ga-op" word="gaan" wvorm="inf"/>
          </node>
        </node>
      </node>
    </node>
    <node begin="13" end="14" frame="punct(punt)" his="normal" his_1="normal" id="24" lcat="punct" lemma="." pos="punct" postag="LET()" pt="let" rel="--" root="." sense="." special="punt" word="."/>
  </node>
  <sentence sentid="115">Tom en Mary hebben geen tijd of geld om op reis te gaan .</sentence>
  <comments>
    <comment>Q#115|Tom en Mary hebben geen tijd of geld om op reis te gaan .|1|1|-5.120071940199997</comment>
  </comments>
</alpino_ds>
