<?xml version="1.0" encoding="UTF-8"?>
<alpino_ds version="1.15">
  <parser build="Alpino-x86_64-linux-glibc2.5-git1006-sicstus" date="2023-09-25T08:39" cats="1" skips="0" />
  <node begin="0" cat="top" end="11" id="0" rel="top">
    <node begin="0" cat="conj" end="10" id="1" rel="--">
      <node begin="0" cat="smain" end="4" id="2" rel="cnj">
        <node begin="0" end="1" frame="proper_name(sg,'PER')" genus="zijd" getal="ev" graad="basis" his="normal" his_1="names_dictionary" id="3" index="1" lcat="np" lemma="Tom" naamval="stan" neclass="PER" ntype="eigen" num="sg" pos="name" postag="N(eigen,ev,basis,zijd,stan)" pt="n" rel="su" rnum="sg" root="Tom" sense="Tom" word="Tom"/>
        <node begin="1" end="2" frame="verb(hebben,past(sg),transitive_ndev_ndev)" his="normal" his_1="normal" id="4" infl="sg" lcat="smain" lemma="vinden" pos="verb" postag="WW(pv,verl,ev)" pt="ww" pvagr="ev" pvtijd="verl" rel="hd" root="vind" sc="transitive_ndev_ndev" sense="vind" tense="past" v_per="thi" word="vond" wvorm="pv"/>
        <node begin="2" cat="np" end="4" id="5" rel="obj1">
          <node begin="2" end="3" frame="name_determiner(pron,'PER')" getal="ev" graad="basis" his="normal" his_1="gen" his_1_1="names_dictionary" id="6" infl="pron" lcat="detp" lemma="Mary" naamval="gen" neclass="PER" ntype="eigen" pos="det" postag="N(eigen,ev,basis,gen)" pt="n" rel="det" root="Mary" sense="Mary" special="name" word="Mary&apos;s"/>
          <node begin="3" end="4" frame="noun(het,count,sg)" gen="het" genus="onz" getal="ev" graad="basis" his="normal" his_1="normal" id="7" lcat="np" lemma="dag_boek" naamval="stan" ntype="soort" num="sg" pos="noun" postag="N(soort,ev,basis,onz,stan)" pt="n" rel="hd" rnum="sg" root="dag_boek" sense="dag_boek" word="dagboek"/>
        </node>
      </node>
      <node begin="4" conjtype="neven" end="5" frame="conj(en)" his="normal" his_1="normal" id="8" lcat="vg" lemma="en" pos="vg" postag="VG(neven)" pt="vg" rel="crd" root="en" sense="en" word="en"/>
      <node begin="0" cat="smain" end="10" id="9" rel="cnj">
        <node begin="0" end="1" id="10" index="1" rel="su"/>
        <node begin="5" end="6" frame="verb(hebben,past(sg),transitive)" his="normal" his_1="normal" id="11" infl="sg" lcat="smain" lemma="lezen" pos="verb" postag="WW(pv,verl,ev)" pt="ww" pvagr="ev" pvtijd="verl" rel="hd" root="lees" sc="transitive" sense="lees" tense="past" v_per="thi" word="las" wvorm="pv"/>
        <node begin="6" cat="np" end="10" id="12" rel="obj1">
          <node begin="6" end="7" frame="determiner(de)" his="normal" his_1="normal" id="13" infl="de" lcat="detp" lemma="de" lwtype="bep" naamval="stan" npagr="rest" pos="det" postag="LID(bep,stan,rest)" pt="lid" rel="det" root="de" sense="de" word="de"/>
          <node begin="7" buiging="met-e" end="8" frame="number(rang)" graad="sup" his="normal" his_1="normal" id="14" lcat="ap" lemma="laat" naamval="stan" numtype="rang" pos="num" positie="prenom" postag="ADJ(prenom,sup,met-e,stan)" pt="adj" rel="mod" root="laat" sense="laat" word="laatste"/>
          <node begin="8" end="9" frame="number(hoofd(pl_num))" his="normal" his_1="number_expression" id="15" infl="pl_num" lcat="detp" lemma="drie" naamval="stan" numtype="hoofd" pos="num" positie="prenom" postag="TW(hoofd,prenom,stan)" pt="tw" rel="det" root="drie" sense="drie" word="drie"/>
          <node begin="9" end="10" frame="noun(de,count,pl)" gen="de" getal="mv" graad="basis" his="normal" his_1="normal" id="16" lcat="np" lemma="pagina" ntype="soort" num="pl" pos="noun" postag="N(soort,mv,basis)" pt="n" rel="hd" rnum="pl" root="pagina" sense="pagina" word="pagina&apos;s"/>
        </node>
      </node>
    </node>
    <node begin="10" end="11" frame="punct(punt)" his="normal" his_1="normal" id="17" lcat="punct" lemma="." pos="punct" postag="LET()" pt="let" rel="--" root="." sense="." special="punt" word="."/>
  </node>
  <sentence sentid="1152">Tom vond Mary&apos;s dagboek en las de laatste drie pagina&apos;s .</sentence>
  <comments>
    <comment>Q#1152|Tom vond Mary&apos;s dagboek en las de laatste drie pagina&apos;s .|1|1|-1.8332071311999991</comment>
  </comments>
</alpino_ds>
