<?xml version="1.0" encoding="UTF-8"?>
<alpino_ds version="1.15">
  <parser build="Alpino-x86_64-linux-glibc2.5-git1006-sicstus" date="2023-09-25T08:39" cats="1" skips="0" />
  <node begin="0" cat="top" end="12" id="0" rel="top">
    <node begin="0" cat="conj" end="11" id="1" rel="--">
      <node begin="0" cat="smain" end="6" id="2" rel="cnj">
        <node begin="0" end="1" frame="proper_name(sg,'PER')" genus="zijd" getal="ev" graad="basis" his="normal" his_1="names_dictionary" id="3" index="1" lcat="np" lemma="Tom" naamval="stan" neclass="PER" ntype="eigen" num="sg" pos="name" postag="N(eigen,ev,basis,zijd,stan)" pt="n" rel="su" rnum="sg" root="Tom" sense="Tom" word="Tom"/>
        <node begin="1" end="2" frame="verb(hebben,past(sg),np_np)" his="normal" his_1="normal" id="4" infl="sg" lcat="smain" lemma="geven" pos="verb" postag="WW(pv,verl,ev)" pt="ww" pvagr="ev" pvtijd="verl" rel="hd" root="geef" sc="np_np" sense="geef" tense="past" v_per="thi" word="gaf" wvorm="pv"/>
        <node begin="2" end="3" frame="proper_name(sg,'PER')" genus="zijd" getal="ev" graad="basis" his="normal" his_1="names_dictionary" id="5" lcat="np" lemma="Mary" naamval="stan" neclass="PER" ntype="eigen" num="sg" pos="name" postag="N(eigen,ev,basis,zijd,stan)" pt="n" rel="obj2" rnum="sg" root="Mary" sense="Mary" word="Mary"/>
        <node begin="3" cat="np" end="6" id="6" rel="obj1">
          <node begin="3" end="4" frame="determiner(een)" his="normal" his_1="normal" id="7" infl="een" lcat="detp" lemma="een" lwtype="onbep" naamval="stan" npagr="agr" pos="det" postag="LID(onbep,stan,agr)" pt="lid" rel="det" root="een" sense="een" word="een"/>
          <node aform="base" begin="4" buiging="met-e" end="5" frame="adjective(e)" graad="basis" his="normal" his_1="normal" id="8" infl="e" lcat="ap" lemma="snel" naamval="stan" pos="adj" positie="prenom" postag="ADJ(prenom,basis,met-e,stan)" pt="adj" rel="mod" root="snel" sense="snel" vform="adj" word="snelle"/>
          <node begin="5" end="6" frame="noun(de,count,sg)" gen="de" genus="zijd" getal="ev" graad="basis" his="normal" his_1="normal" id="9" lcat="np" lemma="kus" naamval="stan" ntype="soort" num="sg" pos="noun" postag="N(soort,ev,basis,zijd,stan)" pt="n" rel="hd" rnum="sg" root="kus" sense="kus" word="kus"/>
        </node>
      </node>
      <node begin="6" conjtype="neven" end="7" frame="conj(en)" his="normal" his_1="normal" id="10" lcat="vg" lemma="en" pos="vg" postag="VG(neven)" pt="vg" rel="crd" root="en" sense="en" word="en"/>
      <node begin="0" cat="smain" end="11" id="11" rel="cnj">
        <node begin="0" end="1" id="12" index="1" rel="su"/>
        <node begin="7" end="8" frame="verb('hebben/zijn',past(sg),part_transitive(uit))" his="normal" his_1="normal" id="13" infl="sg" lcat="smain" lemma="uit_lopen" pos="verb" postag="WW(pv,verl,ev)" pt="ww" pvagr="ev" pvtijd="verl" rel="hd" root="loop_uit" sc="part_transitive(uit)" sense="loop_uit" tense="past" v_per="thi" word="liep" wvorm="pv"/>
        <node begin="8" cat="np" end="10" id="14" rel="obj1">
          <node begin="8" end="9" frame="determiner(de)" his="normal" his_1="normal" id="15" infl="de" lcat="detp" lemma="de" lwtype="bep" naamval="stan" npagr="rest" pos="det" postag="LID(bep,stan,rest)" pt="lid" rel="det" root="de" sense="de" word="de"/>
          <node begin="9" end="10" frame="noun(de,count,sg)" gen="de" genus="zijd" getal="ev" graad="basis" his="normal" his_1="normal" id="16" lcat="np" lemma="deur" naamval="stan" ntype="soort" num="sg" pos="noun" postag="N(soort,ev,basis,zijd,stan)" pt="n" rel="hd" rnum="sg" root="deur" sense="deur" word="deur"/>
        </node>
        <node begin="10" end="11" frame="particle(uit)" his="normal" his_1="normal" id="17" lcat="part" lemma="uit" pos="part" postag="VZ(fin)" pt="vz" rel="svp" root="uit" sense="uit" vztype="fin" word="uit"/>
      </node>
    </node>
    <node begin="11" end="12" frame="punct(punt)" his="normal" his_1="normal" id="18" lcat="punct" lemma="." pos="punct" postag="LET()" pt="let" rel="--" root="." sense="." special="punt" word="."/>
  </node>
  <sentence sentid="1169">Tom gaf Mary een snelle kus en liep de deur uit .</sentence>
  <comments>
    <comment>Q#1169|Tom gaf Mary een snelle kus en liep de deur uit .|1|1|-5.793131202899998</comment>
  </comments>
</alpino_ds>
