<?xml version="1.0" encoding="UTF-8"?>
<alpino_ds version="1.15">
  <parser build="Alpino-x86_64-linux-glibc2.5-git1006-sicstus" date="2023-09-25T08:34" cats="1" skips="0" />
  <node begin="0" cat="top" end="11" id="0" rel="top">
    <node begin="0" cat="smain" end="10" id="1" rel="--">
      <node begin="0" cat="np" end="2" id="2" index="1" rel="su">
        <node begin="0" end="1" frame="name_determiner(pron,'PER')" getal="ev" graad="basis" his="normal" his_1="gen" his_1_1="names_dictionary" id="3" infl="pron" lcat="detp" lemma="Tom" naamval="gen" neclass="PER" ntype="eigen" pos="det" postag="N(eigen,ev,basis,gen)" pt="n" rel="det" root="Tom" sense="Tom" special="name" word="Toms"/>
        <node begin="1" end="2" frame="noun(de,count,sg)" gen="de" genus="zijd" getal="ev" graad="basis" his="normal" his_1="normal" id="4" lcat="np" lemma="vader" naamval="stan" ntype="soort" num="sg" pos="noun" postag="N(soort,ev,basis,zijd,stan)" pt="n" rel="hd" rnum="sg" root="vader" sense="vader" word="vader"/>
      </node>
      <node begin="2" end="3" frame="verb(zijn,sg3,aux(inf))" his="normal" his_1="normal" id="5" infl="sg3" lcat="smain" lemma="gaan" pos="verb" postag="WW(pv,tgw,met-t)" pt="ww" pvagr="met-t" pvtijd="tgw" rel="hd" root="ga" sc="aux(inf)" sense="ga" stype="declarative" tense="present" v_per="thi" word="gaat" wvorm="pv"/>
      <node begin="0" cat="inf" end="10" id="6" rel="vc">
        <node begin="0" end="2" id="7" index="1" rel="su"/>
        <node begin="3" cat="np" end="5" id="8" rel="mod">
          <node aform="base" begin="3" buiging="zonder" end="4" frame="adjective(end(both))" his="normal" his_1="V-d" his_1_1="normal" id="9" infl="no_e" lcat="ppres" lemma="volgen" pos="adj" positie="prenom" postag="WW(od,prenom,zonder)" pt="ww" rel="mod" root="volg" sense="volg" vform="gerund" word="volgend" wvorm="od"/>
          <node begin="4" end="5" frame="tmp_noun(both,count,sg)" gen="both" genus="onz" getal="ev" graad="basis" his="normal" his_1="normal" id="10" lcat="np" lemma="weekend" naamval="stan" ntype="soort" num="sg" pos="noun" postag="N(soort,ev,basis,onz,stan)" pt="n" rel="hd" rnum="sg" root="weekend" sense="weekend" special="tmp" word="weekend"/>
        </node>
        <node begin="5" cat="pp" end="9" id="11" rel="mod">
          <node begin="5" end="6" frame="preposition(met,[mee,[en,al]])" his="normal" his_1="normal" id="12" lcat="pp" lemma="met" pos="prep" postag="VZ(init)" pt="vz" rel="hd" root="met" sense="met" vztype="init" word="met"/>
          <node begin="6" cat="conj" end="9" id="13" rel="obj1">
            <node begin="6" end="7" frame="proper_name(sg,'PER')" genus="zijd" getal="ev" graad="basis" his="normal" his_1="names_dictionary" id="14" lcat="np" lemma="Tom" naamval="stan" neclass="PER" ntype="eigen" num="sg" pos="name" postag="N(eigen,ev,basis,zijd,stan)" pt="n" rel="cnj" rnum="sg" root="Tom" sense="Tom" word="Tom"/>
            <node begin="7" conjtype="neven" end="8" frame="conj(en)" his="normal" his_1="normal" id="15" lcat="vg" lemma="en" pos="vg" postag="VG(neven)" pt="vg" rel="crd" root="en" sense="en" word="en"/>
            <node begin="8" case="dat_acc" def="def" end="9" frame="pronoun(nwh,fir,sg,de,dat_acc,def)" gen="de" getal="ev" his="normal" his_1="normal" id="16" lcat="np" lemma="mij" naamval="obl" num="sg" pdtype="pron" per="fir" persoon="1" pos="pron" postag="VNW(pr,pron,obl,vol,1,ev)" pt="vnw" rel="cnj" rnum="sg" root="mij" sense="mij" status="vol" vwtype="pr" wh="nwh" word="mij"/>
          </node>
        </node>
        <node begin="9" buiging="zonder" end="10" frame="verb(hebben,inf,intransitive)" his="normal" his_1="normal" id="17" infl="inf" lcat="inf" lemma="skiën" pos="verb" positie="vrij" postag="WW(inf,vrij,zonder)" pt="ww" rel="hd" root="ski" sc="intransitive" sense="ski" word="skiën" wvorm="inf"/>
      </node>
    </node>
    <node begin="10" end="11" frame="punct(punt)" his="normal" his_1="normal" id="18" lcat="punct" lemma="." pos="punct" postag="LET()" pt="let" rel="--" root="." sense="." special="punt" word="."/>
  </node>
  <sentence sentid="12">Toms vader gaat volgend weekend met Tom en mij skiën .</sentence>
  <comments>
    <comment>Q#12|Toms vader gaat volgend weekend met Tom en mij skiën .|1|1|-0.7129258137000003</comment>
  </comments>
</alpino_ds>
