<?xml version="1.0" encoding="UTF-8"?>
<alpino_ds version="1.15">
  <parser build="Alpino-x86_64-linux-glibc2.5-git1006-sicstus" date="2023-09-25T08:35" cats="1" skips="0" />
  <node begin="0" cat="top" end="4" id="0" rel="top">
    <node begin="0" cat="smain" end="4" id="1" rel="--">
      <node begin="0" end="1" frame="proper_name(sg,'PER')" genus="zijd" getal="ev" graad="basis" his="normal" his_1="names_dictionary" id="2" lcat="np" lemma="Tom" naamval="stan" neclass="PER" ntype="eigen" num="sg" pos="name" postag="N(eigen,ev,basis,zijd,stan)" pt="n" rel="su" rnum="sg" root="Tom" sense="Tom" word="Tom"/>
      <node begin="1" end="2" frame="verb(unacc,past(sg),intransitive)" his="normal" his_1="normal" id="3" infl="sg" lcat="smain" lemma="komen" pos="verb" postag="WW(pv,verl,ev)" pt="ww" pvagr="ev" pvtijd="verl" rel="hd" root="kom" sc="intransitive" sense="kom" stype="declarative" tense="past" v_per="thi" word="kwam" wvorm="pv"/>
      <node begin="2" cat="ap" end="4" id="4" rel="mod">
        <node begin="2" end="3" frame="intensifier" his="normal" his_1="normal" id="5" lcat="advp" lemma="te" pos="adv" postag="BW()" pt="bw" rel="mod" root="te" sense="te" special="intensifier" word="te"/>
        <node aform="base" begin="3" buiging="zonder" end="4" frame="adjective(no_e(tmpadv))" graad="basis" his="normal" his_1="normal" id="6" infl="no_e" lcat="ap" lemma="vroeg" pos="adj" positie="vrij" postag="ADJ(vrij,basis,zonder)" pt="adj" rel="hd" root="vroeg" sense="vroeg" vform="adj" word="vroeg"/>
      </node>
    </node>
  </node>
  <sentence sentid="122">Tom kwam te vroeg</sentence>
  <comments>
    <comment>Q#122|Tom kwam te vroeg|1|1|0.3868610409999991</comment>
  </comments>
</alpino_ds>
