<?xml version="1.0" encoding="UTF-8"?>
<alpino_ds version="1.15">
  <parser build="Alpino-x86_64-linux-glibc2.5-git1006-sicstus" date="2023-09-25T08:35" cats="1" skips="0" />
  <node begin="0" cat="top" end="11" id="0" rel="top">
    <node begin="0" cat="conj" end="10" id="1" rel="--">
      <node begin="0" cat="smain" end="4" id="2" rel="cnj">
        <node begin="0" end="1" frame="proper_name(sg,'PER')" genus="zijd" getal="ev" graad="basis" his="normal" his_1="names_dictionary" id="3" lcat="np" lemma="Tom" naamval="stan" neclass="PER" ntype="eigen" num="sg" pos="name" postag="N(eigen,ev,basis,zijd,stan)" pt="n" rel="su" rnum="sg" root="Tom" sense="Tom" word="Tom"/>
        <node begin="1" end="2" frame="verb(unacc,past(sg),intransitive)" his="normal" his_1="normal" id="4" infl="sg" lcat="smain" lemma="komen" pos="verb" postag="WW(pv,verl,ev)" pt="ww" pvagr="ev" pvtijd="verl" rel="hd" root="kom" sc="intransitive" sense="kom" stype="declarative" tense="past" v_per="thi" word="kwam" wvorm="pv"/>
        <node begin="2" cat="ap" end="4" id="5" rel="mod">
          <node begin="2" end="3" frame="intensifier" his="normal" his_1="normal" id="6" lcat="advp" lemma="te" pos="adv" postag="BW()" pt="bw" rel="mod" root="te" sense="te" special="intensifier" word="te"/>
          <node aform="base" begin="3" buiging="zonder" end="4" frame="adjective(no_e(tmpadv))" graad="basis" his="normal" his_1="normal" id="7" infl="no_e" lcat="ap" lemma="vroeg" pos="adj" positie="vrij" postag="ADJ(vrij,basis,zonder)" pt="adj" rel="hd" root="vroeg" sense="vroeg" vform="adj" word="vroeg"/>
        </node>
      </node>
      <node begin="4" conjtype="neven" end="5" frame="conj(en)" his="normal" his_1="normal" id="8" lcat="vg" lemma="en" pos="vg" postag="VG(neven)" pt="vg" rel="crd" root="en" sense="en" word="en"/>
      <node begin="5" cat="smain" end="10" id="9" rel="cnj">
        <node begin="5" end="6" frame="proper_name(sg,'PER')" genus="zijd" getal="ev" graad="basis" his="normal" his_1="names_dictionary" id="10" lcat="np" lemma="Mary" naamval="stan" neclass="PER" ntype="eigen" num="sg" pos="name" postag="N(eigen,ev,basis,zijd,stan)" pt="n" rel="su" rnum="sg" root="Mary" sense="Mary" word="Mary"/>
        <node begin="6" end="7" frame="verb(unacc,past(sg),copula)" his="normal" his_1="normal" id="11" infl="sg" lcat="smain" lemma="zijn" pos="verb" postag="WW(pv,verl,ev)" pt="ww" pvagr="ev" pvtijd="verl" rel="hd" root="ben" sc="copula" sense="ben" stype="declarative" tense="past" v_per="thi" word="was" wvorm="pv"/>
        <node begin="7" cat="advp" end="9" id="12" rel="mod">
          <node begin="7" end="8" frame="modal_adverb" his="normal" his_1="normal" id="13" lcat="advp" lemma="nog" pos="adv" postag="BW()" pt="bw" rel="mod" root="nog" sc="modal" sense="nog" word="nog"/>
          <node begin="8" end="9" frame="adverb" his="normal" his_1="normal" id="14" lcat="advp" lemma="niet" pos="adv" postag="BW()" pt="bw" rel="hd" root="niet" sense="niet" word="niet"/>
        </node>
        <node aform="base" begin="9" buiging="zonder" end="10" frame="adjective(no_e(adv))" graad="basis" his="normal" his_1="normal" id="15" infl="no_e" lcat="ap" lemma="klaar" pos="adj" positie="vrij" postag="ADJ(vrij,basis,zonder)" pt="adj" rel="predc" root="klaar" sense="klaar" vform="adj" word="klaar"/>
      </node>
    </node>
    <node begin="10" end="11" frame="punct(punt)" his="normal" his_1="normal" id="16" lcat="punct" lemma="." pos="punct" postag="LET()" pt="let" rel="--" root="." sense="." special="punt" word="."/>
  </node>
  <sentence sentid="123">Tom kwam te vroeg en Mary was nog niet klaar .</sentence>
  <comments>
    <comment>Q#123|Tom kwam te vroeg en Mary was nog niet klaar .|1|1|-4.109792421800002</comment>
  </comments>
</alpino_ds>
