<?xml version="1.0" encoding="UTF-8"?>
<alpino_ds version="1.15">
  <parser build="Alpino-x86_64-linux-glibc2.5-git1006-sicstus" date="2023-09-25T08:35" cats="1" skips="0" />
  <node begin="0" cat="top" end="4" id="0" rel="top">
    <node begin="0" cat="sv1" end="4" id="1" rel="--">
      <node begin="0" end="1" frame="verb(hebben,past(sg),so_pp)" his="normal" his_1="normal" id="2" infl="sg" lcat="sv1" lemma="vragen" pos="verb" postag="WW(pv,verl,ev)" pt="ww" pvagr="ev" pvtijd="verl" rel="hd" root="vraag" sc="so_pp" sense="vraag" stype="ynquestion" tense="past" v_per="thi" word="vroeg" wvorm="pv"/>
      <node begin="1" end="2" frame="proper_name(sg,'PER')" genus="zijd" getal="ev" graad="basis" his="normal" his_1="names_dictionary" id="3" lcat="np" lemma="Tom" naamval="stan" neclass="PER" ntype="eigen" num="sg" pos="name" postag="N(eigen,ev,basis,zijd,stan)" pt="n" rel="su" rnum="sg" root="Tom" sense="Tom" word="Tom"/>
      <node begin="2" cat="pp" end="4" id="4" rel="obj2">
        <node begin="2" end="3" frame="preposition(aan,[vooraf])" his="normal" his_1="normal" id="5" lcat="pp" lemma="aan" pos="prep" postag="VZ(init)" pt="vz" rel="hd" root="aan" sense="aan" vztype="init" word="aan"/>
        <node begin="3" end="4" frame="proper_name(sg,'PER')" genus="zijd" getal="ev" graad="basis" his="normal" his_1="names_dictionary" id="6" lcat="np" lemma="Maria" naamval="stan" neclass="PER" ntype="eigen" num="sg" pos="name" postag="N(eigen,ev,basis,zijd,stan)" pt="n" rel="obj1" rnum="sg" root="Maria" sense="Maria" word="Maria"/>
      </node>
    </node>
  </node>
  <sentence sentid="124">vroeg Tom aan Maria</sentence>
  <comments>
    <comment>Q#124|vroeg Tom aan Maria|1|1|2.3364094112999996</comment>
  </comments>
</alpino_ds>
