<?xml version="1.0" encoding="UTF-8"?>
<alpino_ds version="1.15">
  <parser build="Alpino-x86_64-linux-glibc2.5-git1006-sicstus" date="2023-09-25T08:35" cats="1" skips="0" />
  <node begin="0" cat="top" end="15" id="0" rel="top">
    <node begin="6" end="7" frame="punct(komma)" his="normal" his_1="normal" id="1" lcat="punct" lemma="," pos="punct" postag="LET()" pt="let" rel="--" root="," sense="," special="komma" word=","/>
    <node begin="0" cat="conj" end="14" id="2" rel="--">
      <node begin="0" cat="smain" end="6" id="3" rel="cnj">
        <node begin="0" end="1" frame="proper_name(sg,'PER')" genus="zijd" getal="ev" graad="basis" his="normal" his_1="names_dictionary" id="4" lcat="np" lemma="Tom" naamval="stan" neclass="PER" ntype="eigen" num="sg" pos="name" postag="N(eigen,ev,basis,zijd,stan)" pt="n" rel="su" rnum="sg" root="Tom" sense="Tom" word="Tom"/>
        <node begin="1" end="2" frame="verb(hebben,past(sg),np_np)" his="normal" his_1="normal" id="5" infl="sg" lcat="smain" lemma="stellen" pos="verb" postag="WW(pv,verl,ev)" pt="ww" pvagr="ev" pvtijd="verl" rel="hd" root="stel" sc="np_np" sense="stel" stype="declarative" tense="past" v_per="thi" word="stelde" wvorm="pv"/>
        <node begin="2" end="3" frame="proper_name(sg,'PER')" genus="zijd" getal="ev" graad="basis" his="normal" his_1="names_dictionary" id="6" lcat="np" lemma="Mary" naamval="stan" neclass="PER" ntype="eigen" num="sg" pos="name" postag="N(eigen,ev,basis,zijd,stan)" pt="n" rel="obj2" rnum="sg" root="Mary" sense="Mary" word="Mary"/>
        <node begin="3" cat="np" end="6" id="7" rel="obj1">
          <node begin="3" cat="np" end="5" his="normal" his_1="normal" id="8" rel="det">
            <node begin="3" end="4" frame="determiner(een)" id="9" infl="een" lcat="detp" lemma="een" lwtype="onbep" naamval="stan" npagr="agr" pos="det" postag="LID(onbep,stan,agr)" pt="lid" rel="det" root="een" sense="een" word="een"/>
            <node begin="4" end="5" frame="noun(both,both,sg)" gen="both" genus="zijd" getal="ev" graad="basis" id="10" lcat="np" lemma="heleboel" naamval="stan" ntype="soort" num="sg" pos="noun" postag="N(soort,ev,basis,zijd,stan)" pt="n" rel="hd" root="heleboel" sense="heleboel" word="heleboel"/>
          </node>
          <node begin="5" end="6" frame="noun(de,count,pl)" gen="de" getal="mv" graad="basis" his="normal" his_1="normal" id="11" lcat="np" lemma="vraag" ntype="soort" num="pl" pos="noun" postag="N(soort,mv,basis)" pt="n" rel="hd" rnum="pl" root="vraag" sense="vraag" word="vragen"/>
        </node>
      </node>
      <node begin="7" conjtype="neven" end="8" frame="conj(maar)" his="normal" his_1="normal" id="12" lcat="vg" lemma="maar" pos="vg" postag="VG(neven)" pt="vg" rel="crd" root="maar" sense="maar" word="maar"/>
      <node begin="8" cat="smain" end="14" id="13" rel="cnj">
        <node begin="8" case="both" def="def" end="9" frame="pronoun(nwh,thi,both,de,both,def,wkpro)" gen="de" genus="fem" getal="ev" his="normal" his_1="normal" id="14" index="1" lcat="np" lemma="ze" naamval="stan" num="both" pdtype="pron" per="thi" persoon="3" pos="pron" postag="VNW(pers,pron,stan,red,3,ev,fem)" pt="vnw" rel="su" rnum="sg" root="ze" sense="ze" special="wkpro" status="red" vwtype="pers" wh="nwh" word="ze"/>
        <node begin="9" end="10" frame="verb(hebben,past(sg),vp)" his="normal" his_1="normal" id="15" infl="sg" lcat="smain" lemma="weigeren" pos="verb" postag="WW(pv,verl,ev)" pt="ww" pvagr="ev" pvtijd="verl" rel="hd" root="weiger" sc="vp" sense="weiger" stype="declarative" tense="past" v_per="thi" word="weigerde" wvorm="pv"/>
        <node begin="10" end="11" frame="er_vp_adverb" getal="getal" his="normal" his_1="normal" id="16" lcat="advp" lemma="er" naamval="stan" pdtype="adv-pron" persoon="3" pos="adv" postag="VNW(aanw,adv-pron,stan,red,3,getal)" pt="vnw" rel="mod" root="er" sense="er" special="er" status="red" vwtype="aanw" word="er"/>
        <node begin="8" cat="ti" end="14" id="17" rel="vc">
          <node begin="12" end="13" frame="complementizer(te)" his="normal" his_1="normal" id="18" lcat="ti" lemma="te" pos="comp" postag="VZ(init)" pt="vz" rel="cmp" root="te" sc="te" sense="te" vztype="init" word="te"/>
          <node begin="8" cat="inf" end="14" id="19" rel="body">
            <node begin="8" end="9" id="20" index="1" rel="su"/>
            <node begin="11" buiging="met-e" end="12" frame="adj_number(enkele)" his="normal" his_1="normal" id="21" infl="enkele" lcat="np" lemma="enkel" naamval="stan" npagr="rest" pdtype="det" pos="det" positie="prenom" postag="VNW(onbep,det,stan,prenom,met-e,rest)" pt="vnw" rel="obj1" root="enkel" sense="enkel" special="adj_number" vwtype="onbep" word="enkele"/>
            <node begin="13" buiging="zonder" end="14" frame="verb(hebben,inf,transitive)" his="normal" his_1="normal" id="22" infl="inf" lcat="inf" lemma="beantwoorden" pos="verb" positie="vrij" postag="WW(inf,vrij,zonder)" pt="ww" rel="hd" root="beantwoord" sc="transitive" sense="beantwoord" word="beantwoorden" wvorm="inf"/>
          </node>
        </node>
      </node>
    </node>
    <node begin="14" end="15" frame="punct(punt)" his="normal" his_1="normal" id="23" lcat="punct" lemma="." pos="punct" postag="LET()" pt="let" rel="--" root="." sense="." special="punt" word="."/>
  </node>
  <sentence sentid="125">Tom stelde Mary een heleboel vragen , maar ze weigerde er enkele te beantwoorden .</sentence>
  <comments>
    <comment>Q#125|Tom stelde Mary een heleboel vragen , maar ze weigerde er enkele te beantwoorden .|1|1|-4.320298673400002</comment>
  </comments>
</alpino_ds>
