<?xml version="1.0" encoding="UTF-8"?>
<alpino_ds version="1.15">
  <parser build="Alpino-x86_64-linux-glibc2.5-git1006-sicstus" date="2023-09-25T08:40" cats="1" skips="0" />
  <node begin="0" cat="top" end="9" id="0" rel="top">
    <node begin="0" cat="smain" end="8" id="1" rel="--">
      <node begin="0" end="1" frame="proper_name(sg,'PER')" genus="zijd" getal="ev" graad="basis" his="normal" his_1="names_dictionary" id="2" lcat="np" lemma="Tom" naamval="stan" neclass="PER" ntype="eigen" num="sg" pos="name" postag="N(eigen,ev,basis,zijd,stan)" pt="n" rel="su" rnum="sg" root="Tom" sense="Tom" word="Tom"/>
      <node begin="1" end="2" frame="verb(hebben,past(sg),so_pp_np)" his="normal" his_1="normal" id="3" infl="sg" lcat="smain" lemma="geven" pos="verb" postag="WW(pv,verl,ev)" pt="ww" pvagr="ev" pvtijd="verl" rel="hd" root="geef" sc="so_pp_np" sense="geef" stype="declarative" tense="past" v_per="thi" word="gaf" wvorm="pv"/>
      <node begin="2" end="3" frame="adverb" getal="ev" his="normal" his_1="normal" id="4" lcat="advp" lemma="wat" naamval="stan" pdtype="pron" persoon="3o" pos="adv" postag="VNW(onbep,pron,stan,vol,3o,ev)" pt="vnw" rel="mod" root="wat" sense="wat" status="vol" vwtype="onbep" word="wat"/>
      <node begin="3" cat="mwu" end="5" his="name" his_1="not_begin" id="5" rel="obj1">
        <node begin="3" end="4" frame="proper_name(sg,'PER')" id="6" lcat="np" lemma="jelly" neclass="PER" num="sg" pos="name" postag="SPEC(deeleigen)" pt="spec" rel="mwp" rnum="sg" root="jelly" sense="jelly" spectype="deeleigen" word="jelly"/>
        <node begin="4" end="5" frame="proper_name(sg,'PER')" id="7" lcat="np" lemma="bean" neclass="PER" num="sg" pos="name" postag="SPEC(deeleigen)" pt="spec" rel="mwp" rnum="sg" root="bean" sense="bean" spectype="deeleigen" word="bean"/>
      </node>
      <node begin="5" cat="pp" end="8" id="8" rel="obj2">
        <node begin="5" end="6" frame="preposition(aan,[vooraf])" his="normal" his_1="normal" id="9" lcat="pp" lemma="aan" pos="prep" postag="VZ(init)" pt="vz" rel="hd" root="aan" sense="aan" vztype="init" word="aan"/>
        <node begin="6" cat="np" end="8" id="10" rel="obj1">
          <node begin="6" buiging="zonder" end="7" frame="determiner(pron)" getal="ev" his="normal" his_1="normal" id="11" infl="pron" lcat="detp" lemma="zijn" naamval="stan" npagr="agr" pdtype="det" persoon="3" pos="det" positie="prenom" postag="VNW(bez,det,stan,vol,3,ev,prenom,zonder,agr)" pron="true" pt="vnw" rel="det" root="zijn" sense="zijn" status="vol" vwtype="bez" word="zijn"/>
          <node begin="7" end="8" frame="noun(het,count,pl)" gen="het" getal="mv" graad="basis" his="normal" his_1="normal" id="12" lcat="np" lemma="kleinkind" ntype="soort" num="pl" pos="noun" postag="N(soort,mv,basis)" pt="n" rel="hd" rnum="pl" root="kleinkind" sense="kleinkind" word="kleinkinderen"/>
        </node>
      </node>
    </node>
    <node begin="8" end="9" frame="punct(punt)" his="normal" his_1="normal" id="13" lcat="punct" lemma="." pos="punct" postag="LET()" pt="let" rel="--" root="." sense="." special="punt" word="."/>
  </node>
  <sentence sentid="1252">Tom gaf wat jelly bean aan zijn kleinkinderen .</sentence>
  <comments>
    <comment>Q#1252|Tom gaf wat jelly bean aan zijn kleinkinderen .|1|1|1.5250746907999972</comment>
  </comments>
</alpino_ds>
