<?xml version="1.0" encoding="UTF-8"?>
<alpino_ds version="1.15">
  <parser build="Alpino-x86_64-linux-glibc2.5-git1006-sicstus" date="2023-09-25T08:40" cats="1" skips="0" />
  <node begin="0" cat="top" end="8" id="0" rel="top">
    <node begin="0" cat="smain" end="7" id="1" rel="--">
      <node begin="0" end="1" frame="proper_name(sg,'PER')" genus="zijd" getal="ev" graad="basis" his="normal" his_1="names_dictionary" id="2" index="1" lcat="np" lemma="Tom" naamval="stan" neclass="PER" ntype="eigen" num="sg" pos="name" postag="N(eigen,ev,basis,zijd,stan)" pt="n" rel="su" rnum="sg" root="Tom" sense="Tom" word="Tom"/>
      <node begin="1" end="2" frame="verb(hebben,sg_heeft,aux_psp_hebben)" his="normal" his_1="normal" id="3" infl="sg_heeft" lcat="smain" lemma="hebben" pos="verb" postag="WW(pv,tgw,met-t)" pt="ww" pvagr="met-t" pvtijd="tgw" rel="hd" root="heb" sc="aux_psp_hebben" sense="heb" stype="declarative" tense="present" v_per="thi" word="heeft" wvorm="pv"/>
      <node begin="0" cat="ppart" end="7" id="4" rel="vc">
        <node begin="0" end="1" id="5" index="1" rel="su"/>
        <node begin="2" end="3" frame="noun(de,count,sg)" gen="de" getal="ev" his="normal" his_1="normal" id="6" index="2" lcat="np" lemma="iemand" naamval="stan" num="sg" pdtype="pron" persoon="3p" pos="noun" postag="VNW(onbep,pron,stan,vol,3p,ev)" pt="vnw" rel="obj2" rnum="sg" root="iemand" sense="iemand" status="vol" vwtype="onbep" word="iemand"/>
        <node begin="2" cat="ti" end="6" id="7" rel="vc">
          <node begin="4" end="5" frame="complementizer(te)" his="normal" his_1="normal" id="8" lcat="ti" lemma="te" pos="comp" postag="VZ(init)" pt="vz" rel="cmp" root="te" sc="te" sense="te" vztype="init" word="te"/>
          <node begin="2" cat="inf" end="6" id="9" rel="body">
            <node begin="2" end="3" id="10" index="2" rel="su"/>
            <node begin="3" end="4" frame="determiner(wat,nwh,mod,pro,nparg,ntopicpro)" getal="ev" his="normal" his_1="normal" id="11" infl="wat" lcat="np" lemma="wat" naamval="stan" pdtype="pron" persoon="3o" pos="det" postag="VNW(onbep,pron,stan,vol,3o,ev)" pt="vnw" rel="obj1" rnum="sg" root="wat" sense="wat" status="vol" vwtype="onbep" wh="nwh" word="wat"/>
            <node begin="5" buiging="zonder" end="6" frame="verb(hebben,inf,transitive)" his="normal" his_1="normal" id="12" infl="inf" lcat="inf" lemma="eten" pos="verb" positie="vrij" postag="WW(inf,vrij,zonder)" pt="ww" rel="hd" root="eet" sc="transitive" sense="eet" word="eten" wvorm="inf"/>
          </node>
        </node>
        <node begin="6" buiging="zonder" end="7" frame="verb(hebben,psp,so_control(pass_te))" his="normal" his_1="normal" id="13" infl="psp" lcat="ppart" lemma="geven" pos="verb" positie="vrij" postag="WW(vd,vrij,zonder)" pt="ww" rel="hd" root="geef" sc="so_control(pass_te)" sense="geef" word="gegeven" wvorm="vd"/>
      </node>
    </node>
    <node begin="7" end="8" frame="punct(punt)" his="normal" his_1="normal" id="14" lcat="punct" lemma="." pos="punct" postag="LET()" pt="let" rel="--" root="." sense="." special="punt" word="."/>
  </node>
  <sentence sentid="1297">Tom heeft iemand wat te eten gegeven .</sentence>
  <comments>
    <comment>Q#1297|Tom heeft iemand wat te eten gegeven .|1|1|0.9514761531000024</comment>
  </comments>
</alpino_ds>
