<?xml version="1.0" encoding="UTF-8"?>
<alpino_ds version="1.15">
  <parser build="Alpino-x86_64-linux-glibc2.5-git1006-sicstus" date="2023-09-25T08:35" cats="1" skips="0" />
  <node begin="0" cat="top" end="8" id="0" rel="top">
    <node begin="0" cat="smain" end="8" id="1" rel="--">
      <node begin="0" end="1" frame="proper_name(sg,'PER')" genus="zijd" getal="ev" graad="basis" his="normal" his_1="names_dictionary" id="2" lcat="np" lemma="Tom" naamval="stan" neclass="PER" ntype="eigen" num="sg" pos="name" postag="N(eigen,ev,basis,zijd,stan)" pt="n" rel="su" rnum="sg" root="Tom" sense="Tom" word="Tom"/>
      <node begin="1" end="2" frame="verb(hebben,past(sg),np_sbar)" his="normal" his_1="normal" id="3" infl="sg" lcat="smain" lemma="vragen" pos="verb" postag="WW(pv,verl,ev)" pt="ww" pvagr="ev" pvtijd="verl" rel="hd" root="vraag" sc="np_sbar" sense="vraag" stype="declarative" tense="past" v_per="thi" word="vroeg" wvorm="pv"/>
      <node begin="2" end="3" frame="proper_name(sg,'PER')" genus="zijd" getal="ev" graad="basis" his="normal" his_1="names_dictionary" id="4" lcat="np" lemma="Mary" naamval="stan" neclass="PER" ntype="eigen" num="sg" pos="name" postag="N(eigen,ev,basis,zijd,stan)" pt="n" rel="obj2" rnum="sg" root="Mary" sense="Mary" word="Mary"/>
      <node begin="3" cat="cp" end="8" id="5" rel="vc">
        <node begin="3" conjtype="onder" end="4" frame="complementizer(of)" his="normal" his_1="normal" id="6" lcat="cp" lemma="of" pos="comp" postag="VG(onder)" pt="vg" rel="cmp" root="of" sc="of" sense="of" word="of"/>
        <node begin="4" cat="ssub" end="8" id="7" rel="body">
          <node begin="4" case="both" def="def" end="5" frame="pronoun(nwh,thi,both,de,both,def,wkpro)" gen="de" genus="fem" getal="ev" his="normal" his_1="normal" id="8" lcat="np" lemma="ze" naamval="stan" num="both" pdtype="pron" per="thi" persoon="3" pos="pron" postag="VNW(pers,pron,stan,red,3,ev,fem)" pt="vnw" rel="su" rnum="sg" root="ze" sense="ze" special="wkpro" status="red" vwtype="pers" wh="nwh" word="ze"/>
          <node begin="5" cat="np" end="7" id="9" rel="obj1">
            <node begin="5" end="6" frame="determiner(een)" his="normal" his_1="normal" id="10" infl="een" lcat="detp" lemma="een" lwtype="onbep" naamval="stan" npagr="agr" pos="det" postag="LID(onbep,stan,agr)" pt="lid" rel="det" root="een" sense="een" word="een"/>
            <node begin="6" end="7" frame="noun(het,count,sg)" gen="het" genus="onz" getal="ev" graad="dim" his="normal" his_1="normal" id="11" lcat="np" lemma="brood" naamval="stan" ntype="soort" num="sg" pos="noun" postag="N(soort,ev,dim,onz,stan)" pt="n" rel="hd" rnum="sg" root="brood_DIM" sense="brood_DIM" word="broodje"/>
          </node>
          <node begin="7" end="8" frame="verb(hebben,past(sg),transitive_ndev_ndev)" his="normal" his_1="normal" id="12" infl="sg" lcat="ssub" lemma="willen" pos="verb" postag="WW(pv,verl,ev)" pt="ww" pvagr="ev" pvtijd="verl" rel="hd" root="wil" sc="transitive_ndev_ndev" sense="wil" tense="past" v_per="thi" word="wilde" wvorm="pv"/>
        </node>
      </node>
    </node>
  </node>
  <sentence sentid="130">Tom vroeg Mary of ze een broodje wilde</sentence>
  <comments>
    <comment>Q#130|Tom vroeg Mary of ze een broodje wilde|1|1|-1.9689015687000007</comment>
  </comments>
</alpino_ds>
