<?xml version="1.0" encoding="UTF-8"?>
<alpino_ds version="1.15">
  <parser build="Alpino-x86_64-linux-glibc2.5-git1006-sicstus" date="2023-09-25T08:40" cats="1" skips="0" />
  <node begin="0" cat="top" end="8" id="0" rel="top">
    <node begin="0" cat="smain" end="7" id="1" rel="--">
      <node begin="0" end="1" frame="proper_name(sg,'PER')" genus="zijd" getal="ev" graad="basis" his="normal" his_1="names_dictionary" id="2" lcat="np" lemma="Tom" naamval="stan" neclass="PER" ntype="eigen" num="sg" pos="name" postag="N(eigen,ev,basis,zijd,stan)" pt="n" rel="su" rnum="sg" root="Tom" sense="Tom" word="Tom"/>
      <node begin="1" end="2" frame="verb(hebben,past(sg),part_transitive(aan))" his="normal" his_1="normal" id="3" infl="sg" lcat="smain" lemma="aan_kijken" pos="verb" postag="WW(pv,verl,ev)" pt="ww" pvagr="ev" pvtijd="verl" rel="hd" root="kijk_aan" sc="part_transitive(aan)" sense="kijk_aan" stype="declarative" tense="past" v_per="thi" word="keek" wvorm="pv"/>
      <node begin="2" end="3" frame="proper_name(sg,'PER')" genus="zijd" getal="ev" graad="basis" his="normal" his_1="names_dictionary" id="4" lcat="np" lemma="Mary" naamval="stan" neclass="PER" ntype="eigen" num="sg" pos="name" postag="N(eigen,ev,basis,zijd,stan)" pt="n" rel="obj1" rnum="sg" root="Mary" sense="Mary" word="Mary"/>
      <node begin="3" cat="conj" end="6" id="5" rel="predm">
        <node aform="base" begin="3" buiging="zonder" end="4" frame="adjective(no_e(padv))" graad="basis" his="normal" his_1="normal" id="6" infl="no_e" lcat="ap" lemma="boos" pos="adj" positie="vrij" postag="ADJ(vrij,basis,zonder)" pt="adj" rel="cnj" root="boos" sense="boos" vform="adj" word="boos"/>
        <node begin="4" conjtype="neven" end="5" frame="conj(en)" his="normal" his_1="normal" id="7" lcat="vg" lemma="en" pos="vg" postag="VG(neven)" pt="vg" rel="crd" root="en" sense="en" word="en"/>
        <node aform="base" begin="5" buiging="zonder" end="6" frame="adjective(end(both))" his="normal" his_1="V-d" his_1_1="normal" id="8" infl="no_e" lcat="ppres" lemma="walgen" pos="adj" positie="vrij" postag="WW(od,vrij,zonder)" pt="ww" rel="cnj" root="walg" sense="walg" vform="gerund" word="walgend" wvorm="od"/>
      </node>
      <node begin="6" end="7" frame="particle(aan)" his="normal" his_1="normal" id="9" lcat="part" lemma="aan" pos="part" postag="VZ(fin)" pt="vz" rel="svp" root="aan" sense="aan" vztype="fin" word="aan"/>
    </node>
    <node begin="7" end="8" frame="punct(punt)" his="normal" his_1="normal" id="10" lcat="punct" lemma="." pos="punct" postag="LET()" pt="let" rel="--" root="." sense="." special="punt" word="."/>
  </node>
  <sentence sentid="1306">Tom keek Mary boos en walgend aan .</sentence>
  <comments>
    <comment>Q#1306|Tom keek Mary boos en walgend aan .|1|1|0.2692789323999991</comment>
  </comments>
</alpino_ds>
