<?xml version="1.0" encoding="UTF-8"?>
<alpino_ds version="1.15">
  <parser build="Alpino-x86_64-linux-glibc2.5-git1006-sicstus" date="2023-09-25T08:40" cats="1" skips="0" />
  <node begin="0" cat="top" end="9" id="0" rel="top">
    <node begin="0" cat="conj" end="8" id="1" rel="--">
      <node begin="0" cat="smain" end="5" id="2" rel="cnj">
        <node begin="0" end="1" frame="proper_name(sg,'PER')" genus="zijd" getal="ev" graad="basis" his="normal" his_1="names_dictionary" id="3" index="1" lcat="np" lemma="Tom" naamval="stan" neclass="PER" ntype="eigen" num="sg" pos="name" postag="N(eigen,ev,basis,zijd,stan)" pt="n" rel="su" rnum="sg" root="Tom" sense="Tom" word="Tom"/>
        <node begin="1" end="2" frame="verb(zijn,past(sg),ld_pp)" his="normal" his_1="normal" id="4" infl="sg" lcat="smain" lemma="stappen" pos="verb" postag="WW(pv,verl,ev)" pt="ww" pvagr="ev" pvtijd="verl" rel="hd" root="stap" sc="ld_pp" sense="stap" tense="past" v_per="thi" word="stapte" wvorm="pv"/>
        <node begin="2" cat="pp" end="5" id="5" rel="ld">
          <node begin="2" end="3" frame="preposition(in,[])" his="normal" his_1="normal" id="6" lcat="pp" lemma="in" pos="prep" postag="VZ(init)" pt="vz" rel="hd" root="in" sense="in" vztype="init" word="in"/>
          <node begin="3" cat="np" end="5" id="7" rel="obj1">
            <node begin="3" buiging="zonder" end="4" frame="determiner(pron)" getal="ev" his="normal" his_1="normal" id="8" infl="pron" lcat="detp" lemma="zijn" naamval="stan" npagr="agr" pdtype="det" persoon="3" pos="det" positie="prenom" postag="VNW(bez,det,stan,vol,3,ev,prenom,zonder,agr)" pron="true" pt="vnw" rel="det" root="zijn" sense="zijn" status="vol" vwtype="bez" word="zijn"/>
            <node begin="4" end="5" frame="noun(de,count,sg)" gen="de" genus="zijd" getal="ev" graad="basis" his="normal" his_1="normal" id="9" lcat="np" lemma="auto" naamval="stan" ntype="soort" num="sg" pos="noun" postag="N(soort,ev,basis,zijd,stan)" pt="n" rel="hd" rnum="sg" root="auto" sense="auto" word="auto"/>
          </node>
        </node>
      </node>
      <node begin="5" conjtype="neven" end="6" frame="conj(en)" his="normal" his_1="normal" id="10" lcat="vg" lemma="en" pos="vg" postag="VG(neven)" pt="vg" rel="crd" root="en" sense="en" word="en"/>
      <node begin="0" cat="smain" end="8" id="11" rel="cnj">
        <node begin="0" end="1" id="12" index="1" rel="su"/>
        <node begin="6" end="7" frame="verb(zijn,past(sg),part_intransitive(weg))" his="normal" his_1="normal" id="13" infl="sg" lcat="smain" lemma="weg_rijden" pos="verb" postag="WW(pv,verl,ev)" pt="ww" pvagr="ev" pvtijd="verl" rel="hd" root="rijd_weg" sc="part_intransitive(weg)" sense="rijd_weg" tense="past" v_per="thi" word="reed" wvorm="pv"/>
        <node begin="7" end="8" frame="particle(weg)" his="normal" his_1="normal" id="14" lcat="part" lemma="weg" pos="part" postag="BW()" pt="bw" rel="svp" root="weg" sense="weg" word="weg"/>
      </node>
    </node>
    <node begin="8" end="9" frame="punct(punt)" his="normal" his_1="normal" id="15" lcat="punct" lemma="." pos="punct" postag="LET()" pt="let" rel="--" root="." sense="." special="punt" word="."/>
  </node>
  <sentence sentid="1323">Tom stapte in zijn auto en reed weg .</sentence>
  <comments>
    <comment>Q#1323|Tom stapte in zijn auto en reed weg .|1|1|-3.8734447941</comment>
  </comments>
</alpino_ds>
