<?xml version="1.0" encoding="UTF-8"?>
<alpino_ds version="1.15">
  <parser build="Alpino-x86_64-linux-glibc2.5-git1006-sicstus" date="2023-09-25T08:40" cats="1" skips="0" />
  <node begin="0" cat="top" end="10" id="0" rel="top">
    <node begin="0" cat="smain" end="9" id="1" rel="--">
      <node begin="0" end="1" frame="proper_name(sg,'PER')" genus="zijd" getal="ev" graad="basis" his="normal" his_1="names_dictionary" id="2" lcat="np" lemma="Tom" naamval="stan" neclass="PER" ntype="eigen" num="sg" pos="name" postag="N(eigen,ev,basis,zijd,stan)" pt="n" rel="su" rnum="sg" root="Tom" sense="Tom" word="Tom"/>
      <node begin="1" end="2" frame="verb(hebben,past(sg),part_ld_transitive(op))" his="normal" his_1="normal" id="3" infl="sg" lcat="smain" lemma="op_staan" pos="verb" postag="WW(pv,verl,ev)" pt="ww" pvagr="ev" pvtijd="verl" rel="hd" root="sta_op" sc="part_ld_transitive(op)" sense="sta_op" stype="declarative" tense="past" v_per="thi" word="stond" wvorm="pv"/>
      <node begin="2" end="3" frame="sentence_adverb" his="normal" his_1="normal" id="4" lcat="advp" lemma="bijna" pos="adv" postag="BW()" pt="bw" rel="mod" root="bijna" sense="bijna" special="sentence" word="bijna"/>
      <node begin="3" cat="np" end="5" id="5" rel="ld">
        <node begin="3" buiging="met-e" end="4" frame="determiner(elke,nwh,mod)" his="normal" his_1="normal" id="6" infl="elke" lcat="detp" lemma="elk" naamval="stan" npagr="evz" pdtype="det" pos="det" positie="prenom" postag="VNW(onbep,det,stan,prenom,met-e,evz)" pt="vnw" rel="det" root="elk" sense="elk" vwtype="onbep" wh="nwh" word="elke"/>
        <node begin="4" end="5" frame="noun(de,count,sg)" gen="de" genus="zijd" getal="ev" graad="basis" his="compound" his_1="2" id="7" lcat="np" lemma="tijd_eenheid" naamval="stan" ntype="soort" num="sg" pos="noun" postag="N(soort,ev,basis,zijd,stan)" pt="n" rel="hd" rnum="sg" root="tijd_eenheid" sense="tijd_eenheid" word="tijdseenheid"/>
      </node>
      <node begin="5" cat="pp" end="8" id="8" rel="mod">
        <node begin="5" end="6" frame="preposition(om,[heen])" his="normal" his_1="normal" id="9" lcat="pp" lemma="om" pos="prep" postag="VZ(init)" pt="vz" rel="hd" root="om" sense="om" vztype="init" word="om"/>
        <node begin="6" cat="mwu" end="8" his="normal" his_1="temporal_expression" id="10" rel="obj1">
          <node begin="6" end="7" frame="tmp_np" id="11" lcat="np" lemma="zes" numtype="hoofd" pos="noun" positie="vrij" postag="TW(hoofd,vrij)" pt="tw" rel="mwp" root="zes" sense="zes" special="tmp" word="zes"/>
          <node begin="7" end="8" frame="tmp_np" genus="onz" getal="ev" graad="basis" id="12" lcat="np" lemma="uur" naamval="stan" ntype="soort" pos="noun" postag="N(soort,ev,basis,onz,stan)" pt="n" rel="mwp" root="uur" sense="uur" special="tmp" word="uur"/>
        </node>
      </node>
      <node begin="8" end="9" frame="particle(op)" his="normal" his_1="normal" id="13" lcat="part" lemma="op" pos="part" postag="VZ(fin)" pt="vz" rel="svp" root="op" sense="op" vztype="fin" word="op"/>
    </node>
    <node begin="9" end="10" frame="punct(punt)" his="normal" his_1="normal" id="14" lcat="punct" lemma="." pos="punct" postag="LET()" pt="let" rel="--" root="." sense="." special="punt" word="."/>
  </node>
  <sentence sentid="1361">Tom stond bijna elke tijdseenheid om zes uur op .</sentence>
  <comments>
    <comment>Q#1361|Tom stond bijna elke tijdseenheid om zes uur op .|1|1|-0.5778730242000013</comment>
  </comments>
</alpino_ds>
