<?xml version="1.0" encoding="UTF-8"?>
<alpino_ds version="1.15">
  <parser build="Alpino-x86_64-linux-glibc2.5-git1006-sicstus" date="2023-09-25T08:40" cats="1" skips="0" />
  <node begin="0" cat="top" end="5" id="0" rel="top">
    <node begin="0" cat="smain" end="5" id="1" rel="--">
      <node begin="0" end="1" frame="proper_name(sg,'PER')" genus="zijd" getal="ev" graad="basis" his="normal" his_1="names_dictionary" id="2" lcat="np" lemma="Tom" naamval="stan" neclass="PER" ntype="eigen" num="sg" pos="name" postag="N(eigen,ev,basis,zijd,stan)" pt="n" rel="su" rnum="sg" root="Tom" sense="Tom" word="Tom"/>
      <node begin="1" end="2" frame="verb(hebben,past(sg),part_transitive(vast))" his="normal" his_1="normal" id="3" infl="sg" lcat="smain" lemma="vast_pakken" pos="verb" postag="WW(pv,verl,ev)" pt="ww" pvagr="ev" pvtijd="verl" rel="hd" root="pak_vast" sc="part_transitive(vast)" sense="pak_vast" stype="declarative" tense="past" v_per="thi" word="pakte" wvorm="pv"/>
      <node begin="2" cat="np" end="4" id="4" rel="obj1">
        <node begin="2" end="3" frame="name_determiner(pron,'PER')" getal="ev" graad="basis" his="normal" his_1="gen" his_1_1="names_dictionary" id="5" infl="pron" lcat="detp" lemma="Mary" naamval="gen" neclass="PER" ntype="eigen" pos="det" postag="N(eigen,ev,basis,gen)" pt="n" rel="det" root="Mary" sense="Mary" special="name" word="Mary&apos;s"/>
        <node begin="3" end="4" frame="noun(de,count,sg)" gen="de" genus="zijd" getal="ev" graad="basis" his="normal" his_1="normal" id="6" lcat="np" lemma="arm" naamval="stan" ntype="soort" num="sg" pos="noun" postag="N(soort,ev,basis,zijd,stan)" pt="n" rel="hd" rnum="sg" root="arm" sense="arm" word="arm"/>
      </node>
      <node begin="4" buiging="zonder" end="5" frame="particle(vast)" graad="basis" his="normal" his_1="normal" id="7" lcat="part" lemma="vast" pos="part" positie="vrij" postag="ADJ(vrij,basis,zonder)" pt="adj" rel="svp" root="vast" sense="vast" word="vast"/>
    </node>
  </node>
  <sentence sentid="1363">Tom pakte Mary&apos;s arm vast</sentence>
  <comments>
    <comment>Q#1363|Tom pakte Mary&apos;s arm vast|1|1|-1.9409546302000003</comment>
  </comments>
</alpino_ds>
