<?xml version="1.0" encoding="UTF-8"?>
<alpino_ds version="1.15">
  <parser build="Alpino-x86_64-linux-glibc2.5-git1006-sicstus" date="2023-09-25T08:40" cats="1" skips="0" />
  <node begin="0" cat="top" end="6" id="0" rel="top">
    <node begin="0" cat="smain" end="6" id="1" rel="--">
      <node begin="0" end="1" frame="proper_name(sg,'PER')" genus="zijd" getal="ev" graad="basis" his="normal" his_1="names_dictionary" id="2" lcat="np" lemma="Tom" naamval="stan" neclass="PER" ntype="eigen" num="sg" pos="name" postag="N(eigen,ev,basis,zijd,stan)" pt="n" rel="su" rnum="sg" root="Tom" sense="Tom" word="Tom"/>
      <node begin="1" end="2" frame="verb(hebben,past(sg),fixed([[bij,de,keel],acc],norm_passive))" his="normal" his_1="normal" id="3" infl="sg" lcat="smain" lemma="grijpen" pos="verb" postag="WW(pv,verl,ev)" pt="ww" pvagr="ev" pvtijd="verl" rel="hd" root="grijp" sc="fixed([[bij,de,keel],acc],norm_passive)" sense="bij-de-keel-grijp" stype="declarative" tense="past" v_per="thi" word="greep" wvorm="pv"/>
      <node begin="2" end="3" frame="proper_name(sg,'PER')" genus="zijd" getal="ev" graad="basis" his="normal" his_1="names_dictionary" id="4" lcat="np" lemma="Mary" naamval="stan" neclass="PER" ntype="eigen" num="sg" pos="name" postag="N(eigen,ev,basis,zijd,stan)" pt="n" rel="obj1" rnum="sg" root="Mary" sense="Mary" word="Mary"/>
      <node begin="3" cat="mwu" end="6" his="normal" his_1="normal" id="5" rel="svp">
        <node begin="3" end="4" frame="fixed_part([bij,de,keel])" id="6" lcat="fixed" lemma="bij" pos="fixed" postag="VZ(init)" pt="vz" rel="mwp" root="bij" sense="bij" vztype="init" word="bij"/>
        <node begin="4" end="5" frame="fixed_part([bij,de,keel])" id="7" lcat="fixed" lemma="de" lwtype="bep" naamval="stan" npagr="rest" pos="fixed" postag="LID(bep,stan,rest)" pt="lid" rel="mwp" root="de" sense="de" word="de"/>
        <node begin="5" end="6" frame="fixed_part([bij,de,keel])" genus="zijd" getal="ev" graad="basis" id="8" lcat="fixed" lemma="keel" naamval="stan" ntype="soort" pos="fixed" postag="N(soort,ev,basis,zijd,stan)" pt="n" rel="mwp" root="keel" sense="keel" word="keel"/>
      </node>
    </node>
  </node>
  <sentence sentid="1365">Tom greep Mary bij de keel</sentence>
  <comments>
    <comment>Q#1365|Tom greep Mary bij de keel|1|1|-1.8785563410000004</comment>
  </comments>
</alpino_ds>
