<?xml version="1.0" encoding="UTF-8"?>
<alpino_ds version="1.15">
  <parser build="Alpino-x86_64-linux-glibc2.5-git1006-sicstus" date="2023-09-25T08:40" cats="1" skips="0" />
  <node begin="0" cat="top" end="7" id="0" rel="top">
    <node begin="0" cat="conj" end="6" id="1" rel="--">
      <node begin="0" cat="smain" end="4" id="2" rel="cnj">
        <node begin="0" end="1" frame="proper_name(sg,'PER')" genus="zijd" getal="ev" graad="basis" his="normal" his_1="names_dictionary" id="3" index="1" lcat="np" lemma="Tom" naamval="stan" neclass="PER" ntype="eigen" num="sg" pos="name" postag="N(eigen,ev,basis,zijd,stan)" pt="n" rel="su" rnum="sg" root="Tom" sense="Tom" word="Tom"/>
        <node begin="1" end="2" frame="verb(hebben,past(sg),transitive)" his="normal" his_1="normal" id="4" infl="sg" lcat="smain" lemma="pakken" pos="verb" postag="WW(pv,verl,ev)" pt="ww" pvagr="ev" pvtijd="verl" rel="hd" root="pak" sc="transitive" sense="pak" tense="past" v_per="thi" word="pakte" wvorm="pv"/>
        <node begin="2" cat="np" end="4" id="5" rel="obj1">
          <node begin="2" buiging="zonder" end="3" frame="determiner(pron)" getal="ev" his="normal" his_1="normal" id="6" infl="pron" lcat="detp" lemma="zijn" naamval="stan" npagr="agr" pdtype="det" persoon="3" pos="det" positie="prenom" postag="VNW(bez,det,stan,vol,3,ev,prenom,zonder,agr)" pron="true" pt="vnw" rel="det" root="zijn" sense="zijn" status="vol" vwtype="bez" word="zijn"/>
          <node begin="3" end="4" frame="noun(de,count,sg)" gen="de" genus="zijd" getal="ev" graad="basis" his="normal" his_1="normal" id="7" lcat="np" lemma="rugzak" naamval="stan" ntype="soort" num="sg" pos="noun" postag="N(soort,ev,basis,zijd,stan)" pt="n" rel="hd" rnum="sg" root="rugzak" sense="rugzak" word="rugzak"/>
        </node>
      </node>
      <node begin="4" conjtype="neven" end="5" frame="conj(en)" his="normal" his_1="normal" id="8" lcat="vg" lemma="en" pos="vg" postag="VG(neven)" pt="vg" rel="crd" root="en" sense="en" word="en"/>
      <node begin="0" cat="smain" end="6" id="9" rel="cnj">
        <node begin="0" end="1" id="10" index="1" rel="su"/>
        <node begin="5" end="6" frame="verb(zijn,past(sg),intransitive)" his="normal" his_1="normal" id="11" infl="sg" lcat="smain" lemma="vertrekken" pos="verb" postag="WW(pv,verl,ev)" pt="ww" pvagr="ev" pvtijd="verl" rel="hd" root="vertrek" sc="intransitive" sense="vertrek" tense="past" v_per="thi" word="vertrok" wvorm="pv"/>
      </node>
    </node>
    <node begin="6" end="7" frame="punct(punt)" his="normal" his_1="normal" id="12" lcat="punct" lemma="." pos="punct" postag="LET()" pt="let" rel="--" root="." sense="." special="punt" word="."/>
  </node>
  <sentence sentid="1370">Tom pakte zijn rugzak en vertrok .</sentence>
  <comments>
    <comment>Q#1370|Tom pakte zijn rugzak en vertrok .|1|1|-1.9077567921000003</comment>
  </comments>
</alpino_ds>
