<?xml version="1.0" encoding="UTF-8"?>
<alpino_ds version="1.15">
  <parser build="Alpino-x86_64-linux-glibc2.5-git1006-sicstus" date="2023-09-25T08:40" cats="1" skips="0" />
  <node begin="0" cat="top" end="12" id="0" rel="top">
    <node begin="0" cat="smain" end="11" id="1" rel="--">
      <node begin="0" end="1" frame="proper_name(sg,'PER')" genus="zijd" getal="ev" graad="basis" his="normal" his_1="names_dictionary" id="2" lcat="np" lemma="Tom" naamval="stan" neclass="PER" ntype="eigen" num="sg" pos="name" postag="N(eigen,ev,basis,zijd,stan)" pt="n" rel="su" rnum="sg" root="Tom" sense="Tom" word="Tom"/>
      <node begin="1" end="2" frame="verb(unacc,past(sg),part_intransitive(op))" his="normal" his_1="normal" id="3" infl="sg" lcat="smain" lemma="op_groeien" pos="verb" postag="WW(pv,verl,ev)" pt="ww" pvagr="ev" pvtijd="verl" rel="hd" root="groei_op" sc="part_intransitive(op)" sense="groei_op" stype="declarative" tense="past" v_per="thi" word="groeide" wvorm="pv"/>
      <node begin="2" end="3" frame="particle(op)" his="normal" his_1="normal" id="4" lcat="part" lemma="op" pos="part" postag="VZ(fin)" pt="vz" rel="svp" root="op" sense="op" vztype="fin" word="op"/>
      <node begin="3" cat="pp" end="11" id="5" rel="mod">
        <node begin="3" end="4" frame="preposition(met,[mee,[en,al]])" his="normal" his_1="normal" id="6" lcat="pp" lemma="met" pos="prep" postag="VZ(init)" pt="vz" rel="hd" root="met" sense="met" vztype="init" word="met"/>
        <node begin="4" cat="np" end="11" id="7" rel="obj1">
          <node begin="4" end="5" frame="determiner(het,nwh,nmod,pro,nparg,wkpro)" his="normal" his_1="normal" id="8" infl="het" lcat="detp" lemma="het" lwtype="bep" naamval="stan" npagr="evon" pos="det" postag="LID(bep,stan,evon)" pt="lid" rel="det" root="het" sense="het" wh="nwh" word="het"/>
          <node begin="5" buiging="zonder" end="6" frame="v_noun(intransitive)" getal-n="zonder-n" his="normal" his_1="normal" id="9" lcat="np" lemma="spreken" pos="verb" positie="nom" postag="WW(inf,nom,zonder,zonder-n)" pt="ww" rel="hd" rnum="sg" root="spreek" sc="intransitive" sense="spreek" special="v_noun" word="spreken" wvorm="inf"/>
          <node begin="6" cat="pp" end="11" id="10" rel="mod">
            <node begin="6" end="7" frame="preposition(van,[af,uit,vandaan,[af,aan]])" his="normal" his_1="normal" id="11" lcat="pp" lemma="van" pos="prep" postag="VZ(init)" pt="vz" rel="hd" root="van" sense="van" vztype="init" word="van"/>
            <node begin="7" cat="conj" end="11" id="12" rel="obj1">
              <node begin="7" end="8" frame="left_conj(als)" his="normal" his_1="normal" id="13" lcat="vg" lemma="zowel" pos="vg" postag="BW()" pt="bw" rel="crd" root="zowel" sense="zowel" special="left" word="zowel"/>
              <node begin="8" end="9" frame="noun(het,mass,sg)" gen="het" genus="onz" getal="ev" graad="basis" his="normal" his_1="normal" id="14" lcat="np" lemma="Engels" naamval="stan" ntype="eigen" num="sg" pos="noun" postag="N(eigen,ev,basis,onz,stan)" pt="n" rel="cnj" rnum="sg" root="Engels" sense="Engels" word="Engels"/>
              <node begin="9" conjtype="onder" end="10" frame="right_conj(als)" his="normal" his_1="normal" id="15" lcat="vg" lemma="als" pos="vg" postag="VG(onder)" pt="vg" rel="crd" root="als" sense="als" special="right" word="als"/>
              <node begin="10" end="11" frame="noun(het,mass,sg)" gen="het" genus="onz" getal="ev" graad="basis" his="normal" his_1="normal" id="16" lcat="np" lemma="Engels" naamval="stan" ntype="eigen" num="sg" pos="noun" postag="N(eigen,ev,basis,onz,stan)" pt="n" rel="cnj" rnum="sg" root="Engels" sense="Engels" word="Engels"/>
            </node>
          </node>
        </node>
      </node>
    </node>
    <node begin="11" end="12" frame="punct(punt)" his="normal" his_1="normal" id="17" lcat="punct" lemma="." pos="punct" postag="LET()" pt="let" rel="--" root="." sense="." special="punt" word="."/>
  </node>
  <sentence sentid="1383">Tom groeide op met het spreken van zowel Engels als Engels .</sentence>
  <comments>
    <comment>Q#1383|Tom groeide op met het spreken van zowel Engels als Engels .|1|1|2.3907880507999972</comment>
  </comments>
</alpino_ds>
