<?xml version="1.0" encoding="UTF-8"?>
<alpino_ds version="1.15">
  <parser build="Alpino-x86_64-linux-glibc2.5-git1006-sicstus" date="2023-09-25T08:35" cats="1" skips="0" />
  <node begin="0" cat="top" end="16" id="0" rel="top">
    <node begin="0" cat="smain" end="15" id="1" rel="--">
      <node begin="0" end="1" frame="proper_name(sg,'PER')" genus="zijd" getal="ev" graad="basis" his="normal" his_1="names_dictionary" id="2" lcat="np" lemma="Tom" naamval="stan" neclass="PER" ntype="eigen" num="sg" pos="name" postag="N(eigen,ev,basis,zijd,stan)" pt="n" rel="su" rnum="sg" root="Tom" sense="Tom" word="Tom"/>
      <node begin="1" end="2" frame="verb(hebben,past(sg),np_vp_obj)" his="normal" his_1="normal" id="3" infl="sg" lcat="smain" lemma="vragen" pos="verb" postag="WW(pv,verl,ev)" pt="ww" pvagr="ev" pvtijd="verl" rel="hd" root="vraag" sc="np_vp_obj" sense="vraag" stype="declarative" tense="past" v_per="thi" word="vroeg" wvorm="pv"/>
      <node begin="2" end="3" frame="proper_name(sg,'PER')" genus="zijd" getal="ev" graad="basis" his="normal" his_1="names_dictionary" id="4" index="1" lcat="np" lemma="Mary" naamval="stan" neclass="PER" ntype="eigen" num="sg" pos="name" postag="N(eigen,ev,basis,zijd,stan)" pt="n" rel="obj2" rnum="sg" root="Mary" sense="Mary" word="Mary"/>
      <node begin="2" cat="oti" end="9" id="5" rel="vc">
        <node begin="3" end="4" frame="complementizer(om)" his="normal" his_1="normal" id="6" lcat="oti" lemma="om" pos="comp" postag="VZ(init)" pt="vz" rel="cmp" root="om" sc="om" sense="om" vztype="init" word="om"/>
        <node begin="2" cat="ti" end="9" id="7" rel="body">
          <node begin="7" end="8" frame="complementizer(te)" his="normal" his_1="normal" id="8" lcat="ti" lemma="te" pos="comp" postag="VZ(init)" pt="vz" rel="cmp" root="te" sc="te" sense="te" vztype="init" word="te"/>
          <node begin="2" cat="inf" end="9" id="9" rel="body">
            <node begin="2" end="3" id="10" index="1" rel="su"/>
            <node begin="4" cat="pp" end="7" id="11" rel="ld">
              <node begin="4" end="5" frame="preposition(naar,[toe])" his="normal" his_1="normal" id="12" lcat="pp" lemma="naar" pos="prep" postag="VZ(init)" pt="vz" rel="hd" root="naar" sense="naar" vztype="init" word="naar"/>
              <node begin="5" cat="np" end="7" id="13" rel="obj1">
                <node begin="5" end="6" frame="determiner(de)" his="normal" his_1="normal" id="14" infl="de" lcat="detp" lemma="de" lwtype="bep" naamval="stan" npagr="rest" pos="det" postag="LID(bep,stan,rest)" pt="lid" rel="det" root="de" sense="de" word="de"/>
                <node begin="6" end="7" frame="noun(de,count,sg)" gen="de" genus="zijd" getal="ev" graad="basis" his="normal" his_1="normal" id="15" lcat="np" lemma="winkel" naamval="stan" ntype="soort" num="sg" pos="noun" postag="N(soort,ev,basis,zijd,stan)" pt="n" rel="hd" rnum="sg" root="winkel" sense="winkel" word="winkel"/>
              </node>
            </node>
            <node begin="8" buiging="zonder" end="9" frame="verb(zijn,inf(no_e),ld_pp)" his="normal" his_1="normal" id="16" infl="inf(no_e)" lcat="inf" lemma="gaan" pos="verb" positie="vrij" postag="WW(inf,vrij,zonder)" pt="ww" rel="hd" root="ga" sc="ld_pp" sense="ga" word="gaan" wvorm="inf"/>
          </node>
        </node>
      </node>
      <node begin="9" cat="oti" end="15" id="17" rel="mod">
        <node begin="9" end="10" frame="complementizer(om)" his="normal" his_1="normal" id="18" lcat="oti" lemma="om" pos="comp" postag="VZ(init)" pt="vz" rel="cmp" root="om" sc="om" sense="om" vztype="init" word="om"/>
        <node begin="10" cat="ti" end="15" id="19" rel="body">
          <node begin="13" end="14" frame="complementizer(te)" his="normal" his_1="normal" id="20" lcat="ti" lemma="te" pos="comp" postag="VZ(init)" pt="vz" rel="cmp" root="te" sc="te" sense="te" vztype="init" word="te"/>
          <node begin="10" cat="inf" end="15" id="21" rel="body">
            <node begin="10" cat="np" end="13" id="22" rel="obj1">
              <node begin="10" end="11" frame="determiner(wat,nwh,mod,pro,nparg,ntopicpro)" getal="ev" his="normal" his_1="normal" id="23" infl="wat" lcat="detp" lemma="wat" naamval="stan" pdtype="pron" persoon="3o" pos="det" postag="VNW(onbep,pron,stan,vol,3o,ev)" pt="vnw" rel="det" root="wat" sense="wat" status="vol" vwtype="onbep" wh="nwh" word="wat"/>
              <node aform="base" begin="11" buiging="zonder" end="12" frame="adjective(no_e(adv))" graad="basis" his="normal" his_1="normal" id="24" infl="no_e" lcat="ap" lemma="bruin" pos="adj" positie="prenom" postag="ADJ(prenom,basis,zonder)" pt="adj" rel="mod" root="bruin" sense="bruin" vform="adj" word="bruin"/>
              <node begin="12" end="13" frame="noun(het,count,sg)" gen="het" genus="onz" getal="ev" graad="basis" his="compound" his_1="1" id="25" lcat="np" lemma="Boston_brood" naamval="stan" ntype="soort" num="sg" pos="noun" postag="N(soort,ev,basis,onz,stan)" pt="n" rel="hd" rnum="sg" root="Boston_brood" sense="Boston_brood" word="Boston-brood"/>
            </node>
            <node begin="14" buiging="zonder" end="15" frame="verb(hebben,inf,transitive)" his="normal" his_1="normal" id="26" infl="inf" lcat="inf" lemma="kopen" pos="verb" positie="vrij" postag="WW(inf,vrij,zonder)" pt="ww" rel="hd" root="koop" sc="transitive" sense="koop" word="kopen" wvorm="inf"/>
          </node>
        </node>
      </node>
    </node>
    <node begin="15" end="16" frame="punct(punt)" his="normal" his_1="normal" id="27" lcat="punct" lemma="." pos="punct" postag="LET()" pt="let" rel="--" root="." sense="." special="punt" word="."/>
  </node>
  <sentence sentid="140">Tom vroeg Mary om naar de winkel te gaan om wat bruin Boston-brood te kopen .</sentence>
  <comments>
    <comment>Q#140|Tom vroeg Mary om naar de winkel te gaan om wat bruin Boston-brood te kopen .|1|1|-11.4363078632</comment>
  </comments>
</alpino_ds>
