<?xml version="1.0" encoding="UTF-8"?>
<alpino_ds version="1.15">
  <parser build="Alpino-x86_64-linux-glibc2.5-git1006-sicstus" date="2023-09-25T08:40" cats="1" skips="0" />
  <node begin="0" cat="top" end="12" id="0" rel="top">
    <node begin="0" cat="smain" end="11" id="1" rel="--">
      <node begin="0" end="1" frame="proper_name(sg,'PER')" genus="zijd" getal="ev" graad="basis" his="normal" his_1="names_dictionary" id="2" lcat="np" lemma="Tom" naamval="stan" neclass="PER" ntype="eigen" num="sg" pos="name" postag="N(eigen,ev,basis,zijd,stan)" pt="n" rel="su" rnum="sg" root="Tom" sense="Tom" word="Tom"/>
      <node begin="1" end="2" frame="verb(hebben,past(sg),transitive_ndev)" his="normal" his_1="normal" id="3" infl="sg" lcat="smain" lemma="hebben" pos="verb" postag="WW(pv,verl,ev)" pt="ww" pvagr="ev" pvtijd="verl" rel="hd" root="heb" sc="transitive_ndev" sense="heb" stype="declarative" tense="past" v_per="thi" word="had" wvorm="pv"/>
      <node begin="2" cat="np" end="11" id="4" rel="obj1">
        <node begin="2" buiging="zonder" end="3" frame="determiner(geen,nwh,mod,pro,yparg,nwkpro,geen)" his="normal" his_1="normal" id="5" infl="geen" lcat="detp" lemma="geen" naamval="stan" npagr="agr" pdtype="det" pos="det" positie="prenom" postag="VNW(onbep,det,stan,prenom,zonder,agr)" pt="vnw" rel="det" root="geen" sense="geen" vwtype="onbep" wh="nwh" word="geen"/>
        <node begin="3" end="4" frame="noun(de,count,sg,vp)" gen="de" genus="zijd" getal="ev" graad="basis" his="normal" his_1="normal" id="6" lcat="np" lemma="zin" naamval="stan" ntype="soort" num="sg" pos="noun" postag="N(soort,ev,basis,zijd,stan)" pt="n" rel="hd" rnum="sg" root="zin" sc="vp" sense="zin" word="zin"/>
        <node begin="4" cat="oti" end="11" id="7" rel="vc">
          <node begin="4" end="5" frame="complementizer(om)" his="normal" his_1="normal" id="8" lcat="oti" lemma="om" pos="comp" postag="VZ(init)" pt="vz" rel="cmp" root="om" sc="om" sense="om" vztype="init" word="om"/>
          <node begin="5" cat="ti" end="11" id="9" rel="body">
            <node begin="6" end="7" frame="complementizer(te)" his="normal" his_1="normal" id="10" lcat="ti" lemma="te" pos="comp" postag="VZ(init)" pt="vz" rel="cmp" root="te" sc="te" sense="te" vztype="init" word="te"/>
            <node begin="5" cat="inf" end="11" id="11" rel="body">
              <node begin="7" buiging="zonder" end="8" frame="verb(hebben,inf,transitive)" his="normal" his_1="normal" id="12" infl="inf" lcat="inf" lemma="maken" pos="verb" positie="vrij" postag="WW(inf,vrij,zonder)" pt="ww" rel="hd" root="maak" sc="transitive" sense="maak" word="maken" wvorm="inf"/>
              <node begin="5" cat="np" end="11" id="13" rel="obj1">
                <node begin="5" end="6" frame="noun(de,count,sg)" gen="de" genus="zijd" getal="ev" graad="basis" his="normal" his_1="normal" id="14" lcat="np" lemma="ruzie" naamval="stan" ntype="soort" num="sg" pos="noun" postag="N(soort,ev,basis,zijd,stan)" pt="n" rel="hd" rnum="sg" root="ruzie" sense="ruzie" word="ruzie"/>
                <node begin="8" cat="pp" end="11" id="15" rel="mod">
                  <node begin="8" end="9" frame="preposition(met,[mee,[en,al]])" his="normal" his_1="normal" id="16" lcat="pp" lemma="met" pos="prep" postag="VZ(init)" pt="vz" rel="hd" root="met" sense="met" vztype="init" word="met"/>
                  <node begin="9" cat="np" end="11" id="17" rel="obj1">
                    <node aform="base" begin="9" buiging="zonder" end="10" frame="adjective(both(adv))" graad="basis" his="normal" his_1="normal" id="18" infl="both" lcat="ap" lemma="volwassen" pos="adj" positie="prenom" postag="ADJ(prenom,basis,zonder)" pt="adj" rel="mod" root="volwassen" sense="volwassen" vform="adj" word="volwassen"/>
                    <node begin="10" end="11" frame="noun(de,count,pl)" gen="de" getal="mv" graad="basis" his="normal" his_1="normal" id="19" lcat="np" lemma="vrouw" ntype="soort" num="pl" pos="noun" postag="N(soort,mv,basis)" pt="n" rel="hd" rnum="pl" root="vrouw" sense="vrouw" word="vrouwen"/>
                  </node>
                </node>
              </node>
            </node>
          </node>
        </node>
      </node>
    </node>
    <node begin="11" end="12" frame="punct(punt)" his="normal" his_1="normal" id="20" lcat="punct" lemma="." pos="punct" postag="LET()" pt="let" rel="--" root="." sense="." special="punt" word="."/>
  </node>
  <sentence sentid="1434">Tom had geen zin om ruzie te maken met volwassen vrouwen .</sentence>
  <comments>
    <comment>Q#1434|Tom had geen zin om ruzie te maken met volwassen vrouwen .|1|1|-5.088305281899999</comment>
  </comments>
</alpino_ds>
