<?xml version="1.0" encoding="UTF-8"?>
<alpino_ds version="1.15">
  <parser build="Alpino-x86_64-linux-glibc2.5-git1006-sicstus" date="2023-09-25T08:40" cats="1" skips="0" />
  <node begin="0" cat="top" end="10" id="0" rel="top">
    <node begin="0" cat="smain" end="9" id="1" rel="--">
      <node begin="0" end="1" frame="proper_name(sg,'PER')" genus="zijd" getal="ev" graad="basis" his="normal" his_1="names_dictionary" id="2" lcat="np" lemma="Tom" naamval="stan" neclass="PER" ntype="eigen" num="sg" pos="name" postag="N(eigen,ev,basis,zijd,stan)" pt="n" rel="su" rnum="sg" root="Tom" sense="Tom" word="Tom"/>
      <node begin="1" end="2" frame="verb(hebben,past(sg),transitive_ndev)" his="normal" his_1="normal" id="3" infl="sg" lcat="smain" lemma="hebben" pos="verb" postag="WW(pv,verl,ev)" pt="ww" pvagr="ev" pvtijd="verl" rel="hd" root="heb" sc="transitive_ndev" sense="heb" stype="declarative" tense="past" v_per="thi" word="had" wvorm="pv"/>
      <node begin="2" cat="np" end="9" id="4" rel="obj1">
        <node begin="2" buiging="zonder" end="3" frame="determiner(geen,nwh,mod,pro,yparg,nwkpro,geen)" his="normal" his_1="normal" id="5" infl="geen" lcat="detp" lemma="geen" naamval="stan" npagr="agr" pdtype="det" pos="det" positie="prenom" postag="VNW(onbep,det,stan,prenom,zonder,agr)" pt="vnw" rel="det" root="geen" sense="geen" vwtype="onbep" wh="nwh" word="geen"/>
        <node begin="3" end="4" frame="noun(de,count,sg,vp)" gen="de" genus="zijd" getal="ev" graad="basis" his="normal" his_1="normal" id="6" lcat="np" lemma="zin" naamval="stan" ntype="soort" num="sg" pos="noun" postag="N(soort,ev,basis,zijd,stan)" pt="n" rel="hd" rnum="sg" root="zin" sc="vp" sense="zin" word="zin"/>
        <node begin="4" cat="oti" end="9" id="7" rel="vc">
          <node begin="4" end="5" frame="complementizer(om)" his="normal" his_1="normal" id="8" lcat="oti" lemma="om" pos="comp" postag="VZ(init)" pt="vz" rel="cmp" root="om" sc="om" sense="om" vztype="init" word="om"/>
          <node begin="5" cat="ti" end="9" id="9" rel="body">
            <node begin="7" end="8" frame="complementizer(te)" his="normal" his_1="normal" id="10" lcat="ti" lemma="te" pos="comp" postag="VZ(init)" pt="vz" rel="cmp" root="te" sc="te" sense="te" vztype="init" word="te"/>
            <node begin="5" cat="inf" end="9" id="11" rel="body">
              <node begin="5" cat="np" end="7" id="12" rel="obj1">
                <node begin="5" end="6" frame="determiner(de)" his="normal" his_1="normal" id="13" infl="de" lcat="detp" lemma="de" lwtype="bep" naamval="stan" npagr="rest" pos="det" postag="LID(bep,stan,rest)" pt="lid" rel="det" root="de" sense="de" word="de"/>
                <node begin="6" end="7" frame="noun(de,count,sg)" gen="de" genus="zijd" getal="ev" graad="basis" his="normal" his_1="normal" id="14" lcat="np" lemma="ziel" naamval="stan" ntype="soort" num="sg" pos="noun" postag="N(soort,ev,basis,zijd,stan)" pt="n" rel="hd" rnum="sg" root="ziel" sense="ziel" word="ziel"/>
              </node>
              <node begin="8" buiging="zonder" end="9" frame="verb(hebben,inf,transitive)" his="normal" his_1="normal" id="15" infl="inf" lcat="inf" lemma="kussen" pos="verb" positie="vrij" postag="WW(inf,vrij,zonder)" pt="ww" rel="hd" root="kus" sc="transitive" sense="kus" word="kussen" wvorm="inf"/>
            </node>
          </node>
        </node>
      </node>
    </node>
    <node begin="9" end="10" frame="punct(punt)" his="normal" his_1="normal" id="16" lcat="punct" lemma="." pos="punct" postag="LET()" pt="let" rel="--" root="." sense="." special="punt" word="."/>
  </node>
  <sentence sentid="1479">Tom had geen zin om de ziel te kussen .</sentence>
  <comments>
    <comment>Q#1479|Tom had geen zin om de ziel te kussen .|1|1|-5.3655447896</comment>
  </comments>
</alpino_ds>
