<?xml version="1.0" encoding="UTF-8"?>
<alpino_ds version="1.15">
  <parser build="Alpino-x86_64-linux-glibc2.5-git1006-sicstus" date="2023-09-25T08:40" cats="1" skips="0" />
  <node begin="0" cat="top" end="8" id="0" rel="top">
    <node begin="0" cat="smain" end="7" id="1" rel="--">
      <node begin="0" end="1" frame="proper_name(sg,'PER')" genus="zijd" getal="ev" graad="basis" his="normal" his_1="names_dictionary" id="2" index="1" lcat="np" lemma="Tom" naamval="stan" neclass="PER" ntype="eigen" num="sg" pos="name" postag="N(eigen,ev,basis,zijd,stan)" pt="n" rel="su" rnum="sg" root="Tom" sense="Tom" word="Tom"/>
      <node begin="1" end="2" frame="verb('hebben/zijn',past(sg),aux(inf))" his="normal" his_1="normal" id="3" infl="sg" lcat="smain" lemma="kunnen" pos="verb" postag="WW(pv,verl,ev)" pt="ww" pvagr="ev" pvtijd="verl" rel="hd" root="kan" sc="aux(inf)" sense="kan" stype="declarative" tense="past" v_per="thi" word="kon" wvorm="pv"/>
      <node begin="0" cat="inf" end="7" id="4" rel="vc">
        <node begin="0" end="1" id="5" index="1" rel="su"/>
        <node aform="base" begin="2" buiging="zonder" end="3" frame="adjective(no_e(adv))" graad="basis" his="normal" his_1="normal" id="6" infl="no_e" lcat="ap" lemma="eindeloos" pos="adj" positie="vrij" postag="ADJ(vrij,basis,zonder)" pt="adj" rel="mod" root="eindeloos" sense="eindeloos" vform="adj" word="eindeloos"/>
        <node begin="3" buiging="zonder" end="4" frame="verb(hebben,inf,intransitive)" his="normal" his_1="normal" id="7" infl="inf" lcat="inf" lemma="wachten" pos="verb" positie="vrij" postag="WW(inf,vrij,zonder)" pt="ww" rel="hd" root="wacht" sc="intransitive" sense="wacht" word="wachten" wvorm="inf"/>
        <node begin="4" cat="cp" end="7" id="8" rel="mod">
          <node begin="4" end="5" frame="complementizer" his="normal" his_1="normal" id="9" lcat="cp" lemma="tot" pos="comp" postag="VZ(init)" pt="vz" rel="cmp" root="tot" sense="tot" vztype="init" word="tot"/>
          <node begin="5" cat="ssub" end="7" id="10" rel="body">
            <node begin="5" end="6" frame="proper_name(sg,'PER')" genus="zijd" getal="ev" graad="basis" his="normal" his_1="names_dictionary" id="11" lcat="np" lemma="Mary" naamval="stan" neclass="PER" ntype="eigen" num="sg" pos="name" postag="N(eigen,ev,basis,zijd,stan)" pt="n" rel="su" rnum="sg" root="Mary" sense="Mary" word="Mary"/>
            <node begin="6" end="7" frame="verb(unacc,past(sg),ninv(intransitive,part_intransitive(terug)))" his="normal" his_1="part-V" id="12" infl="sg" lcat="ssub" lemma="terug_komen" pos="verb" postag="WW(pv,verl,ev)" pt="ww" pvagr="ev" pvtijd="verl" rel="hd" root="kom_terug" sc="part_intransitive(terug)" sense="kom_terug" tense="past" v_per="thi" word="terugkwam" wvorm="pv"/>
          </node>
        </node>
      </node>
    </node>
    <node begin="7" end="8" frame="punct(punt)" his="normal" his_1="normal" id="13" lcat="punct" lemma="." pos="punct" postag="LET()" pt="let" rel="--" root="." sense="." special="punt" word="."/>
  </node>
  <sentence sentid="1482">Tom kon eindeloos wachten tot Mary terugkwam .</sentence>
  <comments>
    <comment>Q#1482|Tom kon eindeloos wachten tot Mary terugkwam .|1|1|-5.187324395700001</comment>
  </comments>
</alpino_ds>
