<?xml version="1.0" encoding="UTF-8"?>
<alpino_ds version="1.15">
  <parser build="Alpino-x86_64-linux-glibc2.5-git1006-sicstus" date="2023-09-25T08:40" cats="1" skips="0" />
  <node begin="0" cat="top" end="11" id="0" rel="top">
    <node begin="0" cat="smain" end="11" id="1" rel="--">
      <node begin="0" end="1" frame="proper_name(sg,'PER')" genus="zijd" getal="ev" graad="basis" his="normal" his_1="names_dictionary" id="2" lcat="np" lemma="Tom" naamval="stan" neclass="PER" ntype="eigen" num="sg" pos="name" postag="N(eigen,ev,basis,zijd,stan)" pt="n" rel="su" rnum="sg" root="Tom" sense="Tom" word="Tom"/>
      <node begin="1" end="2" frame="verb(hebben,past(sg),transitive_ndev)" his="normal" his_1="normal" id="3" infl="sg" lcat="smain" lemma="hebben" pos="verb" postag="WW(pv,verl,ev)" pt="ww" pvagr="ev" pvtijd="verl" rel="hd" root="heb" sc="transitive_ndev" sense="heb" stype="declarative" tense="past" v_per="thi" word="had" wvorm="pv"/>
      <node begin="2" cat="np" end="11" id="4" rel="obj1">
        <node begin="2" buiging="zonder" end="3" frame="determiner(geen,nwh,mod,pro,yparg,nwkpro,geen)" his="normal" his_1="normal" id="5" infl="geen" lcat="detp" lemma="geen" naamval="stan" npagr="agr" pdtype="det" pos="det" positie="prenom" postag="VNW(onbep,det,stan,prenom,zonder,agr)" pt="vnw" rel="det" root="geen" sense="geen" vwtype="onbep" wh="nwh" word="geen"/>
        <node begin="3" end="4" frame="noun(both,count,sg,sbar)" gen="both" genus="onz" getal="ev" graad="basis" his="normal" his_1="normal" id="6" lcat="np" lemma="idee" naamval="stan" ntype="soort" num="sg" pos="noun" postag="N(soort,ev,basis,onz,stan)" pt="n" rel="hd" rnum="sg" root="idee" sc="sbar" sense="idee" word="idee"/>
        <node begin="4" cat="whsub" end="11" id="7" rel="vc">
          <node begin="4" end="5" frame="er_wh_loc_adverb" getal="getal" his="normal" his_1="normal" id="8" index="1" lcat="advp" lemma="waar" naamval="obl" pdtype="adv-pron" persoon="3o" pos="adv" postag="VNW(vb,adv-pron,obl,vol,3o,getal)" pt="vnw" rel="whd" root="waar" sense="waar" special="er_loc" status="vol" vwtype="vb" wh="ywh" word="waar"/>
          <node begin="4" cat="ssub" end="11" id="9" rel="body">
            <node begin="5" end="6" frame="proper_name(sg,'PER')" genus="zijd" getal="ev" graad="basis" his="normal" his_1="names_dictionary" id="10" index="2" lcat="np" lemma="Mary" naamval="stan" neclass="PER" ntype="eigen" num="sg" pos="name" postag="N(eigen,ev,basis,zijd,stan)" pt="n" rel="su" rnum="sg" root="Mary" sense="Mary" word="Mary"/>
            <node begin="9" end="10" frame="verb(hebben,past(sg),aux_psp_hebben)" his="normal" his_1="normal" id="11" infl="sg" lcat="ssub" lemma="hebben" pos="verb" postag="WW(pv,verl,ev)" pt="ww" pvagr="ev" pvtijd="verl" rel="hd" root="heb" sc="aux_psp_hebben" sense="heb" tense="past" v_per="thi" word="had" wvorm="pv"/>
            <node begin="4" cat="ppart" end="11" id="12" rel="vc">
              <node begin="4" end="5" id="13" index="1" rel="mod"/>
              <node begin="5" end="6" id="14" index="2" rel="su"/>
              <node begin="6" cat="np" end="9" id="15" rel="obj1">
                <node begin="6" buiging="zonder" end="7" frame="determiner(pron)" getal="ev" his="normal" his_1="normal" id="16" infl="pron" lcat="detp" lemma="haar" naamval="stan" npagr="agr" pdtype="det" persoon="3" pos="det" positie="prenom" postag="VNW(bez,det,stan,vol,3,ev,prenom,zonder,agr)" pron="true" pt="vnw" rel="det" root="haar" sense="haar" status="vol" vwtype="bez" word="haar"/>
                <node aform="base" begin="7" buiging="met-e" end="8" frame="adjective(e)" graad="basis" his="normal" his_1="normal" id="17" infl="e" lcat="ap" lemma="middelbaar" naamval="stan" pos="adj" positie="prenom" postag="ADJ(prenom,basis,met-e,stan)" pt="adj" rel="mod" root="middelbaar" sense="middelbaar" vform="adj" word="middelbare"/>
                <node begin="8" end="9" frame="noun(de,count,sg)" gen="de" genus="zijd" getal="ev" graad="basis" his="normal" his_1="normal" id="18" lcat="np" lemma="school" naamval="stan" ntype="soort" num="sg" pos="noun" postag="N(soort,ev,basis,zijd,stan)" pt="n" rel="hd" rnum="sg" root="school" sense="school" word="school"/>
              </node>
              <node begin="10" buiging="zonder" end="11" frame="verb(hebben,psp,ninv(transitive,part_transitive(af)))" his="normal" his_1="part-V" id="19" infl="psp" lcat="ppart" lemma="af_ronden" pos="verb" positie="vrij" postag="WW(vd,vrij,zonder)" pt="ww" rel="hd" root="rond_af" sc="part_transitive(af)" sense="rond_af" word="afgerond" wvorm="vd"/>
            </node>
          </node>
        </node>
      </node>
    </node>
  </node>
  <sentence sentid="1492">Tom had geen idee waar Mary haar middelbare school had afgerond</sentence>
  <comments>
    <comment>Q#1492|Tom had geen idee waar Mary haar middelbare school had afgerond|1|1|-7.3369846700000005</comment>
  </comments>
</alpino_ds>
