<?xml version="1.0" encoding="UTF-8"?>
<alpino_ds version="1.15">
  <parser build="Alpino-x86_64-linux-glibc2.5-git1006-sicstus" date="2023-09-25T08:40" cats="1" skips="0" />
  <node begin="0" cat="top" end="10" id="0" rel="top">
    <node begin="0" cat="smain" end="9" id="1" rel="--">
      <node begin="0" end="1" frame="proper_name(sg,'PER')" genus="zijd" getal="ev" graad="basis" his="normal" his_1="names_dictionary" id="2" index="1" lcat="np" lemma="Tom" naamval="stan" neclass="PER" ntype="eigen" num="sg" pos="name" postag="N(eigen,ev,basis,zijd,stan)" pt="n" rel="su" rnum="sg" root="Tom" sense="Tom" word="Tom"/>
      <node begin="1" end="2" frame="verb(unacc,past(sg),fixed([[van,plan],vp],no_passive))" his="normal" his_1="normal" id="3" infl="sg" lcat="smain" lemma="zijn" pos="verb" postag="WW(pv,verl,ev)" pt="ww" pvagr="ev" pvtijd="verl" rel="hd" root="ben" sc="fixed([[van,plan],vp],no_passive)" sense="van-plan-ben" stype="declarative" tense="past" v_per="thi" word="was" wvorm="pv"/>
      <node begin="2" end="3" frame="adverb" his="normal" his_1="normal" id="4" lcat="advp" lemma="niet" pos="adv" postag="BW()" pt="bw" rel="mod" root="niet" sense="niet" word="niet"/>
      <node begin="3" cat="mwu" end="5" his="normal" his_1="normal" id="5" rel="svp">
        <node begin="3" end="4" frame="fixed_part([van,plan])" id="6" lcat="fixed" lemma="van" pos="fixed" postag="VZ(init)" pt="vz" rel="mwp" root="van" sense="van" vztype="init" word="van"/>
        <node begin="4" end="5" frame="fixed_part([van,plan])" genus="onz" getal="ev" graad="basis" id="7" lcat="fixed" lemma="plan" naamval="stan" ntype="soort" pos="fixed" postag="N(soort,ev,basis,onz,stan)" pt="n" rel="mwp" root="plan" sense="plan" word="plan"/>
      </node>
      <node begin="0" cat="ti" end="9" id="8" rel="vc">
        <node begin="7" end="8" frame="complementizer(te)" his="normal" his_1="normal" id="9" lcat="ti" lemma="te" pos="comp" postag="VZ(init)" pt="vz" rel="cmp" root="te" sc="te" sense="te" vztype="init" word="te"/>
        <node begin="0" cat="inf" end="9" id="10" rel="body">
          <node begin="0" end="1" id="11" index="1" rel="su"/>
          <node begin="5" end="6" frame="noun(de,count,sg)" gen="de" getal="ev" his="normal" his_1="normal" id="12" lcat="np" lemma="iemand" naamval="stan" num="sg" pdtype="pron" persoon="3p" pos="noun" postag="VNW(onbep,pron,stan,vol,3p,ev)" pt="vnw" rel="obj2" rnum="sg" root="iemand" sense="iemand" status="vol" vwtype="onbep" word="iemand"/>
          <node begin="6" end="7" frame="noun(het,count,sg)" gen="het" genus="onz" getal="ev" graad="basis" his="normal" his_1="normal" id="13" lcat="np" lemma="geld" naamval="stan" ntype="soort" num="sg" pos="noun" postag="N(soort,ev,basis,onz,stan)" pt="n" rel="obj1" rnum="sg" root="geld" sense="geld" word="geld"/>
          <node begin="8" buiging="zonder" end="9" frame="verb(hebben,inf,np_np)" his="normal" his_1="normal" id="14" infl="inf" lcat="inf" lemma="geven" pos="verb" positie="vrij" postag="WW(inf,vrij,zonder)" pt="ww" rel="hd" root="geef" sc="np_np" sense="geef" word="geven" wvorm="inf"/>
        </node>
      </node>
    </node>
    <node begin="9" end="10" frame="punct(punt)" his="normal" his_1="normal" id="15" lcat="punct" lemma="." pos="punct" postag="LET()" pt="let" rel="--" root="." sense="." special="punt" word="."/>
  </node>
  <sentence sentid="1508">Tom was niet van plan iemand geld te geven .</sentence>
  <comments>
    <comment>Q#1508|Tom was niet van plan iemand geld te geven .|1|1|-2.5990169068000015</comment>
  </comments>
</alpino_ds>
