<?xml version="1.0" encoding="UTF-8"?>
<alpino_ds version="1.15">
  <parser build="Alpino-x86_64-linux-glibc2.5-git1006-sicstus" date="2023-09-25T08:40" cats="1" skips="0" />
  <node begin="0" cat="top" end="13" id="0" rel="top">
    <node begin="0" cat="smain" end="12" id="1" rel="--">
      <node begin="0" end="1" frame="proper_name(sg,'PER')" genus="zijd" getal="ev" graad="basis" his="normal" his_1="names_dictionary" id="2" index="1" lcat="np" lemma="Tom" naamval="stan" neclass="PER" ntype="eigen" num="sg" pos="name" postag="N(eigen,ev,basis,zijd,stan)" pt="n" rel="su" rnum="sg" root="Tom" sense="Tom" word="Tom"/>
      <node begin="1" end="2" frame="verb(hebben,past(sg),fixed([er_pp(in,A),acc(zin),extra_vp(A)],no_passive))" his="normal" his_1="normal" id="3" infl="sg" lcat="smain" lemma="hebben" pos="verb" postag="WW(pv,verl,ev)" pt="ww" pvagr="ev" pvtijd="verl" rel="hd" root="heb" sc="fixed([er_pp(in,A),acc(zin),extra_vp(A)],no_passive)" sense="zin-heb-in" stype="declarative" tense="past" v_per="thi" word="had" wvorm="pv"/>
      <node begin="3" cat="np" end="5" id="4" rel="obj1">
        <node begin="3" buiging="zonder" end="4" frame="determiner(geen,nwh,mod,pro,yparg,nwkpro,geen)" his="normal" his_1="normal" id="5" infl="geen" lcat="detp" lemma="geen" naamval="stan" npagr="agr" pdtype="det" pos="det" positie="prenom" postag="VNW(onbep,det,stan,prenom,zonder,agr)" pt="vnw" rel="det" root="geen" sense="geen" vwtype="onbep" wh="nwh" word="geen"/>
        <node begin="4" end="5" frame="noun(de,count,sg)" gen="de" genus="zijd" getal="ev" graad="basis" his="normal" his_1="normal" id="6" lcat="np" lemma="zin" naamval="stan" ntype="soort" num="sg" pos="noun" postag="N(soort,ev,basis,zijd,stan)" pt="n" rel="hd" rnum="sg" root="zin" sense="zin" word="zin"/>
      </node>
      <node begin="0" cat="pp" end="12" id="7" rel="pc">
        <node begin="2" end="3" frame="er_vp_adverb" getal="getal" his="normal" his_1="normal" id="8" lcat="advp" lemma="er" naamval="stan" pdtype="adv-pron" persoon="3" pos="adv" postag="VNW(aanw,adv-pron,stan,red,3,getal)" pt="vnw" rel="pobj1" root="er" sense="er" special="er" status="red" vwtype="aanw" word="er"/>
        <node begin="5" end="6" frame="preposition(in,[])" his="normal" his_1="normal" id="9" lcat="pp" lemma="in" pos="prep" postag="VZ(fin)" pt="vz" rel="hd" root="in" sense="in" vztype="fin" word="in"/>
        <node begin="0" cat="oti" end="12" id="10" rel="vc">
          <node begin="6" end="7" frame="complementizer(om)" his="normal" his_1="normal" id="11" lcat="oti" lemma="om" pos="comp" postag="VZ(init)" pt="vz" rel="cmp" root="om" sc="om" sense="om" vztype="init" word="om"/>
          <node begin="0" cat="ti" end="12" id="12" rel="body">
            <node begin="7" end="8" frame="complementizer(te)" his="normal" his_1="normal" id="13" lcat="ti" lemma="te" pos="comp" postag="VZ(init)" pt="vz" rel="cmp" root="te" sc="te" sense="te" vztype="init" word="te"/>
            <node begin="0" cat="inf" end="12" id="14" rel="body">
              <node begin="0" end="1" id="15" index="1" rel="su"/>
              <node begin="8" buiging="zonder" end="9" frame="verb(hebben,inf,intransitive)" his="normal" his_1="normal" id="16" infl="inf" lcat="inf" lemma="wachten" pos="verb" positie="vrij" postag="WW(inf,vrij,zonder)" pt="ww" rel="hd" root="wacht" sc="intransitive" sense="wacht" word="wachten" wvorm="inf"/>
              <node begin="9" cat="cp" end="12" id="17" rel="mod">
                <node begin="9" end="10" frame="complementizer" his="normal" his_1="normal" id="18" lcat="cp" lemma="tot" pos="comp" postag="VZ(init)" pt="vz" rel="cmp" root="tot" sense="tot" vztype="init" word="tot"/>
                <node begin="10" cat="ssub" end="12" id="19" rel="body">
                  <node begin="10" end="11" frame="proper_name(sg,'PER')" genus="zijd" getal="ev" graad="basis" his="normal" his_1="names_dictionary" id="20" lcat="np" lemma="Mary" naamval="stan" neclass="PER" ntype="eigen" num="sg" pos="name" postag="N(eigen,ev,basis,zijd,stan)" pt="n" rel="su" rnum="sg" root="Mary" sense="Mary" word="Mary"/>
                  <node begin="11" end="12" frame="verb(unacc,past(sg),ninv(intransitive,part_intransitive(terug)))" his="normal" his_1="part-V" id="21" infl="sg" lcat="ssub" lemma="terug_komen" pos="verb" postag="WW(pv,verl,ev)" pt="ww" pvagr="ev" pvtijd="verl" rel="hd" root="kom_terug" sc="part_intransitive(terug)" sense="kom_terug" tense="past" v_per="thi" word="terugkwam" wvorm="pv"/>
                </node>
              </node>
            </node>
          </node>
        </node>
      </node>
    </node>
    <node begin="12" end="13" frame="punct(punt)" his="normal" his_1="normal" id="22" lcat="punct" lemma="." pos="punct" postag="LET()" pt="let" rel="--" root="." sense="." special="punt" word="."/>
  </node>
  <sentence sentid="1514">Tom had er geen zin in om te wachten tot Mary terugkwam .</sentence>
  <comments>
    <comment>Q#1514|Tom had er geen zin in om te wachten tot Mary terugkwam .|1|1|-12.6353997953</comment>
  </comments>
</alpino_ds>
