<?xml version="1.0" encoding="UTF-8"?>
<alpino_ds version="1.15">
  <parser build="Alpino-x86_64-linux-glibc2.5-git1006-sicstus" date="2023-09-25T08:40" cats="1" skips="0" />
  <node begin="0" cat="top" end="12" id="0" rel="top">
    <node begin="0" cat="smain" end="11" id="1" rel="--">
      <node begin="0" end="1" frame="proper_name(sg,'PER')" genus="zijd" getal="ev" graad="basis" his="normal" his_1="names_dictionary" id="2" index="1" lcat="np" lemma="Tom" naamval="stan" neclass="PER" ntype="eigen" num="sg" pos="name" postag="N(eigen,ev,basis,zijd,stan)" pt="n" rel="su" rnum="sg" root="Tom" sense="Tom" word="Tom"/>
      <node begin="1" end="2" frame="verb(hebben,past(sg),fixed([{[acc(probleem),er_pp(met,A)]},extra_vp(A)],no_passive))" his="normal" his_1="normal" id="3" infl="sg" lcat="smain" lemma="hebben" pos="verb" postag="WW(pv,verl,ev)" pt="ww" pvagr="ev" pvtijd="verl" rel="hd" root="heb" sc="fixed([{[acc(probleem),er_pp(met,A)]},extra_vp(A)],no_passive)" sense="probleem-heb-met" stype="declarative" tense="past" v_per="thi" word="had" wvorm="pv"/>
      <node begin="3" cat="np" end="5" id="4" rel="obj1">
        <node begin="3" buiging="zonder" end="4" frame="determiner(geen,nwh,mod,pro,yparg,nwkpro,geen)" his="normal" his_1="normal" id="5" infl="geen" lcat="detp" lemma="geen" naamval="stan" npagr="agr" pdtype="det" pos="det" positie="prenom" postag="VNW(onbep,det,stan,prenom,zonder,agr)" pt="vnw" rel="det" root="geen" sense="geen" vwtype="onbep" wh="nwh" word="geen"/>
        <node begin="4" end="5" frame="noun(het,count,sg)" gen="het" genus="onz" getal="ev" graad="basis" his="normal" his_1="normal" id="6" lcat="np" lemma="probleem" naamval="stan" ntype="soort" num="sg" pos="noun" postag="N(soort,ev,basis,onz,stan)" pt="n" rel="hd" rnum="sg" root="probleem" sense="probleem" word="probleem"/>
      </node>
      <node begin="0" cat="pp" end="11" id="7" rel="pc">
        <node begin="2" end="3" frame="er_vp_adverb" getal="getal" his="normal" his_1="normal" id="8" lcat="advp" lemma="er" naamval="stan" pdtype="adv-pron" persoon="3" pos="adv" postag="VNW(aanw,adv-pron,stan,red,3,getal)" pt="vnw" rel="pobj1" root="er" sense="er" special="er" status="red" vwtype="aanw" word="er"/>
        <node begin="5" end="6" frame="preposition(met,[mee],extracted_np)" his="normal" his_1="normal" id="9" lcat="pp" lemma="met" pos="prep" postag="VZ(fin)" pt="vz" rel="hd" root="mee" sc="extracted_np" sense="mee" vztype="fin" word="mee"/>
        <node begin="0" cat="oti" end="11" id="10" rel="vc">
          <node begin="6" end="7" frame="complementizer(om)" his="normal" his_1="normal" id="11" lcat="oti" lemma="om" pos="comp" postag="VZ(init)" pt="vz" rel="cmp" root="om" sc="om" sense="om" vztype="init" word="om"/>
          <node begin="0" cat="ti" end="11" id="12" rel="body">
            <node begin="9" end="10" frame="complementizer(te)" his="normal" his_1="normal" id="13" lcat="ti" lemma="te" pos="comp" postag="VZ(init)" pt="vz" rel="cmp" root="te" sc="te" sense="te" vztype="init" word="te"/>
            <node begin="0" cat="inf" end="11" id="14" rel="body">
              <node begin="0" end="1" id="15" index="1" rel="su"/>
              <node begin="7" cat="np" end="9" id="16" rel="obj1">
                <node aform="base" begin="7" buiging="met-e" end="8" frame="adjective(ge_e)" his="normal" his_1="normal" id="17" infl="e" lcat="ppart" lemma="toe_passen" pos="adj" positie="prenom" postag="WW(vd,prenom,met-e)" pt="ww" rel="mod" root="toe_passen" sense="toe_passen" vform="psp" word="toegepaste" wvorm="vd"/>
                <node begin="8" end="9" frame="noun(de,count,sg)" gen="de" genus="zijd" getal="ev" graad="basis" his="normal" his_1="normal" id="18" lcat="np" lemma="wetenschap" naamval="stan" ntype="soort" num="sg" pos="noun" postag="N(soort,ev,basis,zijd,stan)" pt="n" rel="hd" rnum="sg" root="wetenschap" sense="wetenschap" word="wetenschap"/>
              </node>
              <node begin="10" buiging="zonder" end="11" frame="verb(hebben,inf,transitive)" his="normal" his_1="normal" id="19" infl="inf" lcat="inf" lemma="beoefenen" pos="verb" positie="vrij" postag="WW(inf,vrij,zonder)" pt="ww" rel="hd" root="beoefen" sc="transitive" sense="beoefen" word="beoefenen" wvorm="inf"/>
            </node>
          </node>
        </node>
      </node>
    </node>
    <node begin="11" end="12" frame="punct(punt)" his="normal" his_1="normal" id="20" lcat="punct" lemma="." pos="punct" postag="LET()" pt="let" rel="--" root="." sense="." special="punt" word="."/>
  </node>
  <sentence sentid="1516">Tom had er geen probleem mee om toegepaste wetenschap te beoefenen .</sentence>
  <comments>
    <comment>Q#1516|Tom had er geen probleem mee om toegepaste wetenschap te beoefenen .|1|1|-10.820486731699997</comment>
  </comments>
</alpino_ds>
