<?xml version="1.0" encoding="UTF-8"?>
<alpino_ds version="1.15">
  <parser build="Alpino-x86_64-linux-glibc2.5-git1006-sicstus" date="2023-09-25T08:40" cats="1" skips="0" />
  <node begin="0" cat="top" end="7" id="0" rel="top">
    <node begin="0" cat="smain" end="6" id="1" rel="--">
      <node begin="0" end="1" frame="proper_name(sg,'PER')" genus="zijd" getal="ev" graad="basis" his="normal" his_1="names_dictionary" id="2" lcat="np" lemma="Tom" naamval="stan" neclass="PER" ntype="eigen" num="sg" pos="name" postag="N(eigen,ev,basis,zijd,stan)" pt="n" rel="su" rnum="sg" root="Tom" sense="Tom" word="Tom"/>
      <node begin="1" end="2" frame="verb(hebben,past(sg),fixed([{[acc(probleem),pc(met)]}],no_passive))" his="normal" his_1="normal" id="3" infl="sg" lcat="smain" lemma="hebben" pos="verb" postag="WW(pv,verl,ev)" pt="ww" pvagr="ev" pvtijd="verl" rel="hd" root="heb" sc="fixed([{[acc(probleem),pc(met)]}],no_passive)" sense="probleem-heb-met" stype="declarative" tense="past" v_per="thi" word="had" wvorm="pv"/>
      <node begin="3" cat="np" end="5" id="4" rel="obj1">
        <node begin="3" buiging="zonder" end="4" frame="determiner(geen,nwh,mod,pro,yparg,nwkpro,geen)" his="normal" his_1="normal" id="5" infl="geen" lcat="detp" lemma="geen" naamval="stan" npagr="agr" pdtype="det" pos="det" positie="prenom" postag="VNW(onbep,det,stan,prenom,zonder,agr)" pt="vnw" rel="det" root="geen" sense="geen" vwtype="onbep" wh="nwh" word="geen"/>
        <node begin="4" end="5" frame="noun(het,count,sg)" gen="het" genus="onz" getal="ev" graad="basis" his="normal" his_1="normal" id="6" lcat="np" lemma="probleem" naamval="stan" ntype="soort" num="sg" pos="noun" postag="N(soort,ev,basis,onz,stan)" pt="n" rel="hd" rnum="sg" root="probleem" sense="probleem" word="probleem"/>
      </node>
      <node begin="2" cat="pp" end="6" id="7" rel="pc">
        <node begin="2" end="3" frame="er_vp_adverb" getal="getal" his="normal" his_1="normal" id="8" lcat="advp" lemma="er" naamval="stan" pdtype="adv-pron" persoon="3" pos="adv" postag="VNW(aanw,adv-pron,stan,red,3,getal)" pt="vnw" rel="obj1" root="er" sense="er" special="er" status="red" vwtype="aanw" word="er"/>
        <node begin="5" end="6" frame="preposition(met,[mee],extracted_np)" his="normal" his_1="normal" id="9" lcat="pp" lemma="met" pos="prep" postag="VZ(fin)" pt="vz" rel="hd" root="mee" sc="extracted_np" sense="mee" vztype="fin" word="mee"/>
      </node>
    </node>
    <node begin="6" end="7" frame="punct(punt)" his="normal" his_1="normal" id="10" lcat="punct" lemma="." pos="punct" postag="LET()" pt="let" rel="--" root="." sense="." special="punt" word="."/>
  </node>
  <sentence sentid="1519">Tom had er geen probleem mee .</sentence>
  <comments>
    <comment>Q#1519|Tom had er geen probleem mee .|1|1|-5.9735752321</comment>
  </comments>
</alpino_ds>
