<?xml version="1.0" encoding="UTF-8"?>
<alpino_ds version="1.15">
  <parser build="Alpino-x86_64-linux-glibc2.5-git1006-sicstus" date="2023-09-25T08:40" cats="1" skips="0" />
  <node begin="0" cat="top" end="14" id="0" rel="top">
    <node begin="0" cat="smain" end="13" id="1" rel="--">
      <node begin="0" end="1" frame="proper_name(sg,'PER')" genus="zijd" getal="ev" graad="basis" his="normal" his_1="names_dictionary" id="2" lcat="np" lemma="Tom" naamval="stan" neclass="PER" ntype="eigen" num="sg" pos="name" postag="N(eigen,ev,basis,zijd,stan)" pt="n" rel="su" rnum="sg" root="Tom" sense="Tom" word="Tom"/>
      <node begin="1" end="2" frame="verb(hebben,past(sg),transitive_ndev)" his="normal" his_1="normal" id="3" infl="sg" lcat="smain" lemma="hebben" pos="verb" postag="WW(pv,verl,ev)" pt="ww" pvagr="ev" pvtijd="verl" rel="hd" root="heb" sc="transitive_ndev" sense="heb" stype="declarative" tense="past" v_per="thi" word="had" wvorm="pv"/>
      <node begin="2" cat="np" end="13" id="4" rel="obj1">
        <node begin="2" buiging="zonder" end="3" frame="determiner(geen,nwh,mod,pro,yparg,nwkpro,geen)" his="normal" his_1="normal" id="5" infl="geen" lcat="detp" lemma="geen" naamval="stan" npagr="agr" pdtype="det" pos="det" positie="prenom" postag="VNW(onbep,det,stan,prenom,zonder,agr)" pt="vnw" rel="det" root="geen" sense="geen" vwtype="onbep" wh="nwh" word="geen"/>
        <node begin="3" end="4" frame="noun(de,count,sg,vp)" gen="de" genus="zijd" getal="ev" graad="basis" his="normal" his_1="normal" id="6" lcat="np" lemma="reden" naamval="stan" ntype="soort" num="sg" pos="noun" postag="N(soort,ev,basis,zijd,stan)" pt="n" rel="hd" rnum="sg" root="reden" sc="vp" sense="reden" word="reden"/>
        <node begin="4" cat="oti" end="13" id="7" rel="vc">
          <node begin="4" end="5" frame="complementizer(om)" his="normal" his_1="normal" id="8" lcat="oti" lemma="om" pos="comp" postag="VZ(init)" pt="vz" rel="cmp" root="om" sc="om" sense="om" vztype="init" word="om"/>
          <node begin="5" cat="ti" end="13" id="9" rel="body">
            <node begin="5" end="6" frame="complementizer(te)" his="normal" his_1="normal" id="10" lcat="ti" lemma="te" pos="comp" postag="VZ(init)" pt="vz" rel="cmp" root="te" sc="te" sense="te" vztype="init" word="te"/>
            <node begin="6" cat="inf" end="13" id="11" rel="body">
              <node begin="6" buiging="zonder" end="7" frame="verb(hebben,inf,tr_sbar)" his="normal" his_1="normal" id="12" infl="inf" lcat="inf" lemma="vermoeden" pos="verb" positie="vrij" postag="WW(inf,vrij,zonder)" pt="ww" rel="hd" root="vermoed" sc="tr_sbar" sense="vermoed" word="vermoeden" wvorm="inf"/>
              <node begin="7" cat="cp" end="13" id="13" rel="vc">
                <node begin="7" conjtype="onder" end="8" frame="complementizer(dat)" his="normal" his_1="normal" id="14" lcat="cp" lemma="dat" pos="comp" postag="VG(onder)" pt="vg" rel="cmp" root="dat" sc="dat" sense="dat" word="dat"/>
                <node begin="8" cat="ssub" end="13" id="15" rel="body">
                  <node begin="8" end="9" frame="proper_name(sg,'PER')" genus="zijd" getal="ev" graad="basis" his="normal" his_1="names_dictionary" id="16" index="1" lcat="np" lemma="Mary" naamval="stan" neclass="PER" ntype="eigen" num="sg" pos="name" postag="N(eigen,ev,basis,zijd,stan)" pt="n" rel="su" rnum="sg" root="Mary" sense="Mary" word="Mary"/>
                  <node begin="8" cat="ahi" end="12" id="17" rel="vc">
                    <node begin="9" cat="mwu" end="11" his="normal" his_1="normal" id="18" rel="cmp">
                      <node begin="9" end="10" frame="complementizer(aan_het)" id="19" lcat="ahi" lemma="aan" pos="comp" postag="VZ(init)" pt="vz" rel="mwp" root="aan" sc="aan_het" sense="aan" vztype="init" word="aan"/>
                      <node begin="10" end="11" frame="complementizer(aan_het)" id="20" lcat="ahi" lemma="het" lwtype="bep" naamval="stan" npagr="evon" pos="comp" postag="LID(bep,stan,evon)" pt="lid" rel="mwp" root="het" sc="aan_het" sense="het" word="het"/>
                    </node>
                    <node begin="8" cat="inf" end="12" id="21" rel="body">
                      <node begin="8" end="9" id="22" index="1" rel="su"/>
                      <node begin="11" buiging="zonder" end="12" frame="verb(hebben,inf,intransitive)" his="normal" his_1="normal" id="23" infl="inf" lcat="inf" lemma="liegen" pos="verb" positie="vrij" postag="WW(inf,vrij,zonder)" pt="ww" rel="hd" root="lieg" sc="intransitive" sense="lieg" word="liegen" wvorm="inf"/>
                    </node>
                  </node>
                  <node begin="12" end="13" frame="verb(unacc,past(sg),aan_het)" his="normal" his_1="normal" id="24" infl="sg" lcat="ssub" lemma="zijn" pos="verb" postag="WW(pv,verl,ev)" pt="ww" pvagr="ev" pvtijd="verl" rel="hd" root="ben" sc="aan_het" sense="ben-aan_het" tense="past" v_per="thi" word="was" wvorm="pv"/>
                </node>
              </node>
            </node>
          </node>
        </node>
      </node>
    </node>
    <node begin="13" end="14" frame="punct(punt)" his="normal" his_1="normal" id="25" lcat="punct" lemma="." pos="punct" postag="LET()" pt="let" rel="--" root="." sense="." special="punt" word="."/>
  </node>
  <sentence sentid="1523">Tom had geen reden om te vermoeden dat Mary aan het liegen was .</sentence>
  <comments>
    <comment>Q#1523|Tom had geen reden om te vermoeden dat Mary aan het liegen was .|1|1|-7.010402215300001</comment>
  </comments>
</alpino_ds>
