<?xml version="1.0" encoding="UTF-8"?>
<alpino_ds version="1.15">
  <parser build="Alpino-x86_64-linux-glibc2.5-git1006-sicstus" date="2023-09-25T08:40" cats="1" skips="0" />
  <node begin="0" cat="top" end="14" id="0" rel="top">
    <node begin="0" cat="smain" end="13" id="1" rel="--">
      <node begin="0" end="1" frame="proper_name(sg,'PER')" genus="zijd" getal="ev" graad="basis" his="normal" his_1="names_dictionary" id="2" index="1" lcat="np" lemma="Tom" naamval="stan" neclass="PER" ntype="eigen" num="sg" pos="name" postag="N(eigen,ev,basis,zijd,stan)" pt="n" rel="su" rnum="sg" root="Tom" sense="Tom" word="Tom"/>
      <node begin="1" end="2" frame="verb(unacc,past(sg),fixed([[van,plan],vp],no_passive))" his="normal" his_1="normal" id="3" infl="sg" lcat="smain" lemma="zijn" pos="verb" postag="WW(pv,verl,ev)" pt="ww" pvagr="ev" pvtijd="verl" rel="hd" root="ben" sc="fixed([[van,plan],vp],no_passive)" sense="van-plan-ben" stype="declarative" tense="past" v_per="thi" word="was" wvorm="pv"/>
      <node begin="2" cat="mwu" end="4" his="normal" his_1="normal" id="4" rel="svp">
        <node begin="2" end="3" frame="fixed_part([van,plan])" id="5" lcat="fixed" lemma="van" pos="fixed" postag="VZ(init)" pt="vz" rel="mwp" root="van" sense="van" vztype="init" word="van"/>
        <node begin="3" end="4" frame="fixed_part([van,plan])" genus="onz" getal="ev" graad="basis" id="6" lcat="fixed" lemma="plan" naamval="stan" ntype="soort" pos="fixed" postag="N(soort,ev,basis,onz,stan)" pt="n" rel="mwp" root="plan" sense="plan" word="plan"/>
      </node>
      <node begin="0" cat="ti" end="13" id="7" rel="vc">
        <node begin="11" end="12" frame="complementizer(te)" his="normal" his_1="normal" id="8" lcat="ti" lemma="te" pos="comp" postag="VZ(init)" pt="vz" rel="cmp" root="te" sc="te" sense="te" vztype="init" word="te"/>
        <node begin="0" cat="inf" end="13" id="9" rel="body">
          <node begin="0" end="1" id="10" index="1" rel="su"/>
          <node begin="4" cat="np" end="9" id="11" rel="mod">
            <node begin="4" end="5" frame="modal_adverb" his="normal" his_1="normal" id="12" lcat="advp" lemma="slechts" pos="adv" postag="BW()" pt="bw" rel="mod" root="slechts" sc="modal" sense="slechts" word="slechts"/>
            <node begin="6" end="7" frame="tmp_noun(de,count,sg)" gen="de" genus="zijd" getal="ev" graad="basis" id="13" lcat="np" lemma="dag" naamval="stan" ntype="soort" num="sg" pos="noun" postag="N(soort,ev,basis,zijd,stan)" pt="n" rel="hd" root="dag" sense="dag" special="tmp" word="dag"/>
            <node begin="5" cat="detp" end="9" his="normal" his_1="een_N_of_NUM" id="14" rel="det">
              <node begin="5" cat="mwu" end="8" id="15" rel="mod">
                <node begin="5" end="6" frame="determiner(een)" id="16" infl="een" lcat="detp" lemma="een" lwtype="onbep" naamval="stan" npagr="agr" pos="det" postag="LID(onbep,stan,agr)" pt="lid" rel="mwp" root="een" sense="een" word="een"/>
                <node begin="7" conjtype="neven" end="8" frame="conj(of)" id="17" lcat="vg" lemma="of" pos="vg" postag="VG(neven)" pt="vg" rel="mwp" root="of" sense="of" word="of"/>
              </node>
              <node begin="8" end="9" frame="number(hoofd(pl_num))" id="18" infl="pl_num" lcat="detp" lemma="twee" naamval="stan" numtype="hoofd" pos="num" positie="prenom" postag="TW(hoofd,prenom,stan)" pt="tw" rel="hd" root="twee" sense="twee" word="twee"/>
            </node>
          </node>
          <node begin="9" cat="pp" end="11" id="19" rel="ld">
            <node begin="9" end="10" frame="preposition(in,[])" his="normal" his_1="normal" id="20" lcat="pp" lemma="in" pos="prep" postag="VZ(init)" pt="vz" rel="hd" root="in" sense="in" vztype="init" word="in"/>
            <node begin="10" end="11" frame="proper_name(sg,'LOC')" genus="onz" getal="ev" graad="basis" his="normal" his_1="names_dictionary" id="21" lcat="np" lemma="Boston" naamval="stan" neclass="LOC" ntype="eigen" num="sg" pos="name" postag="N(eigen,ev,basis,onz,stan)" pt="n" rel="obj1" rnum="sg" root="Boston" sense="Boston" word="Boston"/>
          </node>
          <node begin="12" buiging="zonder" end="13" frame="verb(unacc,inf,ld_pp)" his="normal" his_1="normal" id="22" infl="inf" lcat="inf" lemma="blijven" pos="verb" positie="vrij" postag="WW(inf,vrij,zonder)" pt="ww" rel="hd" root="blijf" sc="ld_pp" sense="blijf" word="blijven" wvorm="inf"/>
        </node>
      </node>
    </node>
    <node begin="13" end="14" frame="punct(punt)" his="normal" his_1="normal" id="23" lcat="punct" lemma="." pos="punct" postag="LET()" pt="let" rel="--" root="." sense="." special="punt" word="."/>
  </node>
  <sentence sentid="1537">Tom was van plan slechts een dag of twee in Boston te blijven .</sentence>
  <comments>
    <comment>Q#1537|Tom was van plan slechts een dag of twee in Boston te blijven .|1|1|-4.8103178601000005</comment>
  </comments>
</alpino_ds>
