<?xml version="1.0" encoding="UTF-8"?>
<alpino_ds version="1.15">
  <parser build="Alpino-x86_64-linux-glibc2.5-git1006-sicstus" date="2023-09-25T08:40" cats="1" skips="0" />
  <node begin="0" cat="top" end="14" id="0" rel="top">
    <node begin="0" cat="smain" end="13" id="1" rel="--">
      <node begin="0" end="1" frame="proper_name(sg,'PER')" genus="zijd" getal="ev" graad="basis" his="normal" his_1="names_dictionary" id="2" index="1" lcat="np" lemma="Tom" naamval="stan" neclass="PER" ntype="eigen" num="sg" pos="name" postag="N(eigen,ev,basis,zijd,stan)" pt="n" rel="su" rnum="sg" root="Tom" sense="Tom" word="Tom"/>
      <node begin="1" end="2" frame="verb(hebben,past(sg),aux_psp_hebben)" his="normal" his_1="normal" id="3" infl="sg" lcat="smain" lemma="hebben" pos="verb" postag="WW(pv,verl,ev)" pt="ww" pvagr="ev" pvtijd="verl" rel="hd" root="heb" sc="aux_psp_hebben" sense="heb" stype="declarative" tense="past" v_per="thi" word="had" wvorm="pv"/>
      <node begin="0" cat="ppart" end="13" id="4" rel="vc">
        <node begin="0" end="1" id="5" index="1" rel="su"/>
        <node begin="2" cat="np" end="4" id="6" rel="obj1">
          <node begin="2" end="3" frame="determiner(wat,nwh,mod,pro,nparg,ntopicpro)" getal="ev" his="normal" his_1="normal" id="7" infl="wat" lcat="detp" lemma="wat" naamval="stan" pdtype="pron" persoon="3o" pos="det" postag="VNW(onbep,pron,stan,vol,3o,ev)" pt="vnw" rel="det" root="wat" sense="wat" status="vol" vwtype="onbep" wh="nwh" word="wat"/>
          <node begin="3" end="4" frame="noun(both,mass,sg)" gen="both" genus="zijd" getal="ev" graad="basis" his="normal" his_1="normal" id="8" lcat="np" lemma="kauwgom" naamval="stan" ntype="soort" num="sg" pos="noun" postag="N(soort,ev,basis,zijd,stan)" pt="n" rel="hd" rnum="sg" root="kauwgom" sense="kauwgom" word="kauwgom"/>
        </node>
        <node begin="4" cat="pp" end="12" id="9" rel="ld">
          <node begin="4" end="5" frame="preposition(op,[af,na])" his="normal" his_1="normal" id="10" lcat="pp" lemma="op" pos="prep" postag="VZ(init)" pt="vz" rel="hd" root="op" sense="op" vztype="init" word="op"/>
          <node begin="5" cat="np" end="12" id="11" rel="obj1">
            <node begin="5" end="6" frame="determiner(de)" his="normal" his_1="normal" id="12" infl="de" lcat="detp" lemma="de" lwtype="bep" naamval="stan" npagr="rest" pos="det" postag="LID(bep,stan,rest)" pt="lid" rel="det" root="de" sense="de" word="de"/>
            <node begin="6" end="7" frame="noun(de,count,sg)" gen="de" genus="zijd" getal="ev" graad="basis" his="normal" his_1="normal" id="13" lcat="np" lemma="bodem" naamval="stan" ntype="soort" num="sg" pos="noun" postag="N(soort,ev,basis,zijd,stan)" pt="n" rel="hd" rnum="sg" root="bodem" sense="bodem" word="bodem"/>
            <node begin="7" cat="pp" end="12" id="14" rel="mod">
              <node begin="7" end="8" frame="preposition(van,[af,uit,vandaan,[af,aan]])" his="normal" his_1="normal" id="15" lcat="pp" lemma="van" pos="prep" postag="VZ(init)" pt="vz" rel="hd" root="van" sense="van" vztype="init" word="van"/>
              <node begin="8" cat="np" end="12" id="16" rel="obj1">
                <node begin="8" case="both" def="indef" end="9" frame="pronoun(nwh,thi,sg,de,both,indef,strpro)" gen="de" getal-n="zonder-n" graad="basis" his="normal" his_1="normal" id="17" lcat="np" lemma="één" num="sg" numtype="hoofd" per="thi" pos="pron" positie="nom" postag="TW(hoofd,nom,zonder-n,basis)" pt="tw" rel="hd" rnum="sg" root="één" sense="één" special="strpro" wh="nwh" word="een"/>
                <node begin="9" cat="pp" end="12" id="18" rel="mod">
                  <node begin="9" end="10" frame="preposition(van,[af,uit,vandaan,[af,aan]])" his="normal" his_1="normal" id="19" lcat="pp" lemma="van" pos="prep" postag="VZ(init)" pt="vz" rel="hd" root="van" sense="van" vztype="init" word="van"/>
                  <node begin="10" cat="np" end="12" id="20" rel="obj1">
                    <node begin="10" buiging="zonder" end="11" frame="determiner(pron)" getal="ev" his="normal" his_1="normal" id="21" infl="pron" lcat="detp" lemma="zijn" naamval="stan" npagr="agr" pdtype="det" persoon="3" pos="det" positie="prenom" postag="VNW(bez,det,stan,vol,3,ev,prenom,zonder,agr)" pron="true" pt="vnw" rel="det" root="zijn" sense="zijn" status="vol" vwtype="bez" word="zijn"/>
                    <node begin="11" end="12" frame="noun(both,both,both)" gen="both" genus="zijd" getal="ev" graad="basis" his="noun" id="22" lcat="np" lemma="chopines" naamval="stan" ntype="soort" num="both" pos="noun" postag="N(soort,ev,basis,zijd,stan)" pt="n" rel="hd" rnum="sg" root="chopines" sense="chopines" word="chopines"/>
                  </node>
                </node>
              </node>
            </node>
          </node>
        </node>
        <node begin="12" buiging="zonder" end="13" frame="verb(hebben,psp,np_ld_pp)" his="normal" his_1="normal" id="23" infl="psp" lcat="ppart" lemma="plakken" pos="verb" positie="vrij" postag="WW(vd,vrij,zonder)" pt="ww" rel="hd" root="plak" sc="np_ld_pp" sense="plak" word="geplakt" wvorm="vd"/>
      </node>
    </node>
    <node begin="13" end="14" frame="punct(punt)" his="normal" his_1="normal" id="24" lcat="punct" lemma="." pos="punct" postag="LET()" pt="let" rel="--" root="." sense="." special="punt" word="."/>
  </node>
  <sentence sentid="1547">Tom had wat kauwgom op de bodem van een van zijn chopines geplakt .</sentence>
  <comments>
    <comment>Q#1547|Tom had wat kauwgom op de bodem van een van zijn chopines geplakt .|1|1|-2.5828204780000013</comment>
  </comments>
</alpino_ds>
