<?xml version="1.0" encoding="UTF-8"?>
<alpino_ds version="1.15">
  <parser build="Alpino-x86_64-linux-glibc2.5-git1006-sicstus" date="2023-09-25T08:41" cats="1" skips="0" />
  <node begin="0" cat="top" end="14" id="0" rel="top">
    <node begin="0" cat="conj" end="13" id="1" rel="--">
      <node begin="0" cat="smain" end="5" id="2" rel="cnj">
        <node begin="0" end="1" frame="proper_name(sg,'PER')" genus="zijd" getal="ev" graad="basis" his="normal" his_1="names_dictionary" id="3" lcat="np" lemma="Tom" naamval="stan" neclass="PER" ntype="eigen" num="sg" pos="name" postag="N(eigen,ev,basis,zijd,stan)" pt="n" rel="su" rnum="sg" root="Tom" sense="Tom" word="Tom"/>
        <node begin="1" end="2" frame="verb(hebben,sg_heeft,transitive_ndev)" his="normal" his_1="normal" id="4" infl="sg_heeft" lcat="smain" lemma="hebben" pos="verb" postag="WW(pv,tgw,met-t)" pt="ww" pvagr="met-t" pvtijd="tgw" rel="hd" root="heb" sc="transitive_ndev" sense="heb" stype="declarative" tense="present" v_per="thi" word="heeft" wvorm="pv"/>
        <node begin="2" cat="np" end="5" id="5" rel="obj1">
          <node begin="2" end="3" frame="determiner(een)" his="normal" his_1="normal" id="6" infl="een" lcat="detp" lemma="een" lwtype="onbep" naamval="stan" npagr="agr" pos="det" postag="LID(onbep,stan,agr)" pt="lid" rel="det" root="een" sense="een" word="een"/>
          <node aform="base" begin="3" buiging="met-e" end="4" frame="adjective(e)" graad="basis" his="normal" his_1="normal" id="7" infl="e" lcat="ap" lemma="eeneiig" naamval="stan" pos="adj" positie="prenom" postag="ADJ(prenom,basis,met-e,stan)" pt="adj" rel="mod" root="eeneiig" sense="eeneiig" vform="adj" word="eeneiige"/>
          <node begin="4" end="5" frame="noun(de,count,sg)" gen="de" genus="zijd" getal="ev" graad="basis" his="normal" his_1="normal" id="8" lcat="np" lemma="tweelingbroer" naamval="stan" ntype="soort" num="sg" pos="noun" postag="N(soort,ev,basis,zijd,stan)" pt="n" rel="hd" rnum="sg" root="tweelingbroer" sense="tweelingbroer" word="tweelingbroer"/>
        </node>
      </node>
      <node begin="5" conjtype="neven" end="6" frame="conj(en)" his="normal" his_1="normal" id="9" lcat="vg" lemma="en" pos="vg" postag="VG(neven)" pt="vg" rel="crd" root="en" sense="en" word="en"/>
      <node begin="6" cat="smain" end="13" id="10" rel="cnj">
        <node begin="6" cat="np" end="8" id="11" index="1" rel="su">
          <node aform="base" begin="6" buiging="zonder" end="7" frame="adjective(no_e(odet_adv))" graad="basis" his="normal" his_1="normal" id="12" infl="no_e" lcat="detp" lemma="weinig" naamval="stan" npagr="agr" pdtype="grad" pos="adj" positie="prenom" postag="VNW(onbep,grad,stan,prenom,zonder,agr,basis)" pt="vnw" rel="det" root="weinig" sense="weinig" vform="adj" vwtype="onbep" word="weinig"/>
          <node begin="7" end="8" frame="noun(both,count,pl)" gen="both" getal="mv" graad="basis" his="normal" his_1="normal" id="13" lcat="np" lemma="mens" ntype="soort" num="pl" pos="noun" postag="N(soort,mv,basis)" pt="n" rel="hd" rnum="pl" root="mens" sense="mens" word="mensen"/>
        </node>
        <node begin="8" end="9" frame="verb('hebben/zijn',pl,aux(inf))" his="normal" his_1="normal" id="14" infl="pl" lcat="smain" lemma="kunnen" pos="verb" postag="WW(pv,tgw,mv)" pt="ww" pvagr="mv" pvtijd="tgw" rel="hd" root="kan" sc="aux(inf)" sense="kan" stype="declarative" tense="present" v_per="thi" word="kunnen" wvorm="pv"/>
        <node begin="6" cat="inf" end="13" id="15" rel="vc">
          <node begin="6" end="8" id="16" index="1" rel="su"/>
          <node begin="9" case="both" def="def" end="10" frame="pronoun(nwh,thi,both,de,both,def,wkpro)" gen="de" getal="mv" his="normal" his_1="normal" id="17" lcat="np" lemma="ze" naamval="stan" num="both" pdtype="pron" per="thi" persoon="3" pos="pron" postag="VNW(pers,pron,stan,red,3,mv)" pt="vnw" rel="obj1" rnum="pl" root="ze" sense="ze" special="wkpro" status="red" vwtype="pers" wh="nwh" word="ze"/>
          <node begin="10" cat="pp" end="12" id="18" rel="ld">
            <node begin="10" end="11" frame="preposition(uit,[vandaan])" his="normal" his_1="normal" id="19" lcat="pp" lemma="uit" pos="prep" postag="VZ(init)" pt="vz" rel="hd" root="uit" sense="uit" vztype="init" word="uit"/>
            <node begin="11" case="dat_acc" def="def" end="12" frame="pronoun(nwh,thi,pl,de,dat_acc,def)" gen="de" getal="mv" his="normal" his_1="normal" id="20" lcat="np" lemma="elkaar" naamval="obl" num="pl" pdtype="pron" per="thi" persoon="persoon" pos="pron" postag="VNW(recip,pron,obl,vol,persoon,mv)" pt="vnw" rel="obj1" rnum="pl" root="elkaar" sense="elkaar" status="vol" vwtype="recip" wh="nwh" word="elkaar"/>
          </node>
          <node begin="12" buiging="zonder" end="13" frame="verb(hebben,inf,np_ld_pp)" his="normal" his_1="normal" id="21" infl="inf" lcat="inf" lemma="houden" pos="verb" positie="vrij" postag="WW(inf,vrij,zonder)" pt="ww" rel="hd" root="houd" sc="np_ld_pp" sense="houd" word="houden" wvorm="inf"/>
        </node>
      </node>
    </node>
    <node begin="13" end="14" frame="punct(punt)" his="normal" his_1="normal" id="22" lcat="punct" lemma="." pos="punct" postag="LET()" pt="let" rel="--" root="." sense="." special="punt" word="."/>
  </node>
  <sentence sentid="1591">Tom heeft een eeneiige tweelingbroer en weinig mensen kunnen ze uit elkaar houden .</sentence>
  <comments>
    <comment>Q#1591|Tom heeft een eeneiige tweelingbroer en weinig mensen kunnen ze uit elkaar houden .|1|1|-9.1811232443</comment>
  </comments>
</alpino_ds>
