<?xml version="1.0" encoding="UTF-8"?>
<alpino_ds version="1.15">
  <parser build="Alpino-x86_64-linux-glibc2.5-git1006-sicstus" date="2023-09-25T08:41" cats="1" skips="0" />
  <node begin="0" cat="top" end="6" id="0" rel="top">
    <node begin="0" cat="smain" end="6" id="1" rel="--">
      <node begin="0" end="1" frame="proper_name(sg,'PER')" genus="zijd" getal="ev" graad="basis" his="normal" his_1="names_dictionary" id="2" lcat="np" lemma="Tom" naamval="stan" neclass="PER" ntype="eigen" num="sg" pos="name" postag="N(eigen,ev,basis,zijd,stan)" pt="n" rel="su" rnum="sg" root="Tom" sense="Tom" word="Tom"/>
      <node begin="1" end="2" frame="verb(hebben,sg3,intransitive)" his="normal" his_1="normal" id="3" infl="sg3" lcat="smain" lemma="drinken" pos="verb" postag="WW(pv,tgw,met-t)" pt="ww" pvagr="met-t" pvtijd="tgw" rel="hd" root="drink" sc="intransitive" sense="drink" stype="declarative" tense="present" v_per="thi" word="drinkt" wvorm="pv"/>
      <node begin="2" end="3" frame="adverb" his="normal" his_1="normal" id="4" lcat="advp" lemma="al" pos="adv" postag="BW()" pt="bw" rel="mod" root="al" sense="al" word="al"/>
      <node begin="3" cat="pp" end="6" id="5" rel="mod">
        <node begin="3" end="4" frame="preposition(sinds,[])" his="normal" his_1="normal" id="6" lcat="pp" lemma="sinds" pos="prep" postag="VZ(init)" pt="vz" rel="hd" root="sinds" sense="sinds" vztype="init" word="sinds"/>
        <node begin="4" cat="mwu" end="6" his="normal" his_1="temporal_expression" id="7" rel="obj1">
          <node begin="4" buiging="zonder" end="5" frame="tmp_np" graad="basis" id="8" lcat="np" lemma="half" pos="noun" positie="prenom" postag="ADJ(prenom,basis,zonder)" pt="adj" rel="mwp" root="half" sense="half" special="tmp" word="half"/>
          <node begin="5" end="6" frame="tmp_np" id="9" lcat="np" lemma="twee" numtype="hoofd" pos="noun" positie="vrij" postag="TW(hoofd,vrij)" pt="tw" rel="mwp" root="twee" sense="twee" special="tmp" word="twee"/>
        </node>
      </node>
    </node>
  </node>
  <sentence sentid="1596">Tom drinkt al sinds half twee</sentence>
  <comments>
    <comment>Q#1596|Tom drinkt al sinds half twee|1|1|-1.6965715514999995</comment>
  </comments>
</alpino_ds>
