<?xml version="1.0" encoding="UTF-8"?>
<alpino_ds version="1.15">
  <parser build="Alpino-x86_64-linux-glibc2.5-git1006-sicstus" date="2023-09-25T08:34" cats="1" skips="0" />
  <node begin="0" cat="top" end="16" id="0" rel="top">
    <node begin="6" end="7" frame="punct(komma)" his="normal" his_1="normal" id="1" lcat="punct" lemma="," pos="punct" postag="LET()" pt="let" rel="--" root="," sense="," special="komma" word=","/>
    <node begin="0" cat="conj" end="15" id="2" rel="--">
      <node begin="0" cat="smain" end="6" id="3" rel="cnj">
        <node begin="0" cat="np" end="3" id="4" index="1" rel="su">
          <node begin="0" end="1" frame="name_determiner(pron,'PER')" getal="ev" graad="basis" his="normal" his_1="gen" his_1_1="names_dictionary" id="5" infl="pron" lcat="detp" lemma="Tom" naamval="gen" neclass="PER" ntype="eigen" pos="det" postag="N(eigen,ev,basis,gen)" pt="n" rel="det" root="Tom" sense="Tom" special="name" word="Toms"/>
          <node begin="1" end="2" frame="number(rang)" his="normal" his_1="normal" id="6" lcat="ap" lemma="één" naamval="stan" numtype="rang" pos="num" positie="prenom" postag="TW(rang,prenom,stan)" pt="tw" rel="mod" root="één" sense="één" word="eerste"/>
          <node begin="2" end="3" frame="noun(de,count,sg)" gen="de" genus="zijd" getal="ev" graad="basis" his="normal" his_1="normal" id="7" lcat="np" lemma="vrouw" naamval="stan" ntype="soort" num="sg" pos="noun" postag="N(soort,ev,basis,zijd,stan)" pt="n" rel="hd" rnum="sg" root="vrouw" sense="vrouw" word="vrouw"/>
        </node>
        <node begin="3" end="4" frame="verb(hebben,sg_heeft,aux_psp_hebben)" his="normal" his_1="normal" id="8" infl="sg_heeft" lcat="smain" lemma="hebben" pos="verb" postag="WW(pv,tgw,met-t)" pt="ww" pvagr="met-t" pvtijd="tgw" rel="hd" root="heb" sc="aux_psp_hebben" sense="heb" stype="declarative" tense="present" v_per="thi" word="heeft" wvorm="pv"/>
        <node begin="0" cat="ppart" end="6" id="9" rel="vc">
          <node begin="0" end="3" id="10" index="1" rel="su"/>
          <node begin="4" case="dat_acc" def="def" end="5" frame="pronoun(nwh,thi,sg,de,dat_acc,def)" gen="de" genus="masc" getal="ev" his="normal" his_1="normal" id="11" lcat="np" lemma="hem" naamval="obl" num="sg" pdtype="pron" per="thi" persoon="3" pos="pron" postag="VNW(pers,pron,obl,vol,3,ev,masc)" pt="vnw" rel="obj1" rnum="sg" root="hem" sense="hem" status="vol" vwtype="pers" wh="nwh" word="hem"/>
          <node begin="5" buiging="zonder" end="6" frame="verb(hebben,psp,transitive)" his="normal" his_1="normal" id="12" infl="psp" lcat="ppart" lemma="beroven" pos="verb" positie="vrij" postag="WW(vd,vrij,zonder)" pt="ww" rel="hd" root="beroof" sc="transitive" sense="beroof" word="beroofd" wvorm="vd"/>
        </node>
      </node>
      <node begin="7" conjtype="neven" end="8" frame="conj(en)" his="normal" his_1="normal" id="13" lcat="vg" lemma="en" pos="vg" postag="VG(neven)" pt="vg" rel="crd" root="en" sense="en" word="en"/>
      <node begin="8" cat="smain" end="15" id="14" rel="cnj">
        <node begin="8" case="nom" def="def" end="9" frame="pronoun(nwh,thi,sg,de,nom,def)" gen="de" genus="masc" getal="ev" his="normal" his_1="normal" id="15" lcat="np" lemma="hij" naamval="nomin" num="sg" pdtype="pron" per="thi" persoon="3" pos="pron" postag="VNW(pers,pron,nomin,vol,3,ev,masc)" pt="vnw" rel="su" rnum="sg" root="hij" sense="hij" status="vol" vwtype="pers" wh="nwh" word="hij"/>
        <node begin="9" end="10" frame="verb(unacc,past(sg),copula)" his="normal" his_1="normal" id="16" infl="sg" lcat="smain" lemma="zijn" pos="verb" postag="WW(pv,verl,ev)" pt="ww" pvagr="ev" pvtijd="verl" rel="hd" root="ben" sc="copula" sense="ben" stype="declarative" tense="past" v_per="thi" word="was" wvorm="pv"/>
        <node aform="base" begin="10" buiging="zonder" end="11" frame="adjective(pred(nonadv))" graad="basis" his="normal" his_1="normal" id="17" infl="pred" lcat="ap" lemma="blut" pos="adj" positie="vrij" postag="ADJ(vrij,basis,zonder)" pt="adj" rel="predc" root="blut" sense="blut" vform="adj" word="blut"/>
        <node begin="11" cat="cp" end="15" id="18" rel="mod">
          <node begin="11" conjtype="onder" end="12" frame="complementizer" his="normal" his_1="normal" id="19" lcat="cp" lemma="toen" pos="comp" postag="VG(onder)" pt="vg" rel="cmp" root="toen" sense="toen" word="toen"/>
          <node begin="12" cat="ssub" end="15" id="20" rel="body">
            <node begin="12" case="nom" def="def" end="13" frame="pronoun(nwh,thi,sg,de,nom,def)" gen="de" genus="masc" getal="ev" his="normal" his_1="normal" id="21" lcat="np" lemma="hij" naamval="nomin" num="sg" pdtype="pron" per="thi" persoon="3" pos="pron" postag="VNW(pers,pron,nomin,vol,3,ev,masc)" pt="vnw" rel="su" rnum="sg" root="hij" sense="hij" status="vol" vwtype="pers" wh="nwh" word="hij"/>
            <node begin="13" end="14" frame="proper_name(sg,'PER')" genus="zijd" getal="ev" graad="basis" his="normal" his_1="names_dictionary" id="22" lcat="np" lemma="Mary" naamval="stan" neclass="PER" ntype="eigen" num="sg" pos="name" postag="N(eigen,ev,basis,zijd,stan)" pt="n" rel="obj1" rnum="sg" root="Mary" sense="Mary" word="Mary"/>
            <node begin="14" end="15" frame="verb(hebben,past(sg),transitive)" his="normal" his_1="normal" id="23" infl="sg" lcat="ssub" lemma="ontmoeten" pos="verb" postag="WW(pv,verl,ev)" pt="ww" pvagr="ev" pvtijd="verl" rel="hd" root="ontmoet" sc="transitive" sense="ontmoet" tense="past" v_per="thi" word="ontmoette" wvorm="pv"/>
          </node>
        </node>
      </node>
    </node>
    <node begin="15" end="16" frame="punct(punt)" his="normal" his_1="normal" id="24" lcat="punct" lemma="." pos="punct" postag="LET()" pt="let" rel="--" root="." sense="." special="punt" word="."/>
  </node>
  <sentence sentid="16">Toms eerste vrouw heeft hem beroofd , en hij was blut toen hij Mary ontmoette .</sentence>
  <comments>
    <comment>Q#16|Toms eerste vrouw heeft hem beroofd , en hij was blut toen hij Mary ontmoette .|1|1|-10.978017484</comment>
  </comments>
</alpino_ds>
