<?xml version="1.0" encoding="UTF-8"?>
<alpino_ds version="1.15">
  <parser build="Alpino-x86_64-linux-glibc2.5-git1006-sicstus" date="2023-09-25T08:41" cats="1" skips="0" />
  <node begin="0" cat="top" end="8" id="0" rel="top">
    <node begin="0" cat="smain" end="7" id="1" rel="--">
      <node begin="0" end="1" frame="proper_name(sg,'PER')" genus="zijd" getal="ev" graad="basis" his="normal" his_1="names_dictionary" id="2" index="1" lcat="np" lemma="Tom" naamval="stan" neclass="PER" ntype="eigen" num="sg" pos="name" postag="N(eigen,ev,basis,zijd,stan)" pt="n" rel="su" rnum="sg" root="Tom" sense="Tom" word="Tom"/>
      <node begin="1" end="2" frame="verb(unacc,sg_is,aux_psp_zijn)" his="normal" his_1="normal" id="3" infl="sg_is" lcat="smain" lemma="zijn" pos="verb" postag="WW(pv,tgw,ev)" pt="ww" pvagr="ev" pvtijd="tgw" rel="hd" root="ben" sc="aux_psp_zijn" sense="ben" stype="declarative" tense="present" v_per="thi" word="is" wvorm="pv"/>
      <node begin="0" cat="ppart" end="7" id="4" rel="vc">
        <node begin="0" end="1" id="5" index="1" rel="su"/>
        <node begin="2" end="3" frame="er_loc_adverb" getal="getal" his="normal" his_1="normal" id="6" lcat="advp" lemma="hier" naamval="obl" pdtype="adv-pron" persoon="3o" pos="adv" postag="VNW(aanw,adv-pron,obl,vol,3o,getal)" pt="vnw" rel="ld" root="hier" sense="hier" special="er_loc" status="vol" vwtype="aanw" word="hier"/>
        <node begin="3" cat="np" end="6" id="7" rel="mod">
          <node begin="3" end="4" frame="modal_adverb" his="normal" his_1="normal" id="8" lcat="advp" lemma="al" pos="adv" postag="BW()" pt="bw" rel="mod" root="al" sc="modal" sense="al" word="al"/>
          <node begin="4" end="5" frame="determiner(een)" his="normal" his_1="normal" id="9" infl="een" lcat="detp" lemma="een" lwtype="onbep" naamval="stan" npagr="agr" pos="det" postag="LID(onbep,stan,agr)" pt="lid" rel="det" root="een" sense="een" word="een"/>
          <node begin="5" end="6" frame="tmp_noun(het,count,sg)" gen="het" genus="onz" getal="ev" graad="dim" his="normal" his_1="normal" id="10" lcat="np" lemma="tijd" naamval="stan" ntype="soort" num="sg" pos="noun" postag="N(soort,ev,dim,onz,stan)" pt="n" rel="hd" rnum="sg" root="tijd_DIM" sense="tijd_DIM" special="tmp" word="tijdje"/>
        </node>
        <node begin="6" buiging="zonder" end="7" frame="verb(unacc,psp,ld_adv)" his="normal" his_1="normal" id="11" infl="psp" lcat="ppart" lemma="zijn" pos="verb" positie="vrij" postag="WW(vd,vrij,zonder)" pt="ww" rel="hd" root="ben" sc="ld_adv" sense="ben" word="geweest" wvorm="vd"/>
      </node>
    </node>
    <node begin="7" end="8" frame="punct(punt)" his="normal" his_1="normal" id="12" lcat="punct" lemma="." pos="punct" postag="LET()" pt="let" rel="--" root="." sense="." special="punt" word="."/>
  </node>
  <sentence sentid="1600">Tom is hier al een tijdje geweest .</sentence>
  <comments>
    <comment>Q#1600|Tom is hier al een tijdje geweest .|1|1|-6.941867231400001</comment>
  </comments>
</alpino_ds>
