<?xml version="1.0" encoding="UTF-8"?>
<alpino_ds version="1.15">
  <parser build="Alpino-x86_64-linux-glibc2.5-git1006-sicstus" date="2023-09-25T08:41" cats="1" skips="0" />
  <node begin="0" cat="top" end="12" id="0" rel="top">
    <node begin="0" cat="smain" end="11" id="1" rel="--">
      <node begin="0" end="1" frame="proper_name(sg,'PER')" genus="zijd" getal="ev" graad="basis" his="normal" his_1="names_dictionary" id="2" index="1" lcat="np" lemma="Tom" naamval="stan" neclass="PER" ntype="eigen" num="sg" pos="name" postag="N(eigen,ev,basis,zijd,stan)" pt="n" rel="su" rnum="sg" root="Tom" sense="Tom" word="Tom"/>
      <node begin="1" end="2" frame="verb(hebben,sg_heeft,aux_psp_hebben)" his="normal" his_1="normal" id="3" infl="sg_heeft" lcat="smain" lemma="hebben" pos="verb" postag="WW(pv,tgw,met-t)" pt="ww" pvagr="met-t" pvtijd="tgw" rel="hd" root="heb" sc="aux_psp_hebben" sense="heb" stype="declarative" tense="present" v_per="thi" word="heeft" wvorm="pv"/>
      <node begin="8" cat="cp" end="10" id="4" rel="predm">
        <node begin="8" conjtype="onder" end="9" frame="complementizer(als)" his="normal" his_1="normal" id="5" lcat="cp" lemma="als" pos="comp" postag="VG(onder)" pt="vg" rel="cmp" root="als" sc="als" sense="als" word="als"/>
        <node begin="9" end="10" frame="proper_name(sg,'PER')" genus="zijd" getal="ev" graad="basis" his="normal" his_1="names_dictionary" id="6" lcat="np" lemma="Mary" naamval="stan" neclass="PER" ntype="eigen" num="sg" pos="name" postag="N(eigen,ev,basis,zijd,stan)" pt="n" rel="body" rnum="sg" root="Mary" sense="Mary" word="Mary"/>
      </node>
      <node begin="0" cat="ppart" end="11" id="7" rel="vc">
        <node begin="0" end="1" id="8" index="1" rel="su"/>
        <node begin="2" cat="np" end="8" id="9" rel="obj1">
          <node begin="2" cat="detp" end="4" id="10" rel="det">
            <node begin="2" buiging="zonder" end="3" frame="pre_det_quant(al)" his="normal" his_1="normal" id="11" infl="al" lcat="detp" lemma="al" naamval="stan" pdtype="det" pos="det" positie="vrij" postag="VNW(onbep,det,stan,vrij,zonder)" pt="vnw" rel="mod" root="al" sense="al" special="pre_det_quant" vwtype="onbep" word="al"/>
            <node begin="3" buiging="zonder" end="4" frame="determiner(pron)" getal="ev" his="normal" his_1="normal" id="12" infl="pron" lcat="detp" lemma="zijn" naamval="stan" npagr="agr" pdtype="det" persoon="3" pos="det" positie="prenom" postag="VNW(bez,det,stan,vol,3,ev,prenom,zonder,agr)" pron="true" pt="vnw" rel="hd" root="zijn" sense="zijn" status="vol" vwtype="bez" word="zijn"/>
          </node>
          <node begin="4" end="5" frame="noun(het,count,pl)" gen="het" getal="mv" graad="basis" his="normal" his_1="normal" id="13" lcat="np" lemma="motief" ntype="soort" num="pl" pos="noun" postag="N(soort,mv,basis)" pt="n" rel="hd" rnum="pl" root="motief" sense="motief" word="motieven"/>
          <node begin="5" cat="pp" end="8" id="14" rel="mod">
            <node begin="5" end="6" frame="preposition(voor,[aan,door,uit,[in,de,plaats]])" his="normal" his_1="normal" id="15" lcat="pp" lemma="voor" pos="prep" postag="VZ(init)" pt="vz" rel="hd" root="voor" sense="voor" vztype="init" word="voor"/>
            <node begin="6" cat="np" end="8" id="16" rel="obj1">
              <node begin="6" end="7" frame="determiner(een)" his="normal" his_1="normal" id="17" infl="een" lcat="detp" lemma="een" lwtype="onbep" naamval="stan" npagr="agr" pos="det" postag="LID(onbep,stan,agr)" pt="lid" rel="det" root="een" sense="een" word="een"/>
              <node begin="7" end="8" frame="noun(de,count,sg)" gen="de" genus="zijd" getal="ev" graad="basis" his="normal" his_1="normal" id="18" lcat="np" lemma="vrouw" naamval="stan" ntype="soort" num="sg" pos="noun" postag="N(soort,ev,basis,zijd,stan)" pt="n" rel="hd" rnum="sg" root="vrouw" sense="vrouw" word="vrouw"/>
            </node>
          </node>
        </node>
        <node begin="10" buiging="zonder" end="11" frame="verb(hebben,psp,transitive)" his="normal" his_1="normal" id="19" infl="psp" lcat="ppart" lemma="wachten" pos="verb" positie="vrij" postag="WW(vd,vrij,zonder)" pt="ww" rel="hd" root="wacht" sc="transitive" sense="wacht" word="gewacht" wvorm="vd"/>
      </node>
    </node>
    <node begin="11" end="12" frame="punct(punt)" his="normal" his_1="normal" id="20" lcat="punct" lemma="." pos="punct" postag="LET()" pt="let" rel="--" root="." sense="." special="punt" word="."/>
  </node>
  <sentence sentid="1615">Tom heeft al zijn motieven voor een vrouw als Mary gewacht .</sentence>
  <comments>
    <comment>Q#1615|Tom heeft al zijn motieven voor een vrouw als Mary gewacht .|1|1|-3.7722452803000013</comment>
  </comments>
</alpino_ds>
