<?xml version="1.0" encoding="UTF-8"?>
<alpino_ds version="1.15">
  <parser build="Alpino-x86_64-linux-glibc2.5-git1006-sicstus" date="2023-09-25T08:41" cats="1" skips="0" />
  <node begin="0" cat="top" end="8" id="0" rel="top">
    <node begin="0" cat="smain" end="7" id="1" rel="--">
      <node begin="0" end="1" frame="proper_name(sg,'PER')" genus="zijd" getal="ev" graad="basis" his="normal" his_1="names_dictionary" id="2" lcat="np" lemma="Tom" naamval="stan" neclass="PER" ntype="eigen" num="sg" pos="name" postag="N(eigen,ev,basis,zijd,stan)" pt="n" rel="su" rnum="sg" root="Tom" sense="Tom" word="Tom"/>
      <node begin="1" end="2" frame="verb(hebben,sg_heeft,transitive_ndev)" his="normal" his_1="normal" id="3" infl="sg_heeft" lcat="smain" lemma="hebben" pos="verb" postag="WW(pv,tgw,met-t)" pt="ww" pvagr="met-t" pvtijd="tgw" rel="hd" root="heb" sc="transitive_ndev" sense="heb" stype="declarative" tense="present" v_per="thi" word="heeft" wvorm="pv"/>
      <node begin="2" cat="conj" end="7" id="4" rel="obj1">
        <node begin="2" cat="np" end="4" id="5" rel="cnj">
          <node aform="base" begin="2" buiging="zonder" end="3" frame="adjective(no_e(adv))" graad="basis" his="normal" his_1="normal" id="6" infl="no_e" lcat="ap" lemma="bruin" pos="adj" positie="prenom" postag="ADJ(prenom,basis,zonder)" pt="adj" rel="mod" root="bruin" sense="bruin" vform="adj" word="bruin"/>
          <node begin="3" end="4" frame="noun(het,mass,sg)" gen="het" genus="onz" getal="ev" graad="basis" his="normal" his_1="normal" id="7" lcat="np" lemma="haar" naamval="stan" ntype="soort" num="sg" pos="noun" postag="N(soort,ev,basis,onz,stan)" pt="n" rel="hd" rnum="sg" root="haar" sense="haar" word="haar"/>
        </node>
        <node begin="4" conjtype="neven" end="5" frame="conj(en)" his="normal" his_1="normal" id="8" lcat="vg" lemma="en" pos="vg" postag="VG(neven)" pt="vg" rel="crd" root="en" sense="en" word="en"/>
        <node begin="5" cat="np" end="7" id="9" rel="cnj">
          <node aform="base" begin="5" buiging="met-e" end="6" frame="adjective(e)" graad="basis" his="normal" his_1="normal" id="10" infl="e" lcat="ap" lemma="blauw" naamval="stan" pos="adj" positie="prenom" postag="ADJ(prenom,basis,met-e,stan)" pt="adj" rel="mod" root="blauw" sense="blauw" vform="adj" word="blauwe"/>
          <node begin="6" end="7" frame="noun(het,count,pl)" gen="het" getal="mv" graad="basis" his="normal" his_1="normal" id="11" lcat="np" lemma="oog" ntype="soort" num="pl" pos="noun" postag="N(soort,mv,basis)" pt="n" rel="hd" rnum="pl" root="oog" sense="oog" word="ogen"/>
        </node>
      </node>
    </node>
    <node begin="7" end="8" frame="punct(punt)" his="normal" his_1="normal" id="12" lcat="punct" lemma="." pos="punct" postag="LET()" pt="let" rel="--" root="." sense="." special="punt" word="."/>
  </node>
  <sentence sentid="1621">Tom heeft bruin haar en blauwe ogen .</sentence>
  <comments>
    <comment>Q#1621|Tom heeft bruin haar en blauwe ogen .|1|1|-4.221438505400002</comment>
  </comments>
</alpino_ds>
