<?xml version="1.0" encoding="UTF-8"?>
<alpino_ds version="1.15">
  <parser build="Alpino-x86_64-linux-glibc2.5-git1006-sicstus" date="2023-09-25T08:41" cats="1" skips="0" />
  <node begin="0" cat="top" end="16" id="0" rel="top">
    <node begin="5" end="6" frame="punct(komma)" his="normal" his_1="normal" id="1" lcat="punct" lemma="," pos="punct" postag="LET()" pt="let" rel="--" root="," sense="," special="komma" word=","/>
    <node begin="0" cat="smain" end="15" id="2" rel="--">
      <node begin="0" end="1" frame="proper_name(sg,'PER')" genus="zijd" getal="ev" graad="basis" his="normal" his_1="names_dictionary" id="3" index="1" lcat="np" lemma="Tom" naamval="stan" neclass="PER" ntype="eigen" num="sg" pos="name" postag="N(eigen,ev,basis,zijd,stan)" pt="n" rel="su" rnum="sg" root="Tom" sense="Tom" word="Tom"/>
      <node begin="1" end="2" frame="verb(hebben,sg_heeft,aux_psp_hebben)" his="normal" his_1="normal" id="4" infl="sg_heeft" lcat="smain" lemma="hebben" pos="verb" postag="WW(pv,tgw,met-t)" pt="ww" pvagr="met-t" pvtijd="tgw" rel="hd" root="heb" sc="aux_psp_hebben" sense="heb" stype="declarative" tense="present" v_per="thi" word="heeft" wvorm="pv"/>
      <node begin="0" cat="ppart" end="15" id="5" rel="vc">
        <node begin="0" end="1" id="6" index="1" rel="su"/>
        <node begin="2" cat="np" end="4" id="7" rel="obj1">
          <node begin="2" buiging="zonder" end="3" frame="determiner(geen,nwh,mod,pro,yparg,nwkpro,geen)" his="normal" his_1="normal" id="8" infl="geen" lcat="detp" lemma="geen" naamval="stan" npagr="agr" pdtype="det" pos="det" positie="prenom" postag="VNW(onbep,det,stan,prenom,zonder,agr)" pt="vnw" rel="det" root="geen" sense="geen" vwtype="onbep" wh="nwh" word="geen"/>
          <node begin="3" end="4" frame="noun(both,both,both)" gen="both" genus="zijd" getal="ev" graad="basis" his="noun" id="9" lcat="np" lemma="arroba" naamval="stan" ntype="soort" num="both" pos="noun" postag="N(soort,ev,basis,zijd,stan)" pt="n" rel="hd" rnum="sg" root="arroba" sense="arroba" word="arroba"/>
        </node>
        <node begin="4" buiging="zonder" end="5" frame="verb('hebben/zijn',psp,transitive)" his="normal" his_1="normal" id="10" infl="psp" lcat="ppart" lemma="verliezen" pos="verb" positie="vrij" postag="WW(vd,vrij,zonder)" pt="ww" rel="hd" root="verlies" sc="transitive" sense="verlies" word="verloren" wvorm="vd"/>
        <node begin="6" cat="cp" end="15" id="11" rel="mod">
          <node begin="6" end="7" frame="modal_adverb" his="normal" his_1="normal" id="12" lcat="advp" lemma="ook" pos="adv" postag="BW()" pt="bw" rel="mod" root="ook" sc="modal" sense="ook" word="ook"/>
          <node begin="7" conjtype="onder" end="8" frame="complementizer(al)" his="normal" his_1="normal" id="13" lcat="cp" lemma="al" pos="comp" postag="VG(onder)" pt="vg" rel="cmp" root="al" sc="al" sense="al" word="al"/>
          <node begin="8" cat="sv1" end="15" id="14" rel="body">
            <node begin="8" end="9" frame="verb(hebben,sg3,tr_sbar)" his="normal" his_1="normal" id="15" infl="sg3" lcat="sv1" lemma="zeggen" pos="verb" postag="WW(pv,tgw,met-t)" pt="ww" pvagr="met-t" pvtijd="tgw" rel="hd" root="zeg" sc="tr_sbar" sense="zeg" tense="present" v_per="thi" word="zegt" wvorm="pv"/>
            <node begin="9" case="nom" def="def" end="10" frame="pronoun(nwh,thi,sg,de,nom,def)" gen="de" genus="masc" getal="ev" his="normal" his_1="normal" id="16" lcat="np" lemma="hij" naamval="nomin" num="sg" pdtype="pron" per="thi" persoon="3" pos="pron" postag="VNW(pers,pron,nomin,vol,3,ev,masc)" pt="vnw" rel="su" rnum="sg" root="hij" sense="hij" status="vol" vwtype="pers" wh="nwh" word="hij"/>
            <node begin="10" cat="cp" end="15" id="17" rel="vc">
              <node begin="10" conjtype="onder" end="11" frame="complementizer(dat)" his="normal" his_1="normal" id="18" lcat="cp" lemma="dat" pos="comp" postag="VG(onder)" pt="vg" rel="cmp" root="dat" sc="dat" sense="dat" word="dat"/>
              <node begin="11" cat="ssub" end="15" id="19" rel="body">
                <node begin="11" case="nom" def="def" end="12" frame="pronoun(nwh,thi,sg,de,nom,def)" gen="de" genus="masc" getal="ev" his="normal" his_1="normal" id="20" lcat="np" lemma="hij" naamval="nomin" num="sg" pdtype="pron" per="thi" persoon="3" pos="pron" postag="VNW(pers,pron,nomin,vol,3,ev,masc)" pt="vnw" rel="su" rnum="sg" root="hij" sense="hij" status="vol" vwtype="pers" wh="nwh" word="hij"/>
                <node begin="12" cat="pp" end="14" id="21" rel="ld">
                  <node begin="12" end="13" frame="preposition(op,[af,na])" his="normal" his_1="normal" id="22" lcat="pp" lemma="op" pos="prep" postag="VZ(init)" pt="vz" rel="hd" root="op" sense="op" vztype="init" word="op"/>
                  <node begin="13" end="14" frame="noun(het,count,sg)" gen="het" genus="onz" getal="ev" graad="basis" his="normal" his_1="normal" id="23" lcat="np" lemma="dieet" naamval="stan" ntype="soort" num="sg" pos="noun" postag="N(soort,ev,basis,onz,stan)" pt="n" rel="obj1" rnum="sg" root="dieet" sense="dieet" word="dieet"/>
                </node>
                <node begin="14" end="15" frame="verb(unacc,sg_is,ld_pp)" his="normal" his_1="normal" id="24" infl="sg_is" lcat="ssub" lemma="zijn" pos="verb" postag="WW(pv,tgw,ev)" pt="ww" pvagr="ev" pvtijd="tgw" rel="hd" root="ben" sc="ld_pp" sense="ben" tense="present" v_per="thi" word="is" wvorm="pv"/>
              </node>
            </node>
          </node>
        </node>
      </node>
    </node>
    <node begin="15" end="16" frame="punct(punt)" his="normal" his_1="normal" id="25" lcat="punct" lemma="." pos="punct" postag="LET()" pt="let" rel="--" root="." sense="." special="punt" word="."/>
  </node>
  <sentence sentid="1624">Tom heeft geen arroba verloren , ook al zegt hij dat hij op dieet is .</sentence>
  <comments>
    <comment>Q#1624|Tom heeft geen arroba verloren , ook al zegt hij dat hij op dieet is .|1|1|-8.066985480900001</comment>
  </comments>
</alpino_ds>
