<?xml version="1.0" encoding="UTF-8"?>
<alpino_ds version="1.15">
  <parser build="Alpino-x86_64-linux-glibc2.5-git1006-sicstus" date="2023-09-25T08:41" cats="1" skips="0" />
  <node begin="0" cat="top" end="18" id="0" rel="top">
    <node begin="6" end="7" frame="punct(komma)" his="normal" his_1="normal" id="1" lcat="punct" lemma="," pos="punct" postag="LET()" pt="let" rel="--" root="," sense="," special="komma" word=","/>
    <node begin="0" cat="smain" end="17" id="2" rel="--">
      <node begin="0" end="1" frame="proper_name(sg,'PER')" genus="zijd" getal="ev" graad="basis" his="normal" his_1="names_dictionary" id="3" index="1" lcat="np" lemma="Tom" naamval="stan" neclass="PER" ntype="eigen" num="sg" pos="name" postag="N(eigen,ev,basis,zijd,stan)" pt="n" rel="su" rnum="sg" root="Tom" sense="Tom" word="Tom"/>
      <node begin="1" end="2" frame="verb(hebben,sg_heeft,aux_psp_hebben)" his="normal" his_1="normal" id="4" infl="sg_heeft" lcat="smain" lemma="hebben" pos="verb" postag="WW(pv,tgw,met-t)" pt="ww" pvagr="met-t" pvtijd="tgw" rel="hd" root="heb" sc="aux_psp_hebben" sense="heb" stype="declarative" tense="present" v_per="thi" word="heeft" wvorm="pv"/>
      <node begin="0" cat="ppart" end="17" id="5" rel="vc">
        <node begin="0" end="1" id="6" index="1" rel="su"/>
        <node begin="2" cat="np" end="5" id="7" rel="obj1">
          <node begin="2" buiging="zonder" end="3" frame="determiner(geen,nwh,mod,pro,yparg,nwkpro,geen)" his="normal" his_1="normal" id="8" infl="geen" lcat="detp" lemma="geen" naamval="stan" npagr="agr" pdtype="det" pos="det" positie="prenom" postag="VNW(onbep,det,stan,prenom,zonder,agr)" pt="vnw" rel="det" root="geen" sense="geen" vwtype="onbep" wh="nwh" word="geen"/>
          <node begin="3" buiging="met-e" end="4" frame="adj_number(enkele)" his="normal" his_1="normal" id="9" infl="enkele" lcat="detp" lemma="enkel" naamval="stan" npagr="rest" pdtype="det" pos="det" positie="prenom" postag="VNW(onbep,det,stan,prenom,met-e,rest)" pt="vnw" rel="det" root="enkel" sense="enkel" special="adj_number" vwtype="onbep" word="enkele"/>
          <node begin="4" end="5" frame="noun(de,count,sg)" gen="de" genus="zijd" getal="ev" graad="basis" his="normal" his_1="normal" id="10" lcat="np" lemma="eenheid" naamval="stan" ntype="soort" num="sg" pos="noun" postag="N(soort,ev,basis,zijd,stan)" pt="n" rel="hd" rnum="sg" root="eenheid" sense="eenheid" word="eenheid"/>
        </node>
        <node begin="5" buiging="zonder" end="6" frame="verb('hebben/zijn',psp,transitive)" his="normal" his_1="normal" id="11" infl="psp" lcat="ppart" lemma="verliezen" pos="verb" positie="vrij" postag="WW(vd,vrij,zonder)" pt="ww" rel="hd" root="verlies" sc="transitive" sense="verlies" word="verloren" wvorm="vd"/>
        <node begin="7" cat="cp" end="17" id="12" rel="mod">
          <node begin="7" end="8" frame="modal_adverb" his="normal" his_1="normal" id="13" lcat="advp" lemma="ook" pos="adv" postag="BW()" pt="bw" rel="mod" root="ook" sc="modal" sense="ook" word="ook"/>
          <node begin="8" conjtype="onder" end="9" frame="complementizer(al)" his="normal" his_1="normal" id="14" lcat="cp" lemma="al" pos="comp" postag="VG(onder)" pt="vg" rel="cmp" root="al" sc="al" sense="al" word="al"/>
          <node begin="9" cat="sv1" end="17" id="15" rel="body">
            <node begin="9" end="10" frame="verb(hebben,sg3,tr_sbar)" his="normal" his_1="normal" id="16" infl="sg3" lcat="sv1" lemma="zeggen" pos="verb" postag="WW(pv,tgw,met-t)" pt="ww" pvagr="met-t" pvtijd="tgw" rel="hd" root="zeg" sc="tr_sbar" sense="zeg" tense="present" v_per="thi" word="zegt" wvorm="pv"/>
            <node begin="10" case="nom" def="def" end="11" frame="pronoun(nwh,thi,sg,de,nom,def)" gen="de" genus="masc" getal="ev" his="normal" his_1="normal" id="17" lcat="np" lemma="hij" naamval="nomin" num="sg" pdtype="pron" per="thi" persoon="3" pos="pron" postag="VNW(pers,pron,nomin,vol,3,ev,masc)" pt="vnw" rel="su" rnum="sg" root="hij" sense="hij" status="vol" vwtype="pers" wh="nwh" word="hij"/>
            <node begin="11" cat="cp" end="17" id="18" rel="vc">
              <node begin="11" conjtype="onder" end="12" frame="complementizer(dat)" his="normal" his_1="normal" id="19" lcat="cp" lemma="dat" pos="comp" postag="VG(onder)" pt="vg" rel="cmp" root="dat" sc="dat" sense="dat" word="dat"/>
              <node begin="12" cat="ssub" end="17" id="20" rel="body">
                <node begin="12" case="nom" def="def" end="13" frame="pronoun(nwh,thi,sg,de,nom,def)" gen="de" genus="masc" getal="ev" his="normal" his_1="normal" id="21" index="2" lcat="np" lemma="hij" naamval="nomin" num="sg" pdtype="pron" per="thi" persoon="3" pos="pron" postag="VNW(pers,pron,nomin,vol,3,ev,masc)" pt="vnw" rel="su" rnum="sg" root="hij" sense="hij" status="vol" vwtype="pers" wh="nwh" word="hij"/>
                <node begin="15" end="16" frame="verb(unacc,sg_is,aux_psp_zijn)" his="normal" his_1="normal" id="22" infl="sg_is" lcat="ssub" lemma="zijn" pos="verb" postag="WW(pv,tgw,ev)" pt="ww" pvagr="ev" pvtijd="tgw" rel="hd" root="ben" sc="aux_psp_zijn" sense="ben" tense="present" v_per="thi" word="is" wvorm="pv"/>
                <node begin="12" cat="ppart" end="17" id="23" rel="vc">
                  <node begin="12" end="13" id="24" index="2" rel="su"/>
                  <node begin="13" cat="pp" end="15" id="25" rel="ld">
                    <node begin="13" end="14" frame="preposition(op,[af,na])" his="normal" his_1="normal" id="26" lcat="pp" lemma="op" pos="prep" postag="VZ(init)" pt="vz" rel="hd" root="op" sense="op" vztype="init" word="op"/>
                    <node begin="14" end="15" frame="noun(het,count,sg)" gen="het" genus="onz" getal="ev" graad="basis" his="normal" his_1="normal" id="27" lcat="np" lemma="dieet" naamval="stan" ntype="soort" num="sg" pos="noun" postag="N(soort,ev,basis,onz,stan)" pt="n" rel="obj1" rnum="sg" root="dieet" sense="dieet" word="dieet"/>
                  </node>
                  <node begin="16" buiging="zonder" end="17" frame="verb(unacc,psp,ld_pp)" his="normal" his_1="normal" id="28" infl="psp" lcat="ppart" lemma="zijn" pos="verb" positie="vrij" postag="WW(vd,vrij,zonder)" pt="ww" rel="hd" root="ben" sc="ld_pp" sense="ben" word="geweest" wvorm="vd"/>
                </node>
              </node>
            </node>
          </node>
        </node>
      </node>
    </node>
    <node begin="17" end="18" frame="punct(punt)" his="normal" his_1="normal" id="29" lcat="punct" lemma="." pos="punct" postag="LET()" pt="let" rel="--" root="." sense="." special="punt" word="."/>
  </node>
  <sentence sentid="1639">Tom heeft geen enkele eenheid verloren , ook al zegt hij dat hij op dieet is geweest .</sentence>
  <comments>
    <comment>Q#1639|Tom heeft geen enkele eenheid verloren , ook al zegt hij dat hij op dieet is geweest .|1|1|-13.616878793400002</comment>
  </comments>
</alpino_ds>
