<?xml version="1.0" encoding="UTF-8"?>
<alpino_ds version="1.15">
  <parser build="Alpino-x86_64-linux-glibc2.5-git1006-sicstus" date="2023-09-25T08:41" cats="1" skips="0" />
  <node begin="0" cat="top" end="5" id="0" rel="top">
    <node begin="0" cat="smain" end="4" id="1" rel="--">
      <node begin="0" end="1" frame="proper_name(sg,'PER')" genus="zijd" getal="ev" graad="basis" his="normal" his_1="names_dictionary" id="2" lcat="np" lemma="Tom" naamval="stan" neclass="PER" ntype="eigen" num="sg" pos="name" postag="N(eigen,ev,basis,zijd,stan)" pt="n" rel="su" rnum="sg" root="Tom" sense="Tom" word="Tom"/>
      <node begin="1" end="2" frame="verb(hebben,sg_heeft,transitive_ndev)" his="normal" his_1="normal" id="3" infl="sg_heeft" lcat="smain" lemma="hebben" pos="verb" postag="WW(pv,tgw,met-t)" pt="ww" pvagr="met-t" pvtijd="tgw" rel="hd" root="heb" sc="transitive_ndev" sense="heb" stype="declarative" tense="present" v_per="thi" word="heeft" wvorm="pv"/>
      <node begin="2" cat="np" end="4" id="4" rel="obj1">
        <node begin="2" buiging="zonder" end="3" frame="determiner(geen,nwh,mod,pro,yparg,nwkpro,geen)" his="normal" his_1="normal" id="5" infl="geen" lcat="detp" lemma="geen" naamval="stan" npagr="agr" pdtype="det" pos="det" positie="prenom" postag="VNW(onbep,det,stan,prenom,zonder,agr)" pt="vnw" rel="det" root="geen" sense="geen" vwtype="onbep" wh="nwh" word="geen"/>
        <node aform="base" begin="3" buiging="met-e" end="4" frame="nominalized_adjective" getal-n="mv-n" graad="basis" his="suffix" id="6" lcat="np" lemma="francofiel" num="pl" personalized="true" pos="adj" positie="nom" postag="ADJ(nom,basis,met-e,mv-n)" pt="adj" rel="hd" rnum="pl" root="francofiel" sense="francofiel" special="a_noun" word="francofielen"/>
      </node>
    </node>
    <node begin="4" end="5" frame="punct(punt)" his="normal" his_1="normal" id="7" lcat="punct" lemma="." pos="punct" postag="LET()" pt="let" rel="--" root="." sense="." special="punt" word="."/>
  </node>
  <sentence sentid="1647">Tom heeft geen francofielen .</sentence>
  <comments>
    <comment>Q#1647|Tom heeft geen francofielen .|1|1|-1.4978315400000002</comment>
  </comments>
</alpino_ds>
