<?xml version="1.0" encoding="UTF-8"?>
<alpino_ds version="1.15">
  <parser build="Alpino-x86_64-linux-glibc2.5-git1006-sicstus" date="2023-09-25T08:41" cats="1" skips="0" />
  <node begin="0" cat="top" end="7" id="0" rel="top">
    <node begin="0" cat="smain" end="6" id="1" rel="--">
      <node begin="0" end="1" frame="proper_name(sg,'PER')" genus="zijd" getal="ev" graad="basis" his="normal" his_1="names_dictionary" id="2" lcat="np" lemma="Tom" naamval="stan" neclass="PER" ntype="eigen" num="sg" pos="name" postag="N(eigen,ev,basis,zijd,stan)" pt="n" rel="su" rnum="sg" root="Tom" sense="Tom" word="Tom"/>
      <node begin="1" end="2" frame="verb(hebben,sg_heeft,transitive_ndev)" his="normal" his_1="normal" id="3" infl="sg_heeft" lcat="smain" lemma="hebben" pos="verb" postag="WW(pv,tgw,met-t)" pt="ww" pvagr="met-t" pvtijd="tgw" rel="hd" root="heb" sc="transitive_ndev" sense="heb" stype="declarative" tense="present" v_per="thi" word="heeft" wvorm="pv"/>
      <node begin="2" end="3" frame="tmp_noun(de,count,sg)" gen="de" genus="zijd" getal="ev" graad="basis" his="normal" his_1="normal" id="4" lcat="np" lemma="maandag" naamval="stan" ntype="eigen" num="sg" pos="noun" postag="N(eigen,ev,basis,zijd,stan)" pt="n" rel="mod" rnum="sg" root="maandag" sense="maandag" special="tmp" word="maandag"/>
      <node begin="3" cat="np" end="6" id="5" rel="obj1">
        <node begin="3" cat="detp" end="5" id="6" rel="det">
          <node begin="3" end="4" frame="adverb" his="normal" his_1="normal" id="7" lcat="advp" lemma="helemaal" pos="adv" postag="BW()" pt="bw" rel="mod" root="helemaal" sense="helemaal" word="helemaal"/>
          <node begin="4" buiging="zonder" end="5" frame="determiner(geen,nwh,mod,pro,yparg,nwkpro,geen)" his="normal" his_1="normal" id="8" infl="geen" lcat="detp" lemma="geen" naamval="stan" npagr="agr" pdtype="det" pos="det" positie="prenom" postag="VNW(onbep,det,stan,prenom,zonder,agr)" pt="vnw" rel="hd" root="geen" sense="geen" vwtype="onbep" wh="nwh" word="geen"/>
        </node>
        <node begin="5" end="6" frame="noun(de,count,pl)" gen="de" getal="mv" graad="basis" his="compound" his_1="2" id="9" lcat="np" lemma="kunst_les" ntype="soort" num="pl" pos="noun" postag="N(soort,mv,basis)" pt="n" rel="hd" rnum="pl" root="kunst_les" sense="kunst_les" word="kunstlessen"/>
      </node>
    </node>
    <node begin="6" end="7" frame="punct(punt)" his="normal" his_1="normal" id="10" lcat="punct" lemma="." pos="punct" postag="LET()" pt="let" rel="--" root="." sense="." special="punt" word="."/>
  </node>
  <sentence sentid="1668">Tom heeft maandag helemaal geen kunstlessen .</sentence>
  <comments>
    <comment>Q#1668|Tom heeft maandag helemaal geen kunstlessen .|1|1|-0.9594753476</comment>
  </comments>
</alpino_ds>
