<?xml version="1.0" encoding="UTF-8"?>
<alpino_ds version="1.15">
  <parser build="Alpino-x86_64-linux-glibc2.5-git1006-sicstus" date="2023-09-25T08:41" cats="1" skips="0" />
  <node begin="0" cat="top" end="9" id="0" rel="top">
    <node begin="0" cat="smain" end="8" id="1" rel="--">
      <node begin="0" end="1" frame="proper_name(sg,'PER')" genus="zijd" getal="ev" graad="basis" his="normal" his_1="names_dictionary" id="2" lcat="np" lemma="Tom" naamval="stan" neclass="PER" ntype="eigen" num="sg" pos="name" postag="N(eigen,ev,basis,zijd,stan)" pt="n" rel="su" rnum="sg" root="Tom" sense="Tom" word="Tom"/>
      <node begin="1" end="2" frame="verb(hebben,sg_heeft,transitive_ndev)" his="normal" his_1="normal" id="3" infl="sg_heeft" lcat="smain" lemma="hebben" pos="verb" postag="WW(pv,tgw,met-t)" pt="ww" pvagr="met-t" pvtijd="tgw" rel="hd" root="heb" sc="transitive_ndev" sense="heb" stype="declarative" tense="present" v_per="thi" word="heeft" wvorm="pv"/>
      <node begin="2" cat="np" end="8" id="4" rel="obj1">
        <node begin="2" buiging="zonder" end="3" frame="determiner(geen,nwh,mod,pro,yparg,nwkpro,geen)" his="normal" his_1="normal" id="5" infl="geen" lcat="detp" lemma="geen" naamval="stan" npagr="agr" pdtype="det" pos="det" positie="prenom" postag="VNW(onbep,det,stan,prenom,zonder,agr)" pt="vnw" rel="det" root="geen" sense="geen" vwtype="onbep" wh="nwh" word="geen"/>
        <node begin="4" end="5" frame="noun(de,count,sg)" gen="de" genus="zijd" getal="ev" graad="basis" his="normal" his_1="normal" id="6" lcat="np" lemma="keuze" naamval="stan" ntype="soort" num="sg" pos="noun" postag="N(soort,ev,basis,zijd,stan)" pt="n" rel="hd" rnum="sg" root="keuze" sense="keuze" word="keuze"/>
        <node begin="3" cat="ap" end="8" id="7" rel="mod">
          <node aform="compar" begin="3" buiging="met-e" end="4" frame="adjective(ere)" graad="basis" his="normal" his_1="normal" id="8" infl="e" lcat="ap" lemma="ander" naamval="stan" pos="adj" positie="prenom" postag="ADJ(prenom,basis,met-e,stan)" pt="adj" rel="hd" root="ander" sense="ander" vform="adj" word="andere"/>
          <node begin="5" cat="cp" end="8" id="9" rel="obcomp">
            <node begin="5" conjtype="onder" end="6" frame="comparative(dan)" his="normal" his_1="normal" id="10" lcat="comparative" lemma="dan" pos="comparative" postag="VG(onder)" pt="vg" rel="cmp" root="dan" sense="dan" word="dan"/>
            <node begin="6" cat="ti" end="8" id="11" rel="body">
              <node begin="6" end="7" frame="complementizer(te)" his="normal" his_1="normal" id="12" lcat="ti" lemma="te" pos="comp" postag="VZ(init)" pt="vz" rel="cmp" root="te" sc="te" sense="te" vztype="init" word="te"/>
              <node begin="7" buiging="zonder" end="8" frame="verb(zijn,inf,intransitive)" his="normal" his_1="normal" id="13" infl="inf" lcat="inf" lemma="vertrekken" pos="verb" positie="vrij" postag="WW(inf,vrij,zonder)" pt="ww" rel="body" root="vertrek" sc="intransitive" sense="vertrek" word="vertrekken" wvorm="inf"/>
            </node>
          </node>
        </node>
      </node>
    </node>
    <node begin="8" end="9" frame="punct(punt)" his="normal" his_1="normal" id="14" lcat="punct" lemma="." pos="punct" postag="LET()" pt="let" rel="--" root="." sense="." special="punt" word="."/>
  </node>
  <sentence sentid="1694">Tom heeft geen andere keuze dan te vertrekken .</sentence>
  <comments>
    <comment>Q#1694|Tom heeft geen andere keuze dan te vertrekken .|1|1|-3.8847299211000004</comment>
  </comments>
</alpino_ds>
