<?xml version="1.0" encoding="UTF-8"?>
<alpino_ds version="1.15">
  <parser build="Alpino-x86_64-linux-glibc2.5-git1006-sicstus" date="2023-09-25T08:34" cats="1" skips="0" />
  <node begin="0" cat="top" end="9" id="0" rel="top">
    <node begin="5" end="6" frame="punct(ligg_streep)" his="normal" his_1="normal" id="1" lcat="punct" lemma="-" pos="punct" postag="LET()" pt="let" rel="--" root="-" sense="-" special="ligg_streep" word="-"/>
    <node begin="0" cat="du" end="9" id="2" rel="--">
      <node begin="0" cat="smain" end="5" id="3" rel="nucl">
        <node begin="0" end="1" frame="proper_name(sg,'PER')" genus="zijd" getal="ev" graad="basis" his="normal" his_1="names_dictionary" id="4" lcat="np" lemma="Tom" naamval="stan" neclass="PER" ntype="eigen" num="sg" pos="name" postag="N(eigen,ev,basis,zijd,stan)" pt="n" rel="su" rnum="sg" root="Tom" sense="Tom" word="Tom"/>
        <node begin="1" end="2" frame="verb(unacc,sg_is,copula)" his="normal" his_1="normal" id="5" infl="sg_is" lcat="smain" lemma="zijn" pos="verb" postag="WW(pv,tgw,ev)" pt="ww" pvagr="ev" pvtijd="tgw" rel="hd" root="ben" sc="copula" sense="ben" stype="declarative" tense="present" v_per="thi" word="is" wvorm="pv"/>
        <node begin="2" end="3" frame="tmp_adverb" his="normal" his_1="normal" id="6" lcat="advp" lemma="vandaag" pos="adv" postag="BW()" pt="bw" rel="mod" root="vandaag" sense="vandaag" special="tmp" word="vandaag"/>
        <node begin="3" end="4" frame="adverb" his="normal" his_1="normal" id="7" lcat="advp" lemma="weer" pos="adv" postag="BW()" pt="bw" rel="mod" root="weer" sense="weer" word="weer"/>
        <node aform="base" begin="4" buiging="zonder" end="5" frame="adjective(no_e(padv))" graad="basis" his="normal" his_1="normal" id="8" infl="no_e" lcat="ap" lemma="woedend" pos="adj" positie="vrij" postag="ADJ(vrij,basis,zonder)" pt="adj" rel="predc" root="woedend" sense="woedend" vform="adj" word="woedend"/>
      </node>
      <node begin="6" cat="np" end="9" id="9" rel="sat">
        <node begin="6" end="7" frame="determiner(het,nwh,nmod,pro,nparg,wkpro)" his="normal" his_1="normal" id="10" infl="het" lcat="detp" lemma="het" lwtype="bep" naamval="stan" npagr="evon" pos="det" postag="LID(bep,stan,evon)" pt="lid" rel="det" root="het" sense="het" wh="nwh" word="het"/>
        <node aform="super" begin="7" buiging="met-e" end="8" frame="adjective(ste)" graad="sup" his="normal" his_1="normal" id="11" infl="e" lcat="ap" lemma="gering" naamval="stan" pos="adj" positie="prenom" postag="ADJ(prenom,sup,met-e,stan)" pt="adj" rel="mod" root="gering" sense="gering" vform="adj" word="geringste"/>
        <node begin="8" end="9" frame="noun(het,count,sg)" gen="het" genus="onz" getal="ev" graad="basis" his="normal" his_1="normal" id="12" lcat="np" lemma="woord" naamval="stan" ntype="soort" num="sg" pos="noun" postag="N(soort,ev,basis,onz,stan)" pt="n" rel="hd" rnum="sg" root="woord" sense="woord" word="woord"/>
      </node>
    </node>
  </node>
  <sentence sentid="17">Tom is vandaag weer woedend - het geringste woord</sentence>
  <comments>
    <comment>Q#17|Tom is vandaag weer woedend - het geringste woord|1|1|-3.0678300671</comment>
  </comments>
</alpino_ds>
