<?xml version="1.0" encoding="UTF-8"?>
<alpino_ds version="1.15">
  <parser build="Alpino-x86_64-linux-glibc2.5-git1006-sicstus" date="2023-09-25T08:37" cats="1" skips="0" />
  <node begin="0" cat="top" end="9" id="0" rel="top">
    <node begin="0" cat="smain" end="9" id="1" rel="--">
      <node begin="0" end="1" frame="proper_name(sg,'PER')" genus="zijd" getal="ev" graad="basis" his="normal" his_1="names_dictionary" id="2" lcat="np" lemma="Tom" naamval="stan" neclass="PER" ntype="eigen" num="sg" pos="name" postag="N(eigen,ev,basis,zijd,stan)" pt="n" rel="su" rnum="sg" root="Tom" sense="Tom" word="Tom"/>
      <node begin="1" end="2" frame="verb(hebben,past(sg),np_vp_obj)" his="normal" his_1="normal" id="3" infl="sg" lcat="smain" lemma="vragen" pos="verb" postag="WW(pv,verl,ev)" pt="ww" pvagr="ev" pvtijd="verl" rel="hd" root="vraag" sc="np_vp_obj" sense="vraag" stype="declarative" tense="past" v_per="thi" word="vroeg" wvorm="pv"/>
      <node begin="2" end="3" frame="proper_name(sg,'PER')" genus="zijd" getal="ev" graad="basis" his="normal" his_1="names_dictionary" id="4" index="1" lcat="np" lemma="Mary" naamval="stan" neclass="PER" ntype="eigen" num="sg" pos="name" postag="N(eigen,ev,basis,zijd,stan)" pt="n" rel="obj2" rnum="sg" root="Mary" sense="Mary" word="Mary"/>
      <node begin="2" cat="oti" end="9" id="5" rel="vc">
        <node begin="3" end="4" frame="complementizer(om)" his="normal" his_1="normal" id="6" lcat="oti" lemma="om" pos="comp" postag="VZ(init)" pt="vz" rel="cmp" root="om" sc="om" sense="om" vztype="init" word="om"/>
        <node begin="2" cat="ti" end="9" id="7" rel="body">
          <node begin="7" end="8" frame="complementizer(te)" his="normal" his_1="normal" id="8" lcat="ti" lemma="te" pos="comp" postag="VZ(init)" pt="vz" rel="cmp" root="te" sc="te" sense="te" vztype="init" word="te"/>
          <node begin="2" cat="inf" end="9" id="9" rel="body">
            <node begin="2" end="3" id="10" index="1" rel="su"/>
            <node begin="4" cat="np" end="6" id="11" rel="obj1">
              <node begin="4" end="5" frame="determiner(wat,nwh,mod,pro,nparg,ntopicpro)" getal="ev" his="normal" his_1="normal" id="12" infl="wat" lcat="detp" lemma="wat" naamval="stan" pdtype="pron" persoon="3o" pos="det" postag="VNW(onbep,pron,stan,vol,3o,ev)" pt="vnw" rel="det" root="wat" sense="wat" status="vol" vwtype="onbep" wh="nwh" word="wat"/>
              <node begin="5" end="6" frame="noun(de,count,sg)" gen="de" genus="zijd" getal="ev" graad="basis" his="normal" his_1="normal" id="13" lcat="np" lemma="tandpasta" naamval="stan" ntype="soort" num="sg" pos="noun" postag="N(soort,ev,basis,zijd,stan)" pt="n" rel="hd" rnum="sg" root="tandpasta" sense="tandpasta" word="tandpasta"/>
            </node>
            <node begin="6" end="7" frame="particle(op)" his="normal" his_1="normal" id="14" lcat="part" lemma="op" pos="part" postag="VZ(fin)" pt="vz" rel="svp" root="op" sense="op" vztype="fin" word="op"/>
            <node begin="8" buiging="zonder" end="9" frame="verb(hebben,inf,part_transitive(op))" his="normal" his_1="normal" id="15" infl="inf" lcat="inf" lemma="op_halen" pos="verb" positie="vrij" postag="WW(inf,vrij,zonder)" pt="ww" rel="hd" root="haal_op" sc="part_transitive(op)" sense="haal_op" word="halen" wvorm="inf"/>
          </node>
        </node>
      </node>
    </node>
  </node>
  <sentence sentid="188">Tom vroeg Mary om wat tandpasta op te halen</sentence>
  <comments>
    <comment>Q#188|Tom vroeg Mary om wat tandpasta op te halen|1|1|-1.4239102309000025</comment>
  </comments>
</alpino_ds>
