<?xml version="1.0" encoding="UTF-8"?>
<alpino_ds version="1.15">
  <parser build="Alpino-x86_64-linux-glibc2.5-git1006-sicstus" date="2023-09-25T08:37" cats="1" skips="0" />
  <node begin="0" cat="top" end="12" id="0" rel="top">
    <node begin="0" cat="smain" end="11" id="1" rel="--">
      <node begin="0" end="1" frame="proper_name(sg,'PER')" genus="zijd" getal="ev" graad="basis" his="normal" his_1="names_dictionary" id="2" lcat="np" lemma="Tom" naamval="stan" neclass="PER" ntype="eigen" num="sg" pos="name" postag="N(eigen,ev,basis,zijd,stan)" pt="n" rel="su" rnum="sg" root="Tom" sense="Tom" word="Tom"/>
      <node begin="1" end="2" frame="verb(hebben,past(sg),np_sbar)" his="normal" his_1="normal" id="3" infl="sg" lcat="smain" lemma="vragen" pos="verb" postag="WW(pv,verl,ev)" pt="ww" pvagr="ev" pvtijd="verl" rel="hd" root="vraag" sc="np_sbar" sense="vraag" stype="declarative" tense="past" v_per="thi" word="vroeg" wvorm="pv"/>
      <node begin="2" case="dat_acc" def="def" end="3" frame="pronoun(nwh,fir,sg,de,dat_acc,def,wkpro)" gen="de" getal="ev" his="normal" his_1="normal" id="4" lcat="np" lemma="me" naamval="obl" num="sg" pdtype="pron" per="fir" persoon="1" pos="pron" postag="VNW(pr,pron,obl,red,1,ev)" pt="vnw" rel="obj2" rnum="sg" root="me" sense="me" special="wkpro" status="red" vwtype="pr" wh="nwh" word="me"/>
      <node begin="3" cat="cp" end="11" id="5" rel="vc">
        <node begin="3" conjtype="onder" end="4" frame="complementizer(of)" his="normal" his_1="normal" id="6" lcat="cp" lemma="of" pos="comp" postag="VG(onder)" pt="vg" rel="cmp" root="of" sc="of" sense="of" word="of"/>
        <node begin="4" cat="ssub" end="11" id="7" rel="body">
          <node begin="4" case="nom" def="def" end="5" frame="pronoun(nwh,fir,sg,de,nom,def)" gen="de" getal="ev" his="normal" his_1="normal" id="8" lcat="np" lemma="ik" naamval="nomin" num="sg" pdtype="pron" per="fir" persoon="1" pos="pron" postag="VNW(pers,pron,nomin,vol,1,ev)" pt="vnw" rel="su" rnum="sg" root="ik" sense="ik" status="vol" vwtype="pers" wh="nwh" word="ik"/>
          <node begin="5" cat="np" end="10" id="9" rel="obj1">
            <node begin="5" end="6" frame="determiner(wat,nwh,mod,pro,nparg,ntopicpro)" getal="ev" his="normal" his_1="normal" id="10" infl="wat" lcat="detp" lemma="wat" naamval="stan" pdtype="pron" persoon="3o" pos="det" postag="VNW(onbep,pron,stan,vol,3o,ev)" pt="vnw" rel="det" root="wat" sense="wat" status="vol" vwtype="onbep" wh="nwh" word="wat"/>
            <node begin="6" end="7" frame="noun(de,count,sg)" gen="de" genus="zijd" getal="ev" graad="basis" his="normal" his_1="normal" id="11" lcat="np" lemma="smaakmaker" naamval="stan" ntype="soort" num="sg" pos="noun" postag="N(soort,ev,basis,zijd,stan)" pt="n" rel="hd" rnum="sg" root="smaakmaker" sense="smaakmaker" word="smaakmaker"/>
            <node begin="7" cat="pp" end="10" id="12" rel="mod">
              <node begin="7" end="8" frame="preposition(op,[af,na])" his="normal" his_1="normal" id="13" lcat="pp" lemma="op" pos="prep" postag="VZ(init)" pt="vz" rel="hd" root="op" sense="op" vztype="init" word="op"/>
              <node begin="8" cat="np" end="10" id="14" rel="obj1">
                <node begin="8" buiging="zonder" end="9" frame="determiner(pron)" getal="ev" his="normal" his_1="normal" id="15" infl="pron" lcat="detp" lemma="mijn" naamval="stan" npagr="agr" pdtype="det" persoon="1" pos="det" positie="prenom" postag="VNW(bez,det,stan,vol,1,ev,prenom,zonder,agr)" pron="true" pt="vnw" rel="det" root="mijn" sense="mijn" status="vol" vwtype="bez" word="mijn"/>
                <node begin="9" end="10" frame="noun(de,count,sg)" gen="de" genus="zijd" getal="ev" graad="basis" his="normal" his_1="normal" id="16" lcat="np" lemma="hamburger" naamval="stan" ntype="soort" num="sg" pos="noun" postag="N(soort,ev,basis,zijd,stan)" pt="n" rel="hd" rnum="sg" root="hamburger" sense="hamburger" word="hamburger"/>
              </node>
            </node>
          </node>
          <node begin="10" end="11" frame="verb(hebben,past(sg),transitive_ndev_ndev)" his="normal" his_1="normal" id="17" infl="sg" lcat="ssub" lemma="willen" pos="verb" postag="WW(pv,verl,ev)" pt="ww" pvagr="ev" pvtijd="verl" rel="hd" root="wil" sc="transitive_ndev_ndev" sense="wil" tense="past" v_per="fir" word="wilde" wvorm="pv"/>
        </node>
      </node>
    </node>
    <node begin="11" end="12" frame="punct(punt)" his="normal" his_1="normal" id="18" lcat="punct" lemma="." pos="punct" postag="LET()" pt="let" rel="--" root="." sense="." special="punt" word="."/>
  </node>
  <sentence sentid="197">Tom vroeg me of ik wat smaakmaker op mijn hamburger wilde .</sentence>
  <comments>
    <comment>Q#197|Tom vroeg me of ik wat smaakmaker op mijn hamburger wilde .|1|1|-2.682514968500002</comment>
  </comments>
</alpino_ds>
