<?xml version="1.0" encoding="UTF-8"?>
<alpino_ds version="1.15">
  <parser build="Alpino-x86_64-linux-glibc2.5-git1006-sicstus" date="2023-09-25T08:37" cats="1" skips="0" />
  <node begin="0" cat="top" end="11" id="0" rel="top">
    <node begin="0" cat="conj" end="10" id="1" rel="--">
      <node begin="0" cat="smain" end="6" id="2" rel="cnj">
        <node begin="0" end="1" frame="proper_name(sg,'PER')" genus="zijd" getal="ev" graad="basis" his="normal" his_1="names_dictionary" id="3" lcat="np" lemma="Tom" naamval="stan" neclass="PER" ntype="eigen" num="sg" pos="name" postag="N(eigen,ev,basis,zijd,stan)" pt="n" rel="su" rnum="sg" root="Tom" sense="Tom" word="Tom"/>
        <node begin="1" end="2" frame="verb(hebben,past(sg),np_np)" his="normal" his_1="normal" id="4" infl="sg" lcat="smain" lemma="stellen" pos="verb" postag="WW(pv,verl,ev)" pt="ww" pvagr="ev" pvtijd="verl" rel="hd" root="stel" sc="np_np" sense="stel" stype="declarative" tense="past" v_per="thi" word="stelde" wvorm="pv"/>
        <node begin="2" case="dat_acc" def="def" end="3" frame="pronoun(nwh,fir,pl,de,dat_acc,def)" gen="de" getal="mv" his="normal" his_1="normal" id="5" lcat="np" lemma="ons" naamval="obl" num="pl" pdtype="pron" per="fir" persoon="1" pos="pron" postag="VNW(pr,pron,obl,vol,1,mv)" pt="vnw" rel="obj2" rnum="pl" root="ons" sense="ons" status="vol" vwtype="pr" wh="nwh" word="ons"/>
        <node begin="3" cat="np" end="6" id="6" rel="obj1">
          <node begin="3" cat="np" end="5" his="normal" his_1="normal" id="7" rel="det">
            <node begin="3" end="4" frame="determiner(een)" id="8" infl="een" lcat="detp" lemma="een" lwtype="onbep" naamval="stan" npagr="agr" pos="det" postag="LID(onbep,stan,agr)" pt="lid" rel="det" root="een" sense="een" word="een"/>
            <node begin="4" end="5" frame="noun(both,both,sg)" gen="both" genus="onz" getal="ev" graad="basis" id="9" lcat="np" lemma="paar" naamval="stan" ntype="soort" num="sg" pos="noun" postag="N(soort,ev,basis,onz,stan)" pt="n" rel="hd" root="paar" sense="paar" word="paar"/>
          </node>
          <node begin="5" end="6" frame="noun(de,count,pl)" gen="de" getal="mv" graad="basis" his="normal" his_1="normal" id="10" lcat="np" lemma="vraag" ntype="soort" num="pl" pos="noun" postag="N(soort,mv,basis)" pt="n" rel="hd" rnum="pl" root="vraag" sense="vraag" word="vragen"/>
        </node>
      </node>
      <node begin="6" conjtype="neven" end="7" frame="conj(en)" his="normal" his_1="normal" id="11" lcat="vg" lemma="en" pos="vg" postag="VG(neven)" pt="vg" rel="crd" root="en" sense="en" word="en"/>
      <node begin="7" cat="smain" end="10" id="12" rel="cnj">
        <node begin="7" case="nom" def="def" end="8" frame="pronoun(nwh,fir,pl,de,nom,def)" gen="de" getal="mv" his="normal" his_1="normal" id="13" lcat="np" lemma="wij" naamval="nomin" num="pl" pdtype="pron" per="fir" persoon="1" pos="pron" postag="VNW(pers,pron,nomin,vol,1,mv)" pt="vnw" rel="su" rnum="pl" root="wij" sense="wij" status="vol" vwtype="pers" wh="nwh" word="wij"/>
        <node begin="8" end="9" frame="verb(hebben,past(pl),transitive)" his="normal" his_1="normal" id="14" infl="pl" lcat="smain" lemma="beantwoorden" pos="verb" postag="WW(pv,verl,mv)" pt="ww" pvagr="mv" pvtijd="verl" rel="hd" root="beantwoord" sc="transitive" sense="beantwoord" stype="declarative" tense="past" v_per="fir" word="beantwoordden" wvorm="pv"/>
        <node begin="9" case="both" def="def" end="10" frame="pronoun(nwh,thi,both,de,both,def,wkpro)" gen="de" getal="mv" his="normal" his_1="normal" id="15" lcat="np" lemma="ze" naamval="stan" num="both" pdtype="pron" per="thi" persoon="3" pos="pron" postag="VNW(pers,pron,stan,red,3,mv)" pt="vnw" rel="obj1" rnum="pl" root="ze" sense="ze" special="wkpro" status="red" vwtype="pers" wh="nwh" word="ze"/>
      </node>
    </node>
    <node begin="10" end="11" frame="punct(punt)" his="normal" his_1="normal" id="16" lcat="punct" lemma="." pos="punct" postag="LET()" pt="let" rel="--" root="." sense="." special="punt" word="."/>
  </node>
  <sentence sentid="204">Tom stelde ons een paar vragen en wij beantwoordden ze .</sentence>
  <comments>
    <comment>Q#204|Tom stelde ons een paar vragen en wij beantwoordden ze .|1|1|-2.4635519895999995</comment>
  </comments>
</alpino_ds>
