<?xml version="1.0" encoding="UTF-8"?>
<alpino_ds version="1.15">
  <parser build="Alpino-x86_64-linux-glibc2.5-git1006-sicstus" date="2023-09-25T08:37" cats="1" skips="0" />
  <node begin="0" cat="top" end="14" id="0" rel="top">
    <node begin="0" cat="smain" end="13" id="1" rel="--">
      <node begin="0" end="1" frame="proper_name(sg,'PER')" genus="zijd" getal="ev" graad="basis" his="normal" his_1="names_dictionary" id="2" lcat="np" lemma="Tom" naamval="stan" neclass="PER" ntype="eigen" num="sg" pos="name" postag="N(eigen,ev,basis,zijd,stan)" pt="n" rel="su" rnum="sg" root="Tom" sense="Tom" word="Tom"/>
      <node begin="1" end="2" frame="verb(hebben,past(sg),pred_np)" his="normal" his_1="normal" id="3" infl="sg" lcat="smain" lemma="maken" pos="verb" postag="WW(pv,verl,ev)" pt="ww" pvagr="ev" pvtijd="verl" rel="hd" root="maak" sc="pred_np" sense="maak" stype="declarative" tense="past" v_per="thi" word="maakte" wvorm="pv"/>
      <node begin="2" end="3" frame="proper_name(sg,'PER')" genus="zijd" getal="ev" graad="basis" his="normal" his_1="names_dictionary" id="4" lcat="np" lemma="Mary" naamval="stan" neclass="PER" ntype="eigen" num="sg" pos="name" postag="N(eigen,ev,basis,zijd,stan)" pt="n" rel="obj1" rnum="sg" root="Mary" sense="Mary" word="Mary"/>
      <node aform="base" begin="3" buiging="zonder" end="4" frame="adjective(no_e(adv))" graad="basis" his="normal" his_1="normal" id="5" infl="no_e" lcat="ap" lemma="kwaadaardig" pos="adj" positie="vrij" postag="ADJ(vrij,basis,zonder)" pt="adj" rel="predc" root="kwaadaardig" sense="kwaadaardig" vform="adj" word="kwaadaardig"/>
      <node begin="4" cat="pp" end="10" id="6" rel="mod">
        <node begin="4" end="5" frame="preposition(tegen,[aan,in,op])" his="normal" his_1="normal" id="7" lcat="pp" lemma="tegen" pos="prep" postag="VZ(init)" pt="vz" rel="hd" root="tegen" sense="tegen" vztype="init" word="tegen"/>
        <node begin="5" cat="conj" end="10" id="8" rel="obj1">
          <node begin="5" cat="np" end="8" id="9" rel="cnj">
            <node begin="5" cat="detp" end="7" id="10" index="1" rel="det">
              <node begin="5" buiging="zonder" end="6" frame="pre_det_quant(al)" his="normal" his_1="normal" id="11" infl="al" lcat="detp" lemma="al" naamval="stan" pdtype="det" pos="det" positie="vrij" postag="VNW(onbep,det,stan,vrij,zonder)" pt="vnw" rel="mod" root="al" sense="al" special="pre_det_quant" vwtype="onbep" word="al"/>
              <node begin="6" buiging="zonder" end="7" frame="determiner(pron)" getal="ev" his="normal" his_1="normal" id="12" infl="pron" lcat="detp" lemma="zijn" naamval="stan" npagr="agr" pdtype="det" persoon="3" pos="det" positie="prenom" postag="VNW(bez,det,stan,vol,3,ev,prenom,zonder,agr)" pron="true" pt="vnw" rel="hd" root="zijn" sense="zijn" status="vol" vwtype="bez" word="zijn"/>
            </node>
            <node begin="7" end="8" frame="noun(de,count,pl)" gen="de" getal="mv" graad="basis" his="normal" his_1="normal" id="13" lcat="np" lemma="vriend" ntype="soort" num="pl" pos="noun" postag="N(soort,mv,basis)" pt="n" rel="hd" rnum="pl" root="vriend" sense="vriend" word="vrienden"/>
          </node>
          <node begin="8" conjtype="neven" end="9" frame="conj(en)" his="normal" his_1="normal" id="14" lcat="vg" lemma="en" pos="vg" postag="VG(neven)" pt="vg" rel="crd" root="en" sense="en" word="en"/>
          <node begin="5" cat="np" end="10" id="15" rel="cnj">
            <node begin="5" end="7" id="16" index="1" rel="det"/>
            <node begin="9" end="10" frame="noun(de,count,sg)" gen="de" genus="zijd" getal="ev" graad="basis" his="normal" his_1="normal" id="17" lcat="np" lemma="familie" naamval="stan" ntype="soort" num="sg" pos="noun" postag="N(soort,ev,basis,zijd,stan)" pt="n" rel="hd" rnum="sg" root="familie" sense="familie" word="familie"/>
          </node>
        </node>
      </node>
      <node begin="10" cat="pp" end="13" id="18" rel="mod">
        <node begin="10" end="11" frame="preposition(na,[])" his="normal" his_1="normal" id="19" lcat="pp" lemma="na" pos="prep" postag="VZ(init)" pt="vz" rel="hd" root="na" sense="na" vztype="init" word="na"/>
        <node begin="11" cat="np" end="13" id="20" rel="obj1">
          <node begin="11" buiging="zonder" end="12" frame="determiner(pron)" getal="mv" his="normal" his_1="normal" id="21" infl="pron" lcat="detp" lemma="hun" naamval="stan" npagr="agr" pdtype="det" persoon="3" pos="det" positie="prenom" postag="VNW(bez,det,stan,vol,3,mv,prenom,zonder,agr)" pron="true" pt="vnw" rel="det" root="hun" sense="hun" status="vol" vwtype="bez" word="hun"/>
          <node begin="12" buiging="zonder" end="13" frame="v_noun(intransitive)" getal-n="zonder-n" his="normal" his_1="part-V" id="22" lcat="np" lemma="uiteen_vallen" pos="verb" positie="nom" postag="WW(inf,nom,zonder,zonder-n)" pt="ww" rel="hd" rnum="sg" root="val_uiteen" sc="intransitive" sense="val_uiteen" special="v_noun" word="uiteenvallen" wvorm="inf"/>
        </node>
      </node>
    </node>
    <node begin="13" end="14" frame="punct(punt)" his="normal" his_1="normal" id="23" lcat="punct" lemma="." pos="punct" postag="LET()" pt="let" rel="--" root="." sense="." special="punt" word="."/>
  </node>
  <sentence sentid="235">Tom maakte Mary kwaadaardig tegen al zijn vrienden en familie na hun uiteenvallen .</sentence>
  <comments>
    <comment>Q#235|Tom maakte Mary kwaadaardig tegen al zijn vrienden en familie na hun uiteenvallen .|1|1|0.8876417415999984</comment>
  </comments>
</alpino_ds>
