<?xml version="1.0" encoding="UTF-8"?>
<alpino_ds version="1.15">
  <parser build="Alpino-x86_64-linux-glibc2.5-git1006-sicstus" date="2023-09-25T08:37" cats="1" skips="0" />
  <node begin="0" cat="top" end="9" id="0" rel="top">
    <node begin="0" cat="conj" end="8" id="1" rel="--">
      <node begin="0" cat="smain" end="4" id="2" rel="cnj">
        <node begin="0" end="1" frame="proper_name(sg,'PER')" genus="zijd" getal="ev" graad="basis" his="normal" his_1="names_dictionary" id="3" index="1" lcat="np" lemma="Tom" naamval="stan" neclass="PER" ntype="eigen" num="sg" pos="name" postag="N(eigen,ev,basis,zijd,stan)" pt="n" rel="su" rnum="sg" root="Tom" sense="Tom" word="Tom"/>
        <node begin="1" end="2" frame="verb(unacc,past(sg),ld_pp)" his="normal" his_1="normal" id="4" infl="sg" lcat="smain" lemma="raken" pos="verb" postag="WW(pv,verl,ev)" pt="ww" pvagr="ev" pvtijd="verl" rel="hd" root="raak" sc="ld_pp" sense="raak" tense="past" v_per="thi" word="raakte" wvorm="pv"/>
        <node begin="2" cat="pp" end="4" id="5" rel="ld">
          <node begin="2" end="3" frame="preposition(van,[af,uit,vandaan,[af,aan]])" his="normal" his_1="normal" id="6" lcat="pp" lemma="van" pos="prep" postag="VZ(init)" pt="vz" rel="hd" root="van" sense="van" vztype="init" word="van"/>
          <node begin="3" end="4" frame="noun(de,count,sg)" gen="de" genus="zijd" getal="ev" graad="basis" his="normal" his_1="normal" id="7" lcat="np" lemma="streek" naamval="stan" ntype="soort" num="sg" pos="noun" postag="N(soort,ev,basis,zijd,stan)" pt="n" rel="obj1" rnum="sg" root="streek" sense="streek" word="streek"/>
        </node>
      </node>
      <node begin="4" conjtype="neven" end="5" frame="conj(en)" his="normal" his_1="normal" id="8" lcat="vg" lemma="en" pos="vg" postag="VG(neven)" pt="vg" rel="crd" root="en" sense="en" word="en"/>
      <node begin="0" cat="smain" end="8" id="9" rel="cnj">
        <node begin="0" end="1" id="10" index="1" rel="su"/>
        <node begin="5" end="6" frame="verb(zijn,past(sg),aux(te_inf))" his="normal" his_1="normal" id="11" infl="sg" lcat="smain" lemma="beginnen" pos="verb" postag="WW(pv,verl,ev)" pt="ww" pvagr="ev" pvtijd="verl" rel="hd" root="begin" sc="aux(te_inf)" sense="begin" tense="past" v_per="thi" word="begon" wvorm="pv"/>
        <node begin="0" cat="ti" end="8" id="12" rel="vc">
          <node begin="6" end="7" frame="complementizer(te)" his="normal" his_1="normal" id="13" lcat="ti" lemma="te" pos="comp" postag="VZ(init)" pt="vz" rel="cmp" root="te" sc="te" sense="te" vztype="init" word="te"/>
          <node begin="0" cat="inf" end="8" id="14" rel="body">
            <node begin="0" end="1" id="15" index="1" rel="su"/>
            <node begin="7" buiging="zonder" end="8" frame="verb(hebben,inf,intransitive)" his="normal" his_1="normal" id="16" infl="inf" lcat="inf" lemma="huilen" pos="verb" positie="vrij" postag="WW(inf,vrij,zonder)" pt="ww" rel="hd" root="huil" sc="intransitive" sense="huil" word="huilen" wvorm="inf"/>
          </node>
        </node>
      </node>
    </node>
    <node begin="8" end="9" frame="punct(punt)" his="normal" his_1="normal" id="17" lcat="punct" lemma="." pos="punct" postag="LET()" pt="let" rel="--" root="." sense="." special="punt" word="."/>
  </node>
  <sentence sentid="241">Tom raakte van streek en begon te huilen .</sentence>
  <comments>
    <comment>Q#241|Tom raakte van streek en begon te huilen .|1|1|2.2498805831999995</comment>
  </comments>
</alpino_ds>
