<?xml version="1.0" encoding="UTF-8"?>
<alpino_ds version="1.15">
  <parser build="Alpino-x86_64-linux-glibc2.5-git1006-sicstus" date="2023-09-25T08:37" cats="1" skips="0" />
  <node begin="0" cat="top" end="8" id="0" rel="top">
    <node begin="0" cat="smain" end="7" id="1" rel="--">
      <node begin="0" end="1" frame="proper_name(sg,'PER')" genus="zijd" getal="ev" graad="basis" his="normal" his_1="names_dictionary" id="2" index="1" lcat="np" lemma="Tom" naamval="stan" neclass="PER" ntype="eigen" num="sg" pos="name" postag="N(eigen,ev,basis,zijd,stan)" pt="n" rel="su" rnum="sg" root="Tom" sense="Tom" word="Tom"/>
      <node begin="1" end="2" frame="verb(zijn,past(sg),aux(te_inf))" his="normal" his_1="normal" id="3" infl="sg" lcat="smain" lemma="beginnen" pos="verb" postag="WW(pv,verl,ev)" pt="ww" pvagr="ev" pvtijd="verl" rel="hd" root="begin" sc="aux(te_inf)" sense="begin" stype="declarative" tense="past" v_per="thi" word="begon" wvorm="pv"/>
      <node begin="0" cat="ti" end="7" id="4" rel="vc">
        <node begin="5" end="6" frame="complementizer(te)" his="normal" his_1="normal" id="5" lcat="ti" lemma="te" pos="comp" postag="VZ(init)" pt="vz" rel="cmp" root="te" sc="te" sense="te" vztype="init" word="te"/>
        <node begin="0" cat="inf" end="7" id="6" rel="body">
          <node begin="0" end="1" id="7" index="1" rel="su"/>
          <node begin="2" end="3" frame="proper_name(sg,'PER')" genus="zijd" getal="ev" graad="basis" his="normal" his_1="names_dictionary" id="8" lcat="np" lemma="Mary" naamval="stan" neclass="PER" ntype="eigen" num="sg" pos="name" postag="N(eigen,ev,basis,zijd,stan)" pt="n" rel="obj1" rnum="sg" root="Mary" sense="Mary" word="Mary"/>
          <node begin="3" cat="ap" end="5" id="9" rel="predc">
            <node begin="3" end="4" frame="adverb" his="normal" his_1="normal" id="10" lcat="advp" lemma="steeds" pos="adv" postag="BW()" pt="bw" rel="mod" root="steeds" sense="steeds" word="steeds"/>
            <node aform="compar" begin="4" buiging="zonder" end="5" frame="adjective(er(adv))" graad="comp" his="normal" his_1="normal" id="11" infl="no_e" lcat="ap" lemma="leuk" pos="adj" positie="vrij" postag="ADJ(vrij,comp,zonder)" pt="adj" rel="hd" root="leuk" sense="leuk" vform="adj" word="leuker"/>
          </node>
          <node begin="6" buiging="zonder" end="7" frame="verb(hebben,inf,pred_np)" his="normal" his_1="normal" id="12" infl="inf" lcat="inf" lemma="vinden" pos="verb" positie="vrij" postag="WW(inf,vrij,zonder)" pt="ww" rel="hd" root="vind" sc="pred_np" sense="vind" word="vinden" wvorm="inf"/>
        </node>
      </node>
    </node>
    <node begin="7" end="8" frame="punct(punt)" his="normal" his_1="normal" id="13" lcat="punct" lemma="." pos="punct" postag="LET()" pt="let" rel="--" root="." sense="." special="punt" word="."/>
  </node>
  <sentence sentid="243">Tom begon Mary steeds leuker te vinden .</sentence>
  <comments>
    <comment>Q#243|Tom begon Mary steeds leuker te vinden .|1|1|-1.495192553500001</comment>
  </comments>
</alpino_ds>
