<?xml version="1.0" encoding="UTF-8"?>
<alpino_ds version="1.15">
  <parser build="Alpino-x86_64-linux-glibc2.5-git1006-sicstus" date="2023-09-25T08:37" cats="1" skips="0" />
  <node begin="0" cat="top" end="7" id="0" rel="top">
    <node begin="0" cat="smain" end="7" id="1" rel="--">
      <node begin="0" end="1" frame="proper_name(sg,'PER')" genus="zijd" getal="ev" graad="basis" his="normal" his_1="names_dictionary" id="2" index="1" lcat="np" lemma="Tom" naamval="stan" neclass="PER" ntype="eigen" num="sg" pos="name" postag="N(eigen,ev,basis,zijd,stan)" pt="n" rel="su" rnum="sg" root="Tom" sense="Tom" word="Tom"/>
      <node begin="1" end="2" frame="verb(zijn,past(sg),aux(te_inf))" his="normal" his_1="normal" id="3" infl="sg" lcat="smain" lemma="beginnen" pos="verb" postag="WW(pv,verl,ev)" pt="ww" pvagr="ev" pvtijd="verl" rel="hd" root="begin" sc="aux(te_inf)" sense="begin" stype="declarative" tense="past" v_per="thi" word="begon" wvorm="pv"/>
      <node begin="0" cat="ti" end="7" id="4" rel="vc">
        <node begin="5" end="6" frame="complementizer(te)" his="normal" his_1="normal" id="5" lcat="ti" lemma="te" pos="comp" postag="VZ(init)" pt="vz" rel="cmp" root="te" sc="te" sense="te" vztype="init" word="te"/>
        <node begin="0" cat="inf" end="7" id="6" rel="body">
          <node begin="0" end="1" id="7" index="1" rel="su"/>
          <node begin="2" cat="np" end="5" id="8" rel="obj1">
            <node begin="2" buiging="zonder" end="3" frame="determiner(pron)" getal="ev" his="normal" his_1="normal" id="9" infl="pron" lcat="detp" lemma="zijn" naamval="stan" npagr="agr" pdtype="det" persoon="3" pos="det" positie="prenom" postag="VNW(bez,det,stan,vol,3,ev,prenom,zonder,agr)" pron="true" pt="vnw" rel="det" root="zijn" sense="zijn" status="vol" vwtype="bez" word="zijn"/>
            <node aform="base" begin="3" buiging="met-e" end="4" frame="adjective(e)" graad="basis" his="normal" his_1="normal" id="10" infl="e" lcat="ap" lemma="favoriet" naamval="stan" pos="adj" positie="prenom" postag="ADJ(prenom,basis,met-e,stan)" pt="adj" rel="mod" root="favoriet" sense="favoriet" vform="adj" word="favoriete"/>
            <node begin="4" end="5" frame="noun(het,count,sg)" gen="het" genus="onz" getal="ev" graad="dim" his="normal" his_1="normal" id="11" lcat="np" lemma="lied" naamval="stan" ntype="soort" num="sg" pos="noun" postag="N(soort,ev,dim,onz,stan)" pt="n" rel="hd" rnum="sg" root="lied_DIM" sense="lied_DIM" word="liedje"/>
          </node>
          <node begin="6" buiging="zonder" end="7" frame="verb(hebben,inf,transitive)" his="normal" his_1="normal" id="12" infl="inf" lcat="inf" lemma="zingen" pos="verb" positie="vrij" postag="WW(inf,vrij,zonder)" pt="ww" rel="hd" root="zing" sc="transitive" sense="zing" word="zingen" wvorm="inf"/>
        </node>
      </node>
    </node>
  </node>
  <sentence sentid="244">Tom begon zijn favoriete liedje te zingen</sentence>
  <comments>
    <comment>Q#244|Tom begon zijn favoriete liedje te zingen|1|1|-4.318682563400001</comment>
  </comments>
</alpino_ds>
