<?xml version="1.0" encoding="UTF-8"?>
<alpino_ds version="1.15">
  <parser build="Alpino-x86_64-linux-glibc2.5-git1006-sicstus" date="2023-09-25T08:37" cats="2" skips="1" />
  <node begin="0" cat="top" end="13" id="0" rel="top">
    <node begin="9" end="10" frame="verb(hebben,past(sg),transitive)" his="robust_skip" id="1" infl="sg" lcat="--" lemma="harmoniseren" pos="verb" postag="WW(pv,verl,ev)" pt="ww" pvagr="ev" pvtijd="verl" rel="--" root="harmoniseer" sc="transitive" sense="harmoniseer" tense="past" word="harmoniseerde" wvorm="pv"/>
    <node begin="0" cat="du" end="12" id="2" rel="--">
      <node begin="0" cat="smain" end="9" id="3" rel="dp">
        <node begin="0" end="1" frame="proper_name(sg,'PER')" genus="zijd" getal="ev" graad="basis" his="normal" his_1="names_dictionary" id="4" index="1" lcat="np" lemma="Tom" naamval="stan" neclass="PER" ntype="eigen" num="sg" pos="name" postag="N(eigen,ev,basis,zijd,stan)" pt="n" rel="su" rnum="sg" root="Tom" sense="Tom" word="Tom"/>
        <node begin="1" end="2" frame="verb(zijn,past(sg),aux(te_inf))" his="normal" his_1="normal" id="5" infl="sg" lcat="smain" lemma="beginnen" pos="verb" postag="WW(pv,verl,ev)" pt="ww" pvagr="ev" pvtijd="verl" rel="hd" root="begin" sc="aux(te_inf)" sense="begin" stype="declarative" tense="past" v_per="thi" word="begon" wvorm="pv"/>
        <node begin="0" cat="ti" end="9" id="6" rel="vc">
          <node begin="5" end="6" frame="complementizer(te)" his="normal" his_1="normal" id="7" lcat="ti" lemma="te" pos="comp" postag="VZ(init)" pt="vz" rel="cmp" root="te" sc="te" sense="te" vztype="init" word="te"/>
          <node begin="0" cat="inf" end="9" id="8" rel="body">
            <node begin="0" end="1" id="9" index="1" rel="su"/>
            <node begin="6" buiging="zonder" end="7" frame="verb(hebben,inf,transitive)" his="normal" his_1="normal" id="10" infl="inf" lcat="inf" lemma="zingen" pos="verb" positie="vrij" postag="WW(inf,vrij,zonder)" pt="ww" rel="hd" root="zing" sc="transitive" sense="zing" word="zingen" wvorm="inf"/>
            <node begin="2" cat="conj" end="9" id="11" rel="obj1">
              <node begin="2" cat="np" end="5" id="12" rel="cnj">
                <node begin="2" buiging="zonder" end="3" frame="determiner(pron)" getal="ev" his="normal" his_1="normal" id="13" infl="pron" lcat="detp" lemma="zijn" naamval="stan" npagr="agr" pdtype="det" persoon="3" pos="det" positie="prenom" postag="VNW(bez,det,stan,vol,3,ev,prenom,zonder,agr)" pron="true" pt="vnw" rel="det" root="zijn" sense="zijn" status="vol" vwtype="bez" word="zijn"/>
                <node aform="base" begin="3" buiging="met-e" end="4" frame="adjective(e)" graad="basis" his="normal" his_1="normal" id="14" infl="e" lcat="ap" lemma="favoriet" naamval="stan" pos="adj" positie="prenom" postag="ADJ(prenom,basis,met-e,stan)" pt="adj" rel="mod" root="favoriet" sense="favoriet" vform="adj" word="favoriete"/>
                <node begin="4" end="5" frame="noun(het,count,sg)" gen="het" genus="onz" getal="ev" graad="dim" his="normal" his_1="normal" id="15" lcat="np" lemma="lied" naamval="stan" ntype="soort" num="sg" pos="noun" postag="N(soort,ev,dim,onz,stan)" pt="n" rel="hd" rnum="sg" root="lied_DIM" sense="lied_DIM" word="liedje"/>
              </node>
              <node begin="7" conjtype="neven" end="8" frame="conj(en)" his="normal" his_1="normal" id="16" lcat="vg" lemma="en" pos="vg" postag="VG(neven)" pt="vg" rel="crd" root="en" sense="en" word="en"/>
              <node begin="8" end="9" frame="proper_name(sg,'PER')" genus="zijd" getal="ev" graad="basis" his="normal" his_1="names_dictionary" id="17" lcat="np" lemma="Mary" naamval="stan" neclass="PER" ntype="eigen" num="sg" pos="name" postag="N(eigen,ev,basis,zijd,stan)" pt="n" rel="cnj" rnum="sg" root="Mary" sense="Mary" word="Mary"/>
            </node>
          </node>
        </node>
      </node>
      <node begin="10" cat="pp" end="12" id="18" rel="dp">
        <node begin="10" end="11" frame="preposition(met,[mee,[en,al]])" his="normal" his_1="normal" id="19" lcat="pp" lemma="met" pos="prep" postag="VZ(init)" pt="vz" rel="hd" root="met" sense="met" vztype="init" word="met"/>
        <node begin="11" case="dat_acc" def="def" end="12" frame="pronoun(nwh,thi,sg,de,dat_acc,def)" gen="de" genus="masc" getal="ev" his="normal" his_1="normal" id="20" lcat="np" lemma="hem" naamval="obl" num="sg" pdtype="pron" per="thi" persoon="3" pos="pron" postag="VNW(pers,pron,obl,vol,3,ev,masc)" pt="vnw" rel="obj1" rnum="sg" root="hem" sense="hem" status="vol" vwtype="pers" wh="nwh" word="hem"/>
      </node>
    </node>
    <node begin="12" end="13" frame="punct(punt)" his="robust_skip" id="21" lcat="--" lemma="." pos="punct" postag="LET()" pt="let" rel="--" root="." sense="." special="punt" word="."/>
  </node>
  <sentence sentid="245">Tom begon zijn favoriete liedje te zingen en Mary harmoniseerde met hem .</sentence>
  <comments>
    <comment>Q#245|Tom begon zijn favoriete liedje te zingen en Mary harmoniseerde met hem .|1|3|0.3280422300999972</comment>
  </comments>
</alpino_ds>
