<?xml version="1.0" encoding="UTF-8"?>
<alpino_ds version="1.15">
  <parser build="Alpino-x86_64-linux-glibc2.5-git1006-sicstus" date="2023-09-25T08:37" cats="1" skips="0" />
  <node begin="0" cat="top" end="7" id="0" rel="top">
    <node begin="0" cat="smain" end="7" id="1" rel="--">
      <node begin="0" end="1" frame="proper_name(sg,'PER')" genus="zijd" getal="ev" graad="basis" his="normal" his_1="names_dictionary" id="2" lcat="np" lemma="Tom" naamval="stan" neclass="PER" ntype="eigen" num="sg" pos="name" postag="N(eigen,ev,basis,zijd,stan)" pt="n" rel="su" rnum="sg" root="Tom" sense="Tom" word="Tom"/>
      <node begin="1" end="2" frame="verb(hebben,sg3,sbar)" his="normal" his_1="normal" id="3" infl="sg3" lcat="smain" lemma="geloven" pos="verb" postag="WW(pv,tgw,met-t)" pt="ww" pvagr="met-t" pvtijd="tgw" rel="hd" root="geloof" sc="sbar" sense="geloof" stype="declarative" tense="present" v_per="thi" word="gelooft" wvorm="pv"/>
      <node begin="2" cat="cp" end="7" id="4" rel="vc">
        <node begin="2" conjtype="onder" end="3" frame="complementizer(dat)" his="normal" his_1="normal" id="5" lcat="cp" lemma="dat" pos="comp" postag="VG(onder)" pt="vg" rel="cmp" root="dat" sc="dat" sense="dat" word="dat"/>
        <node begin="3" cat="ssub" end="7" id="6" rel="body">
          <node begin="3" end="4" frame="er_vp_adverb" getal="getal" his="normal" his_1="normal" id="7" lcat="advp" lemma="er" naamval="stan" pdtype="adv-pron" persoon="3" pos="adv" postag="VNW(aanw,adv-pron,stan,red,3,getal)" pt="vnw" rel="mod" root="er" sense="er" special="er" status="red" vwtype="aanw" word="er"/>
          <node begin="4" cat="np" end="6" id="8" rel="su">
            <node begin="4" end="5" frame="determiner(een)" his="normal" his_1="normal" id="9" infl="een" lcat="detp" lemma="een" lwtype="onbep" naamval="stan" npagr="agr" pos="det" postag="LID(onbep,stan,agr)" pt="lid" rel="det" root="een" sense="een" word="een"/>
            <node begin="5" end="6" frame="tmp_noun(de,count,sg)" gen="de" genus="zijd" getal="ev" graad="basis" his="normal" his_1="normal" id="10" lcat="np" lemma="tijd" naamval="stan" ntype="soort" num="sg" pos="noun" postag="N(soort,ev,basis,zijd,stan)" pt="n" rel="hd" rnum="sg" root="tijd" sense="tijd" special="tmp" word="tijd"/>
          </node>
          <node begin="6" end="7" frame="verb(unacc,sg_is,intransitive)" his="normal" his_1="normal" id="11" infl="sg_is" lcat="ssub" lemma="zijn" pos="verb" postag="WW(pv,tgw,ev)" pt="ww" pvagr="ev" pvtijd="tgw" rel="hd" root="ben" sc="intransitive" sense="ben" tense="present" v_per="thi" word="is" wvorm="pv"/>
        </node>
      </node>
    </node>
  </node>
  <sentence sentid="248">Tom gelooft dat er een tijd is</sentence>
  <comments>
    <comment>Q#248|Tom gelooft dat er een tijd is|1|1|-5.079206484899999</comment>
  </comments>
</alpino_ds>
