<?xml version="1.0" encoding="UTF-8"?>
<alpino_ds version="1.15">
  <parser build="Alpino-x86_64-linux-glibc2.5-git1006-sicstus" date="2023-09-25T08:37" cats="1" skips="0" />
  <node begin="0" cat="top" end="16" id="0" rel="top">
    <node begin="0" cat="conj" end="15" id="1" rel="--">
      <node begin="0" cat="smain" end="5" id="2" rel="cnj">
        <node begin="0" end="1" frame="proper_name(sg,'PER')" genus="zijd" getal="ev" graad="basis" his="normal" his_1="names_dictionary" id="3" lcat="np" lemma="Tom" naamval="stan" neclass="PER" ntype="eigen" num="sg" pos="name" postag="N(eigen,ev,basis,zijd,stan)" pt="n" rel="su" rnum="sg" root="Tom" sense="Tom" word="Tom"/>
        <node begin="1" end="2" frame="verb(hebben,past(sg),transitive)" his="normal" his_1="normal" id="4" infl="sg" lcat="smain" lemma="kopen" pos="verb" postag="WW(pv,verl,ev)" pt="ww" pvagr="ev" pvtijd="verl" rel="hd" root="koop" sc="transitive" sense="koop" stype="declarative" tense="past" v_per="thi" word="kocht" wvorm="pv"/>
        <node begin="2" cat="np" end="5" id="5" rel="obj1">
          <node begin="2" end="3" frame="determiner(een)" his="normal" his_1="normal" id="6" infl="een" lcat="detp" lemma="een" lwtype="onbep" naamval="stan" npagr="agr" pos="det" postag="LID(onbep,stan,agr)" pt="lid" rel="det" root="een" sense="een" word="een"/>
          <node begin="3" end="4" frame="noun(de,count,sg,measure)" gen="de" genus="zijd" getal="ev" graad="basis" his="normal" his_1="normal" id="7" lcat="np" lemma="zak" naamval="stan" ntype="soort" num="sg" pos="noun" postag="N(soort,ev,basis,zijd,stan)" pt="n" rel="hd" rnum="sg" root="zak" sc="measure" sense="zak" word="zak"/>
          <node begin="4" end="5" frame="noun(het,count,pl)" gen="het" getal="mv" graad="basis" his="normal" his_1="normal" id="8" lcat="np" lemma="appel" ntype="soort" num="pl" pos="noun" postag="N(soort,mv,basis)" pt="n" rel="mod" rnum="pl" root="appel" sense="appel" word="appels"/>
        </node>
      </node>
      <node begin="5" conjtype="neven" end="6" frame="conj(en)" his="normal" his_1="normal" id="9" lcat="vg" lemma="en" pos="vg" postag="VG(neven)" pt="vg" rel="crd" root="en" sense="en" word="en"/>
      <node begin="6" cat="smain" end="15" id="10" rel="cnj">
        <node begin="6" case="nom" def="def" end="7" frame="pronoun(nwh,thi,sg,de,nom,def)" gen="de" genus="masc" getal="ev" his="normal" his_1="normal" id="11" lcat="np" lemma="hij" naamval="nomin" num="sg" pdtype="pron" per="thi" persoon="3" pos="pron" postag="VNW(pers,pron,nomin,vol,3,ev,masc)" pt="vnw" rel="su" rnum="sg" root="hij" sense="hij" status="vol" vwtype="pers" wh="nwh" word="hij"/>
        <node begin="7" end="8" frame="verb(hebben,past(sg),np_pc_pp(van))" his="normal" his_1="normal" id="12" infl="sg" lcat="smain" lemma="eten" pos="verb" postag="WW(pv,verl,ev)" pt="ww" pvagr="ev" pvtijd="verl" rel="hd" root="eet" sc="np_pc_pp(van)" sense="eet-van" stype="declarative" tense="past" v_per="thi" word="at" wvorm="pv"/>
        <node begin="9" cat="np" end="11" id="13" rel="obj1">
          <node begin="9" end="10" frame="determiner(een)" his="normal" his_1="normal" id="14" infl="een" lcat="detp" lemma="een" lwtype="onbep" naamval="stan" npagr="agr" pos="det" postag="LID(onbep,stan,agr)" pt="lid" rel="det" root="een" sense="een" word="een"/>
          <node begin="10" end="11" frame="number(rang)" getal-n="zonder-n" his="normal" his_1="normal" id="15" lcat="np" lemma="drie" numtype="rang" pos="num" positie="nom" postag="TW(rang,nom,zonder-n)" pt="tw" rel="hd" rnum="sg" root="drie" sense="drie" word="derde"/>
        </node>
        <node begin="8" cat="pp" end="12" id="16" rel="pc">
          <node begin="8" end="9" frame="er_vp_adverb" getal="getal" his="normal" his_1="normal" id="17" lcat="advp" lemma="er" naamval="stan" pdtype="adv-pron" persoon="3" pos="adv" postag="VNW(aanw,adv-pron,stan,red,3,getal)" pt="vnw" rel="obj1" root="er" sense="er" special="er" status="red" vwtype="aanw" word="er"/>
          <node begin="11" end="12" frame="preposition(van,[af,uit,vandaan,[af,aan]])" his="normal" his_1="normal" id="18" lcat="pp" lemma="van" pos="prep" postag="VZ(fin)" pt="vz" rel="hd" root="van" sense="van" vztype="fin" word="van"/>
        </node>
        <node begin="12" cat="pp" end="15" id="19" rel="mod">
          <node begin="12" end="13" frame="preposition(op,[af,na])" his="normal" his_1="normal" id="20" lcat="pp" lemma="op" pos="prep" postag="VZ(init)" pt="vz" rel="hd" root="op" sense="op" vztype="init" word="op"/>
          <node begin="13" cat="np" end="15" id="21" rel="obj1">
            <node begin="13" end="14" frame="number(hoofd(sg_num))" his="normal" his_1="normal" id="22" infl="sg_num" lcat="detp" lemma="één" naamval="stan" numtype="hoofd" pos="num" positie="prenom" postag="TW(hoofd,prenom,stan)" pt="tw" rel="det" root="één" sense="één" word="één"/>
            <node begin="14" end="15" frame="tmp_noun(de,count,sg)" gen="de" genus="zijd" getal="ev" graad="basis" his="normal" his_1="normal" id="23" lcat="np" lemma="dag" naamval="stan" ntype="soort" num="sg" pos="noun" postag="N(soort,ev,basis,zijd,stan)" pt="n" rel="hd" rnum="sg" root="dag" sense="dag" special="tmp" word="dag"/>
          </node>
        </node>
      </node>
    </node>
    <node begin="15" end="16" frame="punct(punt)" his="normal" his_1="normal" id="24" lcat="punct" lemma="." pos="punct" postag="LET()" pt="let" rel="--" root="." sense="." special="punt" word="."/>
  </node>
  <sentence sentid="275">Tom kocht een zak appels en hij at er een derde van op één dag .</sentence>
  <comments>
    <comment>Q#275|Tom kocht een zak appels en hij at er een derde van op één dag .|1|1|-5.325242026200001</comment>
  </comments>
</alpino_ds>
