<?xml version="1.0" encoding="UTF-8"?>
<alpino_ds version="1.15">
  <parser build="Alpino-x86_64-linux-glibc2.5-git1006-sicstus" date="2023-09-25T08:37" cats="1" skips="0" />
  <node begin="0" cat="top" end="13" id="0" rel="top">
    <node begin="0" cat="smain" end="12" id="1" rel="--">
      <node begin="0" end="1" frame="proper_name(sg,'PER')" genus="zijd" getal="ev" graad="basis" his="normal" his_1="names_dictionary" id="2" lcat="np" lemma="Tom" naamval="stan" neclass="PER" ntype="eigen" num="sg" pos="name" postag="N(eigen,ev,basis,zijd,stan)" pt="n" rel="su" rnum="sg" root="Tom" sense="Tom" word="Tom"/>
      <node begin="1" end="2" frame="verb(hebben,past(sg),transitive)" his="normal" his_1="normal" id="3" infl="sg" lcat="smain" lemma="kopen" pos="verb" postag="WW(pv,verl,ev)" pt="ww" pvagr="ev" pvtijd="verl" rel="hd" root="koop" sc="transitive" sense="koop" stype="declarative" tense="past" v_per="thi" word="kocht" wvorm="pv"/>
      <node begin="2" cat="conj" end="8" id="4" rel="obj1">
        <node begin="2" cat="np" end="5" id="5" rel="cnj">
          <node begin="2" end="3" frame="determiner(een)" his="normal" his_1="normal" id="6" infl="een" lcat="detp" lemma="een" lwtype="onbep" naamval="stan" npagr="agr" pos="det" postag="LID(onbep,stan,agr)" pt="lid" rel="det" root="een" sense="een" word="een"/>
          <node begin="3" end="4" frame="noun(de,count,sg,measure)" gen="de" genus="zijd" getal="ev" graad="basis" his="normal" his_1="normal" id="7" lcat="np" lemma="fles" naamval="stan" ntype="soort" num="sg" pos="noun" postag="N(soort,ev,basis,zijd,stan)" pt="n" rel="hd" rnum="sg" root="fles" sc="measure" sense="fles" word="fles"/>
          <node begin="4" end="5" frame="noun(de,mass,sg)" gen="de" genus="zijd" getal="ev" graad="basis" his="normal" his_1="normal" id="8" lcat="np" lemma="wodka" naamval="stan" ntype="soort" num="sg" pos="noun" postag="N(soort,ev,basis,zijd,stan)" pt="n" rel="mod" rnum="sg" root="wodka" sense="wodka" word="wodka"/>
        </node>
        <node begin="5" conjtype="neven" end="6" frame="conj(en)" his="normal" his_1="normal" id="9" lcat="vg" lemma="en" pos="vg" postag="VG(neven)" pt="vg" rel="crd" root="en" sense="en" word="en"/>
        <node begin="6" cat="np" end="8" id="10" rel="cnj">
          <node begin="6" end="7" frame="determiner(wat,nwh,mod,pro,nparg,ntopicpro)" getal="ev" his="normal" his_1="normal" id="11" infl="wat" lcat="detp" lemma="wat" naamval="stan" pdtype="pron" persoon="3o" pos="det" postag="VNW(onbep,pron,stan,vol,3o,ev)" pt="vnw" rel="det" root="wat" sense="wat" status="vol" vwtype="onbep" wh="nwh" word="wat"/>
          <node begin="7" end="8" frame="noun(both,count,sg)" gen="both" genus="onz" getal="ev" graad="basis" his="normal" his_1="normal" id="12" lcat="np" lemma="parfum" naamval="stan" ntype="soort" num="sg" pos="noun" postag="N(soort,ev,basis,onz,stan)" pt="n" rel="hd" rnum="sg" root="parfum" sense="parfum" word="parfum"/>
        </node>
      </node>
      <node begin="8" cat="pp" end="12" id="13" rel="mod">
        <node begin="8" end="9" frame="preposition(bij,[vandaan])" his="normal" his_1="normal" id="14" lcat="pp" lemma="bij" pos="prep" postag="VZ(init)" pt="vz" rel="hd" root="bij" sense="bij" vztype="init" word="bij"/>
        <node begin="9" cat="np" end="12" id="15" rel="obj1">
          <node begin="9" end="10" frame="determiner(de)" his="normal" his_1="normal" id="16" infl="de" lcat="detp" lemma="de" lwtype="bep" naamval="stan" npagr="rest" pos="det" postag="LID(bep,stan,rest)" pt="lid" rel="det" root="de" sense="de" word="de"/>
          <node aform="base" begin="10" buiging="met-e" end="11" frame="adjective(e)" graad="basis" his="normal" his_1="normal" id="17" infl="e" lcat="ap" lemma="belastingvrij" naamval="stan" pos="adj" positie="prenom" postag="ADJ(prenom,basis,met-e,stan)" pt="adj" rel="mod" root="belastingvrij" sense="belastingvrij" vform="adj" word="belastingvrije"/>
          <node begin="11" end="12" frame="noun(both,both,both)" gen="both" genus="zijd" getal="ev" graad="basis" his="noun" id="18" lcat="np" lemma="hoedenmakerij" naamval="stan" ntype="soort" num="both" pos="noun" postag="N(soort,ev,basis,zijd,stan)" pt="n" rel="hd" rnum="sg" root="hoedenmakerij" sense="hoedenmakerij" word="hoedenmakerij"/>
        </node>
      </node>
    </node>
    <node begin="12" end="13" frame="punct(punt)" his="normal" his_1="normal" id="19" lcat="punct" lemma="." pos="punct" postag="LET()" pt="let" rel="--" root="." sense="." special="punt" word="."/>
  </node>
  <sentence sentid="334">Tom kocht een fles wodka en wat parfum bij de belastingvrije hoedenmakerij .</sentence>
  <comments>
    <comment>Q#334|Tom kocht een fles wodka en wat parfum bij de belastingvrije hoedenmakerij .|1|1|-5.3695987403</comment>
  </comments>
</alpino_ds>
