<?xml version="1.0" encoding="UTF-8"?>
<alpino_ds version="1.15">
  <parser build="Alpino-x86_64-linux-glibc2.5-git1006-sicstus" date="2023-09-25T08:37" cats="1" skips="0" />
  <node begin="0" cat="top" end="8" id="0" rel="top">
    <node begin="0" cat="smain" end="7" id="1" rel="--">
      <node begin="0" end="1" frame="proper_name(sg,'PER')" genus="zijd" getal="ev" graad="basis" his="normal" his_1="names_dictionary" id="2" lcat="np" lemma="Tom" naamval="stan" neclass="PER" ntype="eigen" num="sg" pos="name" postag="N(eigen,ev,basis,zijd,stan)" pt="n" rel="su" rnum="sg" root="Tom" sense="Tom" word="Tom"/>
      <node begin="1" end="2" frame="verb(hebben,past(sg),transitive)" his="normal" his_1="normal" id="3" infl="sg" lcat="smain" lemma="kopen" pos="verb" postag="WW(pv,verl,ev)" pt="ww" pvagr="ev" pvtijd="verl" rel="hd" root="koop" sc="transitive" sense="koop" stype="declarative" tense="past" v_per="thi" word="kocht" wvorm="pv"/>
      <node begin="2" end="3" frame="adverb" getal="ev" his="normal" his_1="normal" id="4" lcat="advp" lemma="wat" naamval="stan" pdtype="pron" persoon="3o" pos="adv" postag="VNW(onbep,pron,stan,vol,3o,ev)" pt="vnw" rel="mod" root="wat" sense="wat" status="vol" vwtype="onbep" word="wat"/>
      <node begin="3" cat="mwu" end="5" his="name" his_1="not_begin" id="5" rel="obj1">
        <node begin="3" end="4" frame="proper_name(both)" id="6" lcat="np" lemma="Centaurea" neclass="MISC" num="both" pos="name" postag="SPEC(deeleigen)" pt="spec" rel="mwp" root="Centaurea" sense="Centaurea" spectype="deeleigen" word="Centaurea"/>
        <node begin="4" end="5" frame="proper_name(both)" id="7" lcat="np" lemma="cyanuss" neclass="MISC" num="both" pos="name" postag="SPEC(deeleigen)" pt="spec" rel="mwp" root="cyanuss" sense="cyanuss" spectype="deeleigen" word="cyanuss"/>
      </node>
      <node begin="5" cat="pp" end="7" id="8" rel="mod">
        <node begin="5" end="6" frame="preposition(voor,[aan,door,uit,[in,de,plaats]])" his="normal" his_1="normal" id="9" lcat="pp" lemma="voor" pos="prep" postag="VZ(init)" pt="vz" rel="hd" root="voor" sense="voor" vztype="init" word="voor"/>
        <node begin="6" end="7" frame="proper_name(sg,'PER')" genus="zijd" getal="ev" graad="basis" his="normal" his_1="names_dictionary" id="10" lcat="np" lemma="Mary" naamval="stan" neclass="PER" ntype="eigen" num="sg" pos="name" postag="N(eigen,ev,basis,zijd,stan)" pt="n" rel="obj1" rnum="sg" root="Mary" sense="Mary" word="Mary"/>
      </node>
    </node>
    <node begin="7" end="8" frame="punct(punt)" his="normal" his_1="normal" id="11" lcat="punct" lemma="." pos="punct" postag="LET()" pt="let" rel="--" root="." sense="." special="punt" word="."/>
  </node>
  <sentence sentid="391">Tom kocht wat Centaurea cyanuss voor Mary .</sentence>
  <comments>
    <comment>Q#391|Tom kocht wat Centaurea cyanuss voor Mary .|1|1|2.5032375933000006</comment>
  </comments>
</alpino_ds>
