<?xml version="1.0" encoding="UTF-8"?>
<alpino_ds version="1.15">
  <parser build="Alpino-x86_64-linux-glibc2.5-git1006-sicstus" date="2023-09-25T08:34" cats="1" skips="0" />
  <node begin="0" cat="top" end="14" id="0" rel="top">
    <node begin="1" end="2" frame="punct(komma)" his="normal" his_1="normal" id="1" lcat="punct" lemma="," pos="punct" postag="LET()" pt="let" rel="--" root="," sense="," special="komma" word=","/>
    <node begin="0" cat="smain" end="13" id="2" rel="--">
      <node begin="0" cat="conj" end="5" id="3" index="1" rel="su">
        <node begin="0" end="1" frame="proper_name(sg,'PER')" genus="zijd" getal="ev" graad="basis" his="normal" his_1="names_dictionary" id="4" lcat="np" lemma="Tom" naamval="stan" neclass="PER" ntype="eigen" num="sg" pos="name" postag="N(eigen,ev,basis,zijd,stan)" pt="n" rel="cnj" rnum="sg" root="Tom" sense="Tom" word="Tom"/>
        <node begin="2" end="3" frame="proper_name(sg,'PER')" genus="zijd" getal="ev" graad="basis" his="normal" his_1="names_dictionary" id="5" lcat="np" lemma="Mary" naamval="stan" neclass="PER" ntype="eigen" num="sg" pos="name" postag="N(eigen,ev,basis,zijd,stan)" pt="n" rel="cnj" rnum="sg" root="Mary" sense="Mary" word="Mary"/>
        <node begin="3" conjtype="neven" end="4" frame="conj(en)" his="normal" his_1="normal" id="6" lcat="vg" lemma="en" pos="vg" postag="VG(neven)" pt="vg" rel="crd" root="en" sense="en" word="en"/>
        <node begin="4" end="5" frame="proper_name(sg,'PER')" genus="zijd" getal="ev" graad="basis" his="normal" his_1="names_dictionary" id="7" lcat="np" lemma="John" naamval="stan" neclass="PER" ntype="eigen" num="sg" pos="name" postag="N(eigen,ev,basis,zijd,stan)" pt="n" rel="cnj" rnum="sg" root="John" sense="John" word="John"/>
      </node>
      <node begin="5" end="6" frame="verb(unacc,past(pl),aan_het)" his="normal" his_1="normal" id="8" infl="pl" lcat="smain" lemma="zijn" pos="verb" postag="WW(pv,verl,mv)" pt="ww" pvagr="mv" pvtijd="verl" rel="hd" root="ben" sc="aan_het" sense="ben-aan_het" stype="declarative" tense="past" v_per="thi" word="waren" wvorm="pv"/>
      <node begin="0" cat="ahi" end="13" id="9" rel="vc">
        <node begin="7" cat="mwu" end="9" his="normal" his_1="normal" id="10" rel="cmp">
          <node begin="7" end="8" frame="complementizer(aan_het)" id="11" lcat="ahi" lemma="aan" pos="comp" postag="VZ(init)" pt="vz" rel="mwp" root="aan" sc="aan_het" sense="aan" vztype="init" word="aan"/>
          <node begin="8" end="9" frame="complementizer(aan_het)" id="12" lcat="ahi" lemma="het" lwtype="bep" naamval="stan" npagr="evon" pos="comp" postag="LID(bep,stan,evon)" pt="lid" rel="mwp" root="het" sc="aan_het" sense="het" word="het"/>
        </node>
        <node begin="0" cat="inf" end="13" id="13" rel="body">
          <node begin="0" end="5" id="14" index="1" rel="su"/>
          <node begin="6" end="7" frame="noun(both,both,both)" gen="both" genus="onz" getal="ev" graad="dim" his="noun" id="15" lcat="np" lemma="tikkertje" naamval="stan" ntype="soort" num="both" pos="noun" postag="N(soort,ev,dim,onz,stan)" pt="n" rel="obj1" rnum="sg" root="tikkertje" sense="tikkertje" word="tikkertje"/>
          <node begin="9" buiging="zonder" end="10" frame="verb(hebben,inf,transitive)" his="normal" his_1="normal" id="16" infl="inf" lcat="inf" lemma="spelen" pos="verb" positie="vrij" postag="WW(inf,vrij,zonder)" pt="ww" rel="hd" root="speel" sc="transitive" sense="speel" word="spelen" wvorm="inf"/>
          <node begin="10" cat="pp" end="13" id="17" rel="mod">
            <node begin="10" end="11" frame="preposition(op,[af,na])" his="normal" his_1="normal" id="18" lcat="pp" lemma="op" pos="prep" postag="VZ(init)" pt="vz" rel="hd" root="op" sense="op" vztype="init" word="op"/>
            <node begin="11" cat="np" end="13" id="19" rel="obj1">
              <node begin="11" end="12" frame="determiner(de)" his="normal" his_1="normal" id="20" infl="de" lcat="detp" lemma="de" lwtype="bep" naamval="stan" npagr="rest" pos="det" postag="LID(bep,stan,rest)" pt="lid" rel="det" root="de" sense="de" word="de"/>
              <node begin="12" end="13" frame="noun(de,count,sg)" gen="de" genus="zijd" getal="ev" graad="basis" his="normal" his_1="normal" id="21" lcat="np" lemma="speel_plaats" naamval="stan" ntype="soort" num="sg" pos="noun" postag="N(soort,ev,basis,zijd,stan)" pt="n" rel="hd" rnum="sg" root="speel_plaats" sense="speel_plaats" word="speelplaats"/>
            </node>
          </node>
        </node>
      </node>
    </node>
    <node begin="13" end="14" frame="punct(punt)" his="normal" his_1="normal" id="22" lcat="punct" lemma="." pos="punct" postag="LET()" pt="let" rel="--" root="." sense="." special="punt" word="."/>
  </node>
  <sentence sentid="42">Tom , Mary en John waren tikkertje aan het spelen op de speelplaats .</sentence>
  <comments>
    <comment>Q#42|Tom , Mary en John waren tikkertje aan het spelen op de speelplaats .|1|1|-7.630987740999999</comment>
  </comments>
</alpino_ds>
