<?xml version="1.0" encoding="UTF-8"?>
<alpino_ds version="1.15">
  <parser build="Alpino-x86_64-linux-glibc2.5-git1006-sicstus" date="2023-09-25T08:37" cats="1" skips="0" />
  <node begin="0" cat="top" end="9" id="0" rel="top">
    <node begin="0" cat="smain" end="8" id="1" rel="--">
      <node begin="0" end="1" frame="proper_name(sg,'PER')" genus="zijd" getal="ev" graad="basis" his="normal" his_1="names_dictionary" id="2" lcat="np" lemma="Tom" naamval="stan" neclass="PER" ntype="eigen" num="sg" pos="name" postag="N(eigen,ev,basis,zijd,stan)" pt="n" rel="su" rnum="sg" root="Tom" sense="Tom" word="Tom"/>
      <node begin="1" end="2" frame="verb(hebben,past(sg),transitive)" his="normal" his_1="normal" id="3" infl="sg" lcat="smain" lemma="kopen" pos="verb" postag="WW(pv,verl,ev)" pt="ww" pvagr="ev" pvtijd="verl" rel="hd" root="koop" sc="transitive" sense="koop" stype="declarative" tense="past" v_per="thi" word="kocht" wvorm="pv"/>
      <node begin="2" cat="np" end="6" id="4" rel="obj1">
        <node begin="2" end="3" frame="determiner(een)" his="normal" his_1="normal" id="5" infl="een" lcat="detp" lemma="een" lwtype="onbep" naamval="stan" npagr="agr" pos="det" postag="LID(onbep,stan,agr)" pt="lid" rel="det" root="een" sense="een" word="een"/>
        <node begin="3" end="4" frame="noun(het,count,sg,measure)" gen="het" genus="onz" getal="ev" graad="basis" his="normal" his_1="normal" id="6" lcat="np" lemma="aantal" naamval="stan" ntype="soort" num="sg" pos="noun" postag="N(soort,ev,basis,onz,stan)" pt="n" rel="hd" rnum="sg" root="aantal" sc="measure" sense="aantal" word="aantal"/>
        <node begin="4" cat="mwu" end="6" his="name" his_1="not_begin" id="7" rel="mod">
          <node begin="4" end="5" frame="proper_name(both)" id="8" lcat="np" lemma="Gomphrena" neclass="MISC" num="both" pos="name" postag="SPEC(deeleigen)" pt="spec" rel="mwp" root="Gomphrena" sense="Gomphrena" spectype="deeleigen" word="Gomphrena"/>
          <node begin="5" end="6" frame="proper_name(both)" id="9" lcat="np" lemma="globosa&apos;s" neclass="MISC" num="both" pos="name" postag="SPEC(deeleigen)" pt="spec" rel="mwp" root="globosa&apos;s" sense="globosa&apos;s" spectype="deeleigen" word="globosa&apos;s"/>
        </node>
      </node>
      <node begin="6" cat="pp" end="8" id="10" rel="mod">
        <node begin="6" end="7" frame="preposition(voor,[aan,door,uit,[in,de,plaats]])" his="normal" his_1="normal" id="11" lcat="pp" lemma="voor" pos="prep" postag="VZ(init)" pt="vz" rel="hd" root="voor" sense="voor" vztype="init" word="voor"/>
        <node begin="7" end="8" frame="proper_name(sg,'PER')" genus="zijd" getal="ev" graad="basis" his="normal" his_1="names_dictionary" id="12" lcat="np" lemma="Mary" naamval="stan" neclass="PER" ntype="eigen" num="sg" pos="name" postag="N(eigen,ev,basis,zijd,stan)" pt="n" rel="obj1" rnum="sg" root="Mary" sense="Mary" word="Mary"/>
      </node>
    </node>
    <node begin="8" end="9" frame="punct(punt)" his="normal" his_1="normal" id="13" lcat="punct" lemma="." pos="punct" postag="LET()" pt="let" rel="--" root="." sense="." special="punt" word="."/>
  </node>
  <sentence sentid="424">Tom kocht een aantal Gomphrena globosa&apos;s voor Mary .</sentence>
  <comments>
    <comment>Q#424|Tom kocht een aantal Gomphrena globosa&apos;s voor Mary .|1|1|-0.7717566106000002</comment>
  </comments>
</alpino_ds>
