<?xml version="1.0" encoding="UTF-8"?>
<alpino_ds version="1.15">
  <parser build="Alpino-x86_64-linux-glibc2.5-git1006-sicstus" date="2023-09-25T08:34" cats="1" skips="0" />
  <node begin="0" cat="top" end="4" id="0" rel="top">
    <node begin="1" end="2" frame="punct(komma)" his="normal" his_1="normal" id="1" lcat="punct" lemma="," pos="punct" postag="LET()" pt="let" rel="--" root="," sense="," special="komma" word=","/>
    <node begin="0" cat="du" end="4" id="2" rel="--">
      <node begin="0" end="1" frame="proper_name(sg,'PER')" genus="zijd" getal="ev" graad="basis" his="normal" his_1="names_dictionary" id="3" lcat="np" lemma="Tom" naamval="stan" neclass="PER" ntype="eigen" num="sg" pos="name" postag="N(eigen,ev,basis,zijd,stan)" pt="n" rel="tag" rnum="sg" root="Tom" sense="Tom" word="Tom"/>
      <node begin="2" cat="sv1" end="4" id="4" rel="nucl">
        <node begin="2" dropped_agr="sg" dropped_prs="fir" end="3" frame="verb(unacc,sg1,ld_adv)" his="normal" his_1="normal" id="5" infl="sg1" lcat="sv1" lemma="komen" pos="verb" postag="WW(pv,tgw,ev)" pt="ww" pvagr="ev" pvtijd="tgw" rel="hd" root="kom" sc="ld_adv" sense="kom" stype="topic_drop" tense="present" v_per="fir" word="kom" wvorm="pv"/>
        <node begin="3" end="4" frame="er_loc_adverb" getal="getal" his="normal" his_1="normal" id="6" lcat="advp" lemma="hier" naamval="obl" pdtype="adv-pron" persoon="3o" pos="adv" postag="VNW(aanw,adv-pron,obl,vol,3o,getal)" pt="vnw" rel="ld" root="hier" sense="hier" special="er_loc" status="vol" vwtype="aanw" word="hier"/>
      </node>
    </node>
  </node>
  <sentence sentid="43">Tom , kom hier</sentence>
  <comments>
    <comment>Q#43|Tom , kom hier|1|1|-0.4426021979999999</comment>
  </comments>
</alpino_ds>
