<?xml version="1.0" encoding="UTF-8"?>
<alpino_ds version="1.15">
  <parser build="Alpino-x86_64-linux-glibc2.5-git1006-sicstus" date="2023-09-25T08:34" cats="1" skips="0" />
  <node begin="0" cat="top" end="10" id="0" rel="top">
    <node begin="1" end="2" frame="punct(komma)" his="normal" his_1="normal" id="1" lcat="punct" lemma="," pos="punct" postag="LET()" pt="let" rel="--" root="," sense="," special="komma" word=","/>
    <node begin="0" cat="du" end="9" id="2" rel="--">
      <node begin="0" end="1" frame="proper_name(sg,'PER')" genus="zijd" getal="ev" graad="basis" his="normal" his_1="names_dictionary" id="3" lcat="np" lemma="Tom" naamval="stan" neclass="PER" ntype="eigen" num="sg" pos="name" postag="N(eigen,ev,basis,zijd,stan)" pt="n" rel="tag" rnum="sg" root="Tom" sense="Tom" word="Tom"/>
      <node begin="2" cat="conj" end="9" id="4" rel="nucl">
        <node begin="2" cat="sv1" end="4" id="5" rel="cnj">
          <node begin="2" end="3" frame="verb(unacc,sg1,ld_adv)" his="normal" his_1="normal" id="6" infl="sg1" lcat="sv1" lemma="komen" pos="verb" postag="WW(pv,tgw,ev)" pt="ww" pvagr="ev" pvtijd="tgw" rel="hd" root="kom" sc="ld_adv" sense="kom" tense="present" v_per="fir" word="kom" wvorm="pv"/>
          <node begin="3" end="4" frame="er_loc_adverb" getal="getal" his="normal" his_1="normal" id="7" lcat="advp" lemma="hier" naamval="obl" pdtype="adv-pron" persoon="3o" pos="adv" postag="VNW(aanw,adv-pron,obl,vol,3o,getal)" pt="vnw" rel="ld" root="hier" sense="hier" special="er_loc" status="vol" vwtype="aanw" word="hier"/>
        </node>
        <node begin="4" conjtype="neven" end="5" frame="conj(en)" his="normal" his_1="normal" id="8" lcat="vg" lemma="en" pos="vg" postag="VG(neven)" pt="vg" rel="crd" root="en" sense="en" word="en"/>
        <node begin="5" cat="sv1" end="9" id="9" rel="cnj">
          <node begin="5" end="6" frame="verb(unacc,sg1,aux(te_inf))" his="normal" his_1="normal" id="10" infl="sg1" lcat="sv1" lemma="komen" pos="verb" postag="WW(pv,tgw,ev)" pt="ww" pvagr="ev" pvtijd="tgw" rel="hd" root="kom" sc="aux(te_inf)" sense="kom" tense="present" v_per="fir" word="kom" wvorm="pv"/>
          <node begin="6" cat="inf" end="9" id="11" rel="vc">
            <node begin="6" cat="pp" end="8" id="12" rel="mod">
              <node begin="6" end="7" frame="preposition(bij,[vandaan])" his="normal" his_1="normal" id="13" lcat="pp" lemma="bij" pos="prep" postag="VZ(init)" pt="vz" rel="hd" root="bij" sense="bij" vztype="init" word="bij"/>
              <node begin="7" case="dat_acc" def="def" end="8" frame="pronoun(nwh,fir,sg,de,dat_acc,def)" gen="de" getal="ev" his="normal" his_1="normal" id="14" lcat="np" lemma="mij" naamval="obl" num="sg" pdtype="pron" per="fir" persoon="1" pos="pron" postag="VNW(pr,pron,obl,vol,1,ev)" pt="vnw" rel="obj1" rnum="sg" root="mij" sense="mij" status="vol" vwtype="pr" wh="nwh" word="mij"/>
            </node>
            <node begin="8" buiging="zonder" end="9" frame="verb(hebben,inf,intransitive)" his="normal" his_1="normal" id="15" infl="inf" lcat="inf" lemma="zitten" pos="verb" positie="vrij" postag="WW(inf,vrij,zonder)" pt="ww" rel="hd" root="zit" sc="intransitive" sense="zit" word="zitten" wvorm="inf"/>
          </node>
        </node>
      </node>
    </node>
    <node begin="9" end="10" frame="punct(punt)" his="normal" his_1="normal" id="16" lcat="punct" lemma="." pos="punct" postag="LET()" pt="let" rel="--" root="." sense="." special="punt" word="."/>
  </node>
  <sentence sentid="44">Tom , kom hier en kom bij mij zitten .</sentence>
  <comments>
    <comment>Q#44|Tom , kom hier en kom bij mij zitten .|1|1|-2.8163309494</comment>
  </comments>
</alpino_ds>
