<?xml version="1.0" encoding="UTF-8"?>
<alpino_ds version="1.15">
  <parser build="Alpino-x86_64-linux-glibc2.5-git1006-sicstus" date="2023-09-25T08:34" cats="1" skips="0" />
  <node begin="0" cat="top" end="22" id="0" rel="top">
    <node begin="0" cat="conj" end="21" id="1" rel="--">
      <node begin="0" cat="smain" end="9" id="2" rel="cnj">
        <node begin="0" end="1" frame="proper_name(sg,'PER')" genus="zijd" getal="ev" graad="basis" his="normal" his_1="names_dictionary" id="3" index="1" lcat="np" lemma="Tom" naamval="stan" neclass="PER" ntype="eigen" num="sg" pos="name" postag="N(eigen,ev,basis,zijd,stan)" pt="n" rel="su" rnum="sg" root="Tom" sense="Tom" word="Tom"/>
        <node begin="1" end="2" frame="verb(unacc,sg_is,aux_psp_zijn)" his="normal" his_1="normal" id="4" infl="sg_is" lcat="smain" lemma="zijn" pos="verb" postag="WW(pv,tgw,ev)" pt="ww" pvagr="ev" pvtijd="tgw" rel="hd" root="ben" sc="aux_psp_zijn" sense="ben" tense="present" v_per="thi" word="is" wvorm="pv"/>
        <node begin="0" cat="ppart" end="9" id="5" rel="vc">
          <node begin="0" end="1" id="6" index="1" rel="su"/>
          <node begin="2" buiging="zonder" end="3" frame="verb(zijn,psp,ninv(intransitive,part_intransitive(onder)))" his="normal" his_1="part-V" id="7" infl="psp" lcat="ppart" lemma="onder_duiken" pos="verb" positie="vrij" postag="WW(vd,vrij,zonder)" pt="ww" rel="hd" root="duik_onder" sc="part_intransitive(onder)" sense="duik_onder" word="ondergedoken" wvorm="vd"/>
          <node begin="3" cat="pp" end="9" id="8" rel="mod">
            <node begin="3" end="4" frame="preposition(met,[mee,[en,al]])" his="normal" his_1="normal" id="9" lcat="pp" lemma="met" pos="prep" postag="VZ(init)" pt="vz" rel="hd" root="met" sense="met" vztype="init" word="met"/>
            <node begin="4" cat="np" end="9" id="10" rel="obj1">
              <node begin="4" end="5" frame="meas_mod_noun(both,count,pl,measure)" gen="both" getal="mv" graad="basis" his="normal" his_1="normal" id="11" lcat="np" lemma="miljoen" ntype="soort" num="pl" pos="noun" postag="N(soort,mv,basis)" pt="n" rel="hd" rnum="pl" root="miljoen" sc="measure" sense="miljoen" special="meas_mod" word="miljoenen"/>
              <node begin="5" end="6" frame="meas_mod_noun(de,count,pl)" gen="de" getal="mv" graad="basis" his="normal" his_1="normal" id="12" lcat="np" lemma="dollar" ntype="soort" num="pl" pos="noun" postag="N(soort,mv,basis)" pt="n" rel="mod" rnum="pl" root="dollar" sense="dollar" special="meas_mod" word="dollars"/>
              <node begin="6" cat="pp" end="9" id="13" rel="mod">
                <node begin="6" end="7" frame="preposition(van,[af,uit,vandaan,[af,aan]])" his="normal" his_1="normal" id="14" lcat="pp" lemma="van" pos="prep" postag="VZ(init)" pt="vz" rel="hd" root="van" sense="van" vztype="init" word="van"/>
                <node begin="7" cat="np" end="9" id="15" rel="obj1">
                  <node begin="7" buiging="zonder" end="8" frame="determiner(pron)" getal="ev" his="normal" his_1="normal" id="16" infl="pron" lcat="detp" lemma="zijn" naamval="stan" npagr="agr" pdtype="det" persoon="3" pos="det" positie="prenom" postag="VNW(bez,det,stan,vol,3,ev,prenom,zonder,agr)" pron="true" pt="vnw" rel="det" root="zijn" sense="zijn" status="vol" vwtype="bez" word="zijn"/>
                  <node begin="8" end="9" frame="noun(het,count,sg)" gen="het" genus="onz" getal="ev" graad="basis" his="normal" his_1="normal" id="17" lcat="np" lemma="bedrijf" naamval="stan" ntype="soort" num="sg" pos="noun" postag="N(soort,ev,basis,onz,stan)" pt="n" rel="hd" rnum="sg" root="bedrijf" sense="bedrijf" word="bedrijf"/>
                </node>
              </node>
            </node>
          </node>
        </node>
      </node>
      <node begin="9" conjtype="neven" end="10" frame="conj(en)" his="normal" his_1="normal" id="18" lcat="vg" lemma="en" pos="vg" postag="VG(neven)" pt="vg" rel="crd" root="en" sense="en" word="en"/>
      <node begin="0" cat="smain" end="21" id="19" rel="cnj">
        <node begin="0" end="1" id="20" index="1" rel="su"/>
        <node begin="10" end="11" frame="verb(hebben,sg3,transitive)" his="normal" his_1="normal" id="21" infl="sg3" lcat="smain" lemma="leven" pos="verb" postag="WW(pv,tgw,met-t)" pt="ww" pvagr="met-t" pvtijd="tgw" rel="hd" root="leef" sc="transitive" sense="leef" tense="present" v_per="thi" word="leeft" wvorm="pv"/>
        <node begin="11" cat="np" end="21" id="22" rel="obj1">
          <node begin="11" end="12" frame="determiner(een)" his="normal" his_1="normal" id="23" infl="een" lcat="detp" lemma="een" lwtype="onbep" naamval="stan" npagr="agr" pos="det" postag="LID(onbep,stan,agr)" pt="lid" rel="det" root="een" sense="een" word="een"/>
          <node aform="base" begin="12" buiging="zonder" end="13" frame="adjective(both(adv))" graad="basis" his="normal" his_1="normal" id="24" infl="both" lcat="ap" lemma="luxe" pos="adj" positie="prenom" postag="ADJ(prenom,basis,zonder)" pt="adj" rel="mod" root="luxe" sense="luxe" vform="adj" word="luxe"/>
          <node begin="13" end="14" frame="tmp_noun(het,count,sg)" gen="het" genus="onz" getal="ev" graad="basis" his="normal" his_1="normal" id="25" lcat="np" lemma="leven" naamval="stan" ntype="soort" num="sg" pos="noun" postag="N(soort,ev,basis,onz,stan)" pt="n" rel="hd" rnum="sg" root="leven" sense="leven" special="tmp" word="leven"/>
          <node begin="14" cat="pp" end="21" id="26" rel="mod">
            <node begin="14" end="15" frame="preposition(op,[af,na])" his="normal" his_1="normal" id="27" lcat="pp" lemma="op" pos="prep" postag="VZ(init)" pt="vz" rel="hd" root="op" sense="op" vztype="init" word="op"/>
            <node begin="15" cat="np" end="21" id="28" rel="obj1">
              <node begin="15" end="16" frame="determiner(een)" his="normal" his_1="normal" id="29" infl="een" lcat="detp" lemma="een" lwtype="onbep" naamval="stan" npagr="agr" pos="det" postag="LID(onbep,stan,agr)" pt="lid" rel="det" root="een" sense="een" word="een"/>
              <node begin="16" end="17" frame="noun(het,count,sg)" gen="het" genus="onz" getal="ev" graad="basis" his="normal" his_1="normal" id="30" lcat="np" lemma="eiland" naamval="stan" ntype="soort" num="sg" pos="noun" postag="N(soort,ev,basis,onz,stan)" pt="n" rel="hd" rnum="sg" root="eiland" sense="eiland" word="eiland"/>
              <node begin="17" cat="pp" end="21" id="31" rel="mod">
                <node begin="17" end="18" frame="preposition(in,[])" his="normal" his_1="normal" id="32" lcat="pp" lemma="in" pos="prep" postag="VZ(init)" pt="vz" rel="hd" root="in" sense="in" vztype="init" word="in"/>
                <node begin="18" cat="np" end="21" id="33" rel="obj1">
                  <node begin="18" end="19" frame="determiner(de)" his="normal" his_1="normal" id="34" infl="de" lcat="detp" lemma="de" lwtype="bep" naamval="stan" npagr="rest" pos="det" postag="LID(bep,stan,rest)" pt="lid" rel="det" root="de" sense="de" word="de"/>
                  <node begin="19" cat="mwu" end="21" his="normal" his_1="names_dictionary" id="35" rel="hd">
                    <node begin="19" end="20" frame="proper_name(sg,'LOC')" id="36" lcat="np" lemma="Middellandse" neclass="LOC" num="sg" pos="name" postag="SPEC(deeleigen)" pt="spec" rel="mwp" rnum="sg" root="Middellandse" sense="Middellandse" spectype="deeleigen" word="Middellandse"/>
                    <node begin="20" end="21" frame="proper_name(sg,'LOC')" id="37" lcat="np" lemma="Zee" neclass="LOC" num="sg" pos="name" postag="SPEC(deeleigen)" pt="spec" rel="mwp" rnum="sg" root="Zee" sense="Zee" spectype="deeleigen" word="Zee"/>
                  </node>
                </node>
              </node>
            </node>
          </node>
        </node>
      </node>
    </node>
    <node begin="21" end="22" frame="punct(punt)" his="normal" his_1="normal" id="38" lcat="punct" lemma="." pos="punct" postag="LET()" pt="let" rel="--" root="." sense="." special="punt" word="."/>
  </node>
  <sentence sentid="48">Tom is ondergedoken met miljoenen dollars van zijn bedrijf en leeft een luxe leven op een eiland in de Middellandse Zee .</sentence>
  <comments>
    <comment>Q#48|Tom is ondergedoken met miljoenen dollars van zijn bedrijf en leeft een luxe leven op een eiland in de Middellandse Zee .|1|1|-4.089822100400001</comment>
  </comments>
</alpino_ds>
