<?xml version="1.0" encoding="UTF-8"?>
<alpino_ds version="1.15">
  <parser build="Alpino-x86_64-linux-glibc2.5-git1006-sicstus" date="2023-09-25T08:38" cats="1" skips="0" />
  <node begin="0" cat="top" end="8" id="0" rel="top">
    <node begin="0" cat="conj" end="7" id="1" rel="--">
      <node begin="0" cat="smain" end="4" id="2" rel="cnj">
        <node begin="0" end="1" frame="proper_name(sg,'PER')" genus="zijd" getal="ev" graad="basis" his="normal" his_1="names_dictionary" id="3" index="1" lcat="np" lemma="Tom" naamval="stan" neclass="PER" ntype="eigen" num="sg" pos="name" postag="N(eigen,ev,basis,zijd,stan)" pt="n" rel="su" rnum="sg" root="Tom" sense="Tom" word="Tom"/>
        <node begin="1" end="2" frame="verb(hebben,past(sg),transitive)" his="normal" his_1="normal" id="4" infl="sg" lcat="smain" lemma="kopen" pos="verb" postag="WW(pv,verl,ev)" pt="ww" pvagr="ev" pvtijd="verl" rel="hd" root="koop" sc="transitive" sense="koop" tense="past" v_per="thi" word="kocht" wvorm="pv"/>
        <node begin="2" cat="np" end="4" id="5" rel="obj1">
          <node begin="2" end="3" frame="determiner(wat,nwh,mod,pro,nparg,ntopicpro)" getal="ev" his="normal" his_1="normal" id="6" infl="wat" lcat="detp" lemma="wat" naamval="stan" pdtype="pron" persoon="3o" pos="det" postag="VNW(onbep,pron,stan,vol,3o,ev)" pt="vnw" rel="det" root="wat" sense="wat" status="vol" vwtype="onbep" wh="nwh" word="wat"/>
          <node begin="3" end="4" frame="noun(het,count,pl)" gen="het" getal="mv" graad="basis" his="normal" his_1="normal" id="7" lcat="np" lemma="appel" ntype="soort" num="pl" pos="noun" postag="N(soort,mv,basis)" pt="n" rel="hd" rnum="pl" root="appel" sense="appel" word="appels"/>
        </node>
      </node>
      <node begin="4" conjtype="neven" end="5" frame="conj(en)" his="normal" his_1="normal" id="8" lcat="vg" lemma="en" pos="vg" postag="VG(neven)" pt="vg" rel="crd" root="en" sense="en" word="en"/>
      <node begin="0" cat="smain" end="7" id="9" rel="cnj">
        <node begin="0" end="1" id="10" index="1" rel="su"/>
        <node begin="5" end="6" frame="verb(hebben,past(sg),transitive)" his="normal" his_1="normal" id="11" infl="sg" lcat="smain" lemma="maken" pos="verb" postag="WW(pv,verl,ev)" pt="ww" pvagr="ev" pvtijd="verl" rel="hd" root="maak" sc="transitive" sense="maak" tense="past" v_per="thi" word="maakte" wvorm="pv"/>
        <node begin="6" end="7" frame="noun(both,both,both)" gen="both" genus="zijd" getal="ev" graad="basis" his="noun" id="12" lcat="np" lemma="appel-worcestersaus" naamval="stan" ntype="soort" num="both" pos="noun" postag="N(soort,ev,basis,zijd,stan)" pt="n" rel="obj1" rnum="sg" root="appel-worcestersaus" sense="appel-worcestersaus" word="appel-worcestersaus"/>
      </node>
    </node>
    <node begin="7" end="8" frame="punct(punt)" his="normal" his_1="normal" id="13" lcat="punct" lemma="." pos="punct" postag="LET()" pt="let" rel="--" root="." sense="." special="punt" word="."/>
  </node>
  <sentence sentid="493">Tom kocht wat appels en maakte appel-worcestersaus .</sentence>
  <comments>
    <comment>Q#493|Tom kocht wat appels en maakte appel-worcestersaus .|1|1|0.21857519989999835</comment>
  </comments>
</alpino_ds>
