<?xml version="1.0" encoding="UTF-8"?>
<alpino_ds version="1.15">
  <parser build="Alpino-x86_64-linux-glibc2.5-git1006-sicstus" date="2023-09-25T08:35" cats="2" skips="0" />
  <node begin="0" cat="top" end="5" id="0" rel="top">
    <node begin="0" cat="du" end="5" id="1" rel="--">
      <node begin="0" cat="smain" end="4" id="2" rel="dp">
        <node begin="0" end="1" frame="proper_name(sg,'PER')" genus="zijd" getal="ev" graad="basis" his="normal" his_1="names_dictionary" id="3" lcat="np" lemma="Tom" naamval="stan" neclass="PER" ntype="eigen" num="sg" pos="name" postag="N(eigen,ev,basis,zijd,stan)" pt="n" rel="su" rnum="sg" root="Tom" sense="Tom" word="Tom"/>
        <node begin="1" end="2" frame="verb(hebben,past(sg),transitive)" his="normal" his_1="normal" id="4" infl="sg" lcat="smain" lemma="denken" pos="verb" postag="WW(pv,verl,ev)" pt="ww" pvagr="ev" pvtijd="verl" rel="hd" root="denk" sc="transitive" sense="denk" stype="declarative" tense="past" v_per="thi" word="dacht" wvorm="pv"/>
        <node begin="2" end="3" frame="sentence_adverb" his="normal" his_1="normal" id="5" lcat="advp" lemma="altijd" pos="adv" postag="BW()" pt="bw" rel="mod" root="altijd" sense="altijd" special="sentence" word="altijd"/>
        <node begin="3" end="4" frame="determiner(het,nwh,nmod,pro,nparg)" getal="ev" his="normal" his_1="normal" id="6" infl="het" lcat="np" lemma="dat" naamval="stan" pdtype="pron" persoon="3o" pos="det" postag="VNW(aanw,pron,stan,vol,3o,ev)" pt="vnw" rel="obj1" rnum="sg" root="dat" sense="dat" status="vol" vwtype="aanw" wh="nwh" word="dat"/>
      </node>
      <node begin="4" end="5" frame="proper_name(sg,'PER')" genus="zijd" getal="ev" graad="basis" his="normal" his_1="names_dictionary" id="7" lcat="np" lemma="John" naamval="stan" neclass="PER" ntype="eigen" num="sg" pos="name" postag="N(eigen,ev,basis,zijd,stan)" pt="n" rel="dp" rnum="sg" root="John" sense="John" word="John"/>
    </node>
  </node>
  <sentence sentid="56">Tom dacht altijd dat John</sentence>
  <comments>
    <comment>Q#56|Tom dacht altijd dat John|1|2|-0.6555287545000001</comment>
  </comments>
</alpino_ds>
