<?xml version="1.0" encoding="UTF-8"?>
<alpino_ds version="1.15">
  <parser build="Alpino-x86_64-linux-glibc2.5-git1006-sicstus" date="2023-09-25T08:35" cats="1" skips="0" />
  <node begin="0" cat="top" end="10" id="0" rel="top">
    <node begin="0" cat="smain" end="9" id="1" rel="--">
      <node begin="0" end="1" frame="proper_name(sg,'PER')" genus="zijd" getal="ev" graad="basis" his="normal" his_1="names_dictionary" id="2" lcat="np" lemma="Tom" naamval="stan" neclass="PER" ntype="eigen" num="sg" pos="name" postag="N(eigen,ev,basis,zijd,stan)" pt="n" rel="su" rnum="sg" root="Tom" sense="Tom" word="Tom"/>
      <node begin="1" end="2" frame="verb(hebben,past(sg),pred_np)" his="normal" his_1="normal" id="3" infl="sg" lcat="smain" lemma="vinden" pos="verb" postag="WW(pv,verl,ev)" pt="ww" pvagr="ev" pvtijd="verl" rel="hd" root="vind" sc="pred_np" sense="vind" stype="declarative" tense="past" v_per="thi" word="vond" wvorm="pv"/>
      <node begin="2" cat="conj" end="5" id="4" rel="obj1">
        <node begin="2" end="3" frame="proper_name(sg,'PER')" genus="zijd" getal="ev" graad="basis" his="normal" his_1="names_dictionary" id="5" lcat="np" lemma="John" naamval="stan" neclass="PER" ntype="eigen" num="sg" pos="name" postag="N(eigen,ev,basis,zijd,stan)" pt="n" rel="cnj" rnum="sg" root="John" sense="John" word="John"/>
        <node begin="3" conjtype="neven" end="4" frame="conj(en)" his="normal" his_1="normal" id="6" lcat="vg" lemma="en" pos="vg" postag="VG(neven)" pt="vg" rel="crd" root="en" sense="en" word="en"/>
        <node begin="4" end="5" frame="proper_name(sg,'PER')" genus="zijd" getal="ev" graad="basis" his="normal" his_1="names_dictionary" id="7" lcat="np" lemma="Mary" naamval="stan" neclass="PER" ntype="eigen" num="sg" pos="name" postag="N(eigen,ev,basis,zijd,stan)" pt="n" rel="cnj" rnum="sg" root="Mary" sense="Mary" word="Mary"/>
      </node>
      <node begin="5" end="6" frame="sentence_adverb" his="normal" his_1="normal" id="8" lcat="advp" lemma="altijd" pos="adv" postag="BW()" pt="bw" rel="mod" root="altijd" sense="altijd" special="sentence" word="altijd"/>
      <node begin="6" cat="np" end="9" id="9" rel="predc">
        <node begin="6" buiging="zonder" end="7" frame="determiner(een)" his="normal" his_1="normal" id="10" infl="een" lcat="detp" lemma="zo&apos;n" naamval="stan" npagr="agr" pdtype="det" pos="det" positie="prenom" postag="VNW(aanw,det,stan,prenom,zonder,agr)" pt="vnw" rel="det" root="zo&apos;n" sense="zo&apos;n" vwtype="aanw" word="zo&apos;n"/>
        <node aform="base" begin="7" buiging="zonder" end="8" frame="adjective(no_e(adv))" graad="basis" his="normal" his_1="normal" id="11" infl="no_e" lcat="ap" lemma="leuk" pos="adj" positie="prenom" postag="ADJ(prenom,basis,zonder)" pt="adj" rel="mod" root="leuk" sense="leuk" vform="adj" word="leuk"/>
        <node begin="8" end="9" frame="noun(het,count,sg)" gen="het" genus="onz" getal="ev" graad="basis" his="normal" his_1="normal" id="12" lcat="np" lemma="stel" naamval="stan" ntype="soort" num="sg" pos="noun" postag="N(soort,ev,basis,onz,stan)" pt="n" rel="hd" rnum="sg" root="stel" sense="stel" word="stel"/>
      </node>
    </node>
    <node begin="9" end="10" frame="punct(punt)" his="normal" his_1="normal" id="13" lcat="punct" lemma="." pos="punct" postag="LET()" pt="let" rel="--" root="." sense="." special="punt" word="."/>
  </node>
  <sentence sentid="57">Tom vond John en Mary altijd zo&apos;n leuk stel .</sentence>
  <comments>
    <comment>Q#57|Tom vond John en Mary altijd zo&apos;n leuk stel .|1|1|-0.16443394350000007</comment>
  </comments>
</alpino_ds>
