<?xml version="1.0" encoding="UTF-8"?>
<alpino_ds version="1.15">
  <parser build="Alpino-x86_64-linux-glibc2.5-git1006-sicstus" date="2023-09-25T08:35" cats="1" skips="0" />
  <node begin="0" cat="top" end="10" id="0" rel="top">
    <node begin="0" cat="smain" end="9" id="1" rel="--">
      <node begin="0" cat="conj" end="3" id="2" rel="su">
        <node begin="0" end="1" frame="proper_name(sg,'PER')" genus="zijd" getal="ev" graad="basis" his="normal" his_1="names_dictionary" id="3" lcat="np" lemma="Tom" naamval="stan" neclass="PER" ntype="eigen" num="sg" pos="name" postag="N(eigen,ev,basis,zijd,stan)" pt="n" rel="cnj" rnum="sg" root="Tom" sense="Tom" word="Tom"/>
        <node begin="1" conjtype="neven" end="2" frame="conj(en)" his="normal" his_1="normal" id="4" lcat="vg" lemma="en" pos="vg" postag="VG(neven)" pt="vg" rel="crd" root="en" sense="en" word="en"/>
        <node begin="2" case="nom" def="def" end="3" frame="pronoun(nwh,fir,sg,de,nom,def)" gen="de" getal="ev" his="normal" his_1="normal" id="5" lcat="np" lemma="ik" naamval="nomin" num="sg" pdtype="pron" per="fir" persoon="1" pos="pron" postag="VNW(pers,pron,nomin,vol,1,ev)" pt="vnw" rel="cnj" rnum="sg" root="ik" sense="ik" status="vol" vwtype="pers" wh="nwh" word="ik"/>
      </node>
      <node begin="3" end="4" frame="verb(hebben,pl,modifier(tr_sbar))" his="normal" his_1="normal" id="6" infl="pl" lcat="smain" lemma="willen" pos="verb" postag="WW(pv,tgw,mv)" pt="ww" pvagr="mv" pvtijd="tgw" rel="hd" root="wil" sc="modifier(tr_sbar)" sense="wil" stype="declarative" tense="present" v_per="thi" word="willen" wvorm="pv"/>
      <node begin="4" buiging="zonder" end="5" frame="predm_adverb" his="normal" his_1="normal" id="7" lcat="advp" lemma="allebei" naamval="stan" pdtype="det" pos="adv" positie="vrij" postag="VNW(onbep,det,stan,vrij,zonder)" pt="vnw" rel="predm" root="allebei" sense="allebei" special="predm" vwtype="onbep" word="allebei"/>
      <node begin="5" cat="cp" end="9" id="8" rel="vc">
        <node begin="5" conjtype="onder" end="6" frame="complementizer(dat)" his="normal" his_1="normal" id="9" lcat="cp" lemma="dat" pos="comp" postag="VG(onder)" pt="vg" rel="cmp" root="dat" sc="dat" sense="dat" word="dat"/>
        <node begin="6" cat="ssub" end="9" id="10" rel="body">
          <node begin="6" case="both" def="def" end="7" frame="pronoun(nwh,je,sg,de,both,def,wkpro)" gen="de" getal="ev" his="normal" his_1="normal" id="11" lcat="np" lemma="je" naamval="nomin" num="sg" pdtype="pron" per="je" persoon="2v" pos="pron" postag="VNW(pers,pron,nomin,red,2v,ev)" pt="vnw" rel="su" rnum="sg" root="je" sense="je" special="wkpro" status="red" vwtype="pers" wh="nwh" word="je"/>
          <node aform="base" begin="7" buiging="zonder" end="8" frame="adjective(no_e(adv))" graad="basis" his="normal" his_1="normal" id="12" infl="no_e" lcat="ap" lemma="gelukkig" pos="adj" positie="vrij" postag="ADJ(vrij,basis,zonder)" pt="adj" rel="predc" root="gelukkig" sense="gelukkig" vform="adj" word="gelukkig"/>
          <node begin="8" end="9" frame="verb(unacc,sg_bent,copula)" his="normal" his_1="normal" id="13" infl="sg_bent" lcat="ssub" lemma="zijn" pos="verb" postag="WW(pv,tgw,met-t)" pt="ww" pvagr="met-t" pvtijd="tgw" rel="hd" root="ben" sc="copula" sense="ben" tense="present" v_per="ninvje" word="bent" wvorm="pv"/>
        </node>
      </node>
    </node>
    <node begin="9" end="10" frame="punct(punt)" his="normal" his_1="normal" id="14" lcat="punct" lemma="." pos="punct" postag="LET()" pt="let" rel="--" root="." sense="." special="punt" word="."/>
  </node>
  <sentence sentid="60">Tom en ik willen allebei dat je gelukkig bent .</sentence>
  <comments>
    <comment>Q#60|Tom en ik willen allebei dat je gelukkig bent .|1|1|-5.2235236891</comment>
  </comments>
</alpino_ds>
