<?xml version="1.0" encoding="UTF-8"?>
<alpino_ds version="1.15">
  <parser build="Alpino-x86_64-linux-glibc2.5-git1006-sicstus" date="2023-09-25T08:35" cats="1" skips="0" />
  <node begin="0" cat="top" end="7" id="0" rel="top">
    <node begin="0" cat="smain" end="6" id="1" rel="--">
      <node begin="0" cat="conj" end="3" id="2" rel="su">
        <node begin="0" end="1" frame="proper_name(sg,'PER')" genus="zijd" getal="ev" graad="basis" his="normal" his_1="names_dictionary" id="3" lcat="np" lemma="Tom" naamval="stan" neclass="PER" ntype="eigen" num="sg" pos="name" postag="N(eigen,ev,basis,zijd,stan)" pt="n" rel="cnj" rnum="sg" root="Tom" sense="Tom" word="Tom"/>
        <node begin="1" conjtype="neven" end="2" frame="conj(en)" his="normal" his_1="normal" id="4" lcat="vg" lemma="en" pos="vg" postag="VG(neven)" pt="vg" rel="crd" root="en" sense="en" word="en"/>
        <node begin="2" case="nom" def="def" end="3" frame="pronoun(nwh,fir,sg,de,nom,def)" gen="de" getal="ev" his="normal" his_1="normal" id="5" lcat="np" lemma="ik" naamval="nomin" num="sg" pdtype="pron" per="fir" persoon="1" pos="pron" postag="VNW(pers,pron,nomin,vol,1,ev)" pt="vnw" rel="cnj" rnum="sg" root="ik" sense="ik" status="vol" vwtype="pers" wh="nwh" word="ik"/>
      </node>
      <node begin="3" end="4" frame="verb(hebben,pl,transitive_ndev)" his="normal" his_1="normal" id="6" infl="pl" lcat="smain" lemma="hebben" pos="verb" postag="WW(pv,tgw,mv)" pt="ww" pvagr="mv" pvtijd="tgw" rel="hd" root="heb" sc="transitive_ndev" sense="heb" stype="declarative" tense="present" v_per="thi" word="hebben" wvorm="pv"/>
      <node begin="4" cat="np" end="6" id="7" rel="obj1">
        <node begin="4" end="5" frame="determiner(wat,nwh,mod,pro,nparg,ntopicpro)" getal="ev" his="normal" his_1="normal" id="8" infl="wat" lcat="detp" lemma="wat" naamval="stan" pdtype="pron" persoon="3o" pos="det" postag="VNW(onbep,pron,stan,vol,3o,ev)" pt="vnw" rel="det" root="wat" sense="wat" status="vol" vwtype="onbep" wh="nwh" word="wat"/>
        <node begin="5" end="6" frame="noun(de,count,pl)" gen="de" getal="mv" graad="basis" his="normal" his_1="normal" id="9" lcat="np" lemma="zaak" ntype="soort" num="pl" pos="noun" postag="N(soort,mv,basis)" pt="n" rel="hd" rnum="pl" root="zaak" sense="zaak" word="zaken"/>
      </node>
    </node>
    <node begin="6" end="7" frame="punct(punt)" his="normal" his_1="normal" id="10" lcat="punct" lemma="." pos="punct" postag="LET()" pt="let" rel="--" root="." sense="." special="punt" word="."/>
  </node>
  <sentence sentid="61">Tom en ik hebben wat zaken .</sentence>
  <comments>
    <comment>Q#61|Tom en ik hebben wat zaken .|1|1|-2.2187470903000004</comment>
  </comments>
</alpino_ds>
