<?xml version="1.0" encoding="UTF-8"?>
<alpino_ds version="1.15">
  <parser build="Alpino-x86_64-linux-glibc2.5-git1006-sicstus" date="2023-09-25T08:38" cats="1" skips="0" />
  <node begin="0" cat="top" end="8" id="0" rel="top">
    <node begin="0" cat="smain" end="7" id="1" rel="--">
      <node begin="0" end="1" frame="proper_name(sg,'PER')" genus="zijd" getal="ev" graad="basis" his="normal" his_1="names_dictionary" id="2" lcat="np" lemma="Tom" naamval="stan" neclass="PER" ntype="eigen" num="sg" pos="name" postag="N(eigen,ev,basis,zijd,stan)" pt="n" rel="su" rnum="sg" root="Tom" sense="Tom" word="Tom"/>
      <node begin="1" end="2" frame="verb(hebben,past(sg),transitive)" his="normal" his_1="normal" id="3" infl="sg" lcat="smain" lemma="kopen" pos="verb" postag="WW(pv,verl,ev)" pt="ww" pvagr="ev" pvtijd="verl" rel="hd" root="koop" sc="transitive" sense="koop" stype="declarative" tense="past" v_per="thi" word="kocht" wvorm="pv"/>
      <node begin="2" cat="np" end="5" id="4" rel="obj1">
        <node begin="2" cat="detp" end="4" id="5" rel="det">
          <node begin="2" buiging="zonder" end="3" frame="pre_num_adv(pl_indef)" his="normal" his_1="normal" id="6" infl="pl_indef" lcat="advp" lemma="zo&apos;n" naamval="stan" npagr="agr" pdtype="det" pos="det" positie="prenom" postag="VNW(aanw,det,stan,prenom,zonder,agr)" pt="vnw" rel="mod" root="zo&apos;n" sense="zo&apos;n" special="pre_num_adv" vwtype="aanw" word="zo&apos;n"/>
          <node begin="3" end="4" frame="number(hoofd(pl_num))" his="normal" his_1="number_expression" id="7" infl="pl_num" lcat="detp" lemma="vier" naamval="stan" numtype="hoofd" pos="num" positie="prenom" postag="TW(hoofd,prenom,stan)" pt="tw" rel="hd" root="vier" sense="vier" word="vier"/>
        </node>
        <node begin="4" end="5" frame="tmp_noun(het,count,meas)" gen="het" genus="onz" getal="ev" graad="basis" his="normal" his_1="normal" id="8" lcat="np" lemma="uur" naamval="stan" ntype="soort" num="meas" pos="noun" postag="N(soort,ev,basis,onz,stan)" pt="n" rel="hd" rnum="sg" root="uur" sense="uur" special="tmp" word="uur"/>
      </node>
      <node begin="5" cat="pp" end="7" id="9" rel="mod">
        <node begin="5" end="6" frame="preposition(voor,[aan,door,uit,[in,de,plaats]])" his="normal" his_1="normal" id="10" lcat="pp" lemma="voor" pos="prep" postag="VZ(init)" pt="vz" rel="hd" root="voor" sense="voor" vztype="init" word="voor"/>
        <node begin="6" end="7" frame="proper_name(sg,'PER')" genus="zijd" getal="ev" graad="basis" his="normal" his_1="names_dictionary" id="11" lcat="np" lemma="Mary" naamval="stan" neclass="PER" ntype="eigen" num="sg" pos="name" postag="N(eigen,ev,basis,zijd,stan)" pt="n" rel="obj1" rnum="sg" root="Mary" sense="Mary" word="Mary"/>
      </node>
    </node>
    <node begin="7" end="8" frame="punct(punt)" his="normal" his_1="normal" id="12" lcat="punct" lemma="." pos="punct" postag="LET()" pt="let" rel="--" root="." sense="." special="punt" word="."/>
  </node>
  <sentence sentid="639">Tom kocht zo&apos;n vier uur voor Mary .</sentence>
  <comments>
    <comment>Q#639|Tom kocht zo&apos;n vier uur voor Mary .|1|1|-1.1295201624000006</comment>
  </comments>
</alpino_ds>
