<?xml version="1.0" encoding="UTF-8"?>
<alpino_ds version="1.15">
  <parser build="Alpino-x86_64-linux-glibc2.5-git1006-sicstus" date="2023-09-25T08:38" cats="1" skips="0" />
  <node begin="0" cat="top" end="17" id="0" rel="top">
    <node begin="0" cat="smain" end="16" id="1" rel="--">
      <node begin="0" end="1" frame="proper_name(sg,'PER')" genus="zijd" getal="ev" graad="basis" his="normal" his_1="names_dictionary" id="2" lcat="np" lemma="Tom" naamval="stan" neclass="PER" ntype="eigen" num="sg" pos="name" postag="N(eigen,ev,basis,zijd,stan)" pt="n" rel="su" rnum="sg" root="Tom" sense="Tom" word="Tom"/>
      <node begin="1" end="2" frame="verb(hebben,past(sg),transitive)" his="normal" his_1="normal" id="3" infl="sg" lcat="smain" lemma="kopen" pos="verb" postag="WW(pv,verl,ev)" pt="ww" pvagr="ev" pvtijd="verl" rel="hd" root="koop" sc="transitive" sense="koop" stype="declarative" tense="past" v_per="thi" word="kocht" wvorm="pv"/>
      <node begin="2" cat="np" end="5" id="4" rel="obj1">
        <node begin="2" end="3" frame="determiner(een)" his="normal" his_1="normal" id="5" infl="een" lcat="detp" lemma="een" lwtype="onbep" naamval="stan" npagr="agr" pos="det" postag="LID(onbep,stan,agr)" pt="lid" rel="det" root="een" sense="een" word="een"/>
        <node begin="3" end="4" frame="noun(het,count,sg,measure)" gen="het" genus="onz" getal="ev" graad="basis" his="normal" his_1="normal" id="6" lcat="np" lemma="aantal" naamval="stan" ntype="soort" num="sg" pos="noun" postag="N(soort,ev,basis,onz,stan)" pt="n" rel="hd" rnum="sg" root="aantal" sc="measure" sense="aantal" word="aantal"/>
        <node begin="4" end="5" frame="noun(both,both,both)" gen="both" genus="zijd" getal="ev" graad="basis" his="noun" id="7" lcat="np" lemma="klamboes" naamval="stan" ntype="soort" num="both" pos="noun" postag="N(soort,ev,basis,zijd,stan)" pt="n" rel="mod" rnum="sg" root="klamboes" sense="klamboes" word="klamboes"/>
      </node>
      <node aform="base" begin="5" buiging="zonder" end="6" frame="adjective(ge_no_e(adv))" his="normal" his_1="normal" id="8" infl="no_e" lcat="ppart" lemma="maken" pos="adj" positie="vrij" postag="WW(vd,vrij,zonder)" pt="ww" rel="mod" root="maken" sense="maken" vform="psp" word="gemaakt" wvorm="vd"/>
      <node begin="6" cat="pp" end="8" id="9" rel="mod">
        <node begin="6" end="7" frame="preposition(in,[])" his="normal" his_1="normal" id="10" lcat="pp" lemma="in" pos="prep" postag="VZ(init)" pt="vz" rel="hd" root="in" sense="in" vztype="init" word="in"/>
        <node begin="7" end="8" frame="proper_name(sg,'LOC')" genus="onz" getal="ev" graad="basis" his="normal" his_1="names_dictionary" id="11" lcat="np" lemma="China" naamval="stan" neclass="LOC" ntype="eigen" num="sg" pos="name" postag="N(eigen,ev,basis,onz,stan)" pt="n" rel="obj1" rnum="sg" root="China" sense="China" word="China"/>
      </node>
      <node begin="8" cat="oti" end="16" id="12" rel="mod">
        <node begin="8" end="9" frame="complementizer(om)" his="normal" his_1="normal" id="13" lcat="oti" lemma="om" pos="comp" postag="VZ(init)" pt="vz" rel="cmp" root="om" sc="om" sense="om" vztype="init" word="om"/>
        <node begin="9" cat="ti" end="16" id="14" rel="body">
          <node begin="14" end="15" frame="complementizer(te)" his="normal" his_1="normal" id="15" lcat="ti" lemma="te" pos="comp" postag="VZ(init)" pt="vz" rel="cmp" root="te" sc="te" sense="te" vztype="init" word="te"/>
          <node begin="9" cat="inf" end="16" id="16" rel="body">
            <node begin="9" cat="np" end="14" id="17" rel="obj1">
              <node begin="9" end="10" frame="determiner(de)" his="normal" his_1="normal" id="18" infl="de" lcat="detp" lemma="de" lwtype="bep" naamval="stan" npagr="rest" pos="det" postag="LID(bep,stan,rest)" pt="lid" rel="det" root="de" sense="de" word="de"/>
              <node begin="10" end="11" frame="noun(de,mass,sg)" gen="de" genus="zijd" getal="ev" graad="basis" his="normal" his_1="normal" id="19" lcat="np" lemma="elasticiteit" naamval="stan" ntype="soort" num="sg" pos="noun" postag="N(soort,ev,basis,zijd,stan)" pt="n" rel="hd" rnum="sg" root="elasticiteit" sense="elasticiteit" word="elasticiteit"/>
              <node begin="11" cat="pp" end="14" id="20" rel="mod">
                <node begin="11" end="12" frame="preposition(voor,[aan,door,uit,[in,de,plaats]])" his="normal" his_1="normal" id="21" lcat="pp" lemma="voor" pos="prep" postag="VZ(init)" pt="vz" rel="hd" root="voor" sense="voor" vztype="init" word="voor"/>
                <node begin="12" cat="np" end="14" id="22" rel="obj1">
                  <node begin="12" buiging="zonder" end="13" frame="determiner(pron)" getal="ev" his="normal" his_1="normal" id="23" infl="pron" lcat="detp" lemma="zijn" naamval="stan" npagr="agr" pdtype="det" persoon="3" pos="det" positie="prenom" postag="VNW(bez,det,stan,vol,3,ev,prenom,zonder,agr)" pron="true" pt="vnw" rel="det" root="zijn" sense="zijn" status="vol" vwtype="bez" word="zijn"/>
                  <node begin="13" end="14" frame="noun(de,count,pl)" gen="de" getal="mv" graad="basis" his="normal" his_1="normal" id="24" lcat="np" lemma="vriend" ntype="soort" num="pl" pos="noun" postag="N(soort,mv,basis)" pt="n" rel="hd" rnum="pl" root="vriend" sense="vriend" word="vrienden"/>
                </node>
              </node>
            </node>
            <node begin="15" buiging="zonder" end="16" frame="verb(hebben,inf,transitive)" his="normal" his_1="normal" id="25" infl="inf" lcat="inf" lemma="vergroten" pos="verb" positie="vrij" postag="WW(inf,vrij,zonder)" pt="ww" rel="hd" root="vergroot" sc="transitive" sense="vergroot" word="vergroten" wvorm="inf"/>
          </node>
        </node>
      </node>
    </node>
    <node begin="16" end="17" frame="punct(punt)" his="normal" his_1="normal" id="26" lcat="punct" lemma="." pos="punct" postag="LET()" pt="let" rel="--" root="." sense="." special="punt" word="."/>
  </node>
  <sentence sentid="673">Tom kocht een aantal klamboes gemaakt in China om de elasticiteit voor zijn vrienden te vergroten .</sentence>
  <comments>
    <comment>Q#673|Tom kocht een aantal klamboes gemaakt in China om de elasticiteit voor zijn vrienden te vergroten .|1|1|-2.9000795318000003</comment>
  </comments>
</alpino_ds>
