<?xml version="1.0" encoding="UTF-8"?>
<alpino_ds version="1.15">
  <parser build="Alpino-x86_64-linux-glibc2.5-git1006-sicstus" date="2023-09-25T08:38" cats="1" skips="0" />
  <node begin="0" cat="top" end="16" id="0" rel="top">
    <node begin="0" cat="smain" end="15" id="1" rel="--">
      <node begin="0" end="1" frame="proper_name(sg,'PER')" genus="zijd" getal="ev" graad="basis" his="normal" his_1="names_dictionary" id="2" lcat="np" lemma="Tom" naamval="stan" neclass="PER" ntype="eigen" num="sg" pos="name" postag="N(eigen,ev,basis,zijd,stan)" pt="n" rel="su" rnum="sg" root="Tom" sense="Tom" word="Tom"/>
      <node begin="1" end="2" frame="verb(hebben,past(sg),transitive)" his="normal" his_1="normal" id="3" infl="sg" lcat="smain" lemma="kopen" pos="verb" postag="WW(pv,verl,ev)" pt="ww" pvagr="ev" pvtijd="verl" rel="hd" root="koop" sc="transitive" sense="koop" stype="declarative" tense="past" v_per="thi" word="kocht" wvorm="pv"/>
      <node begin="2" cat="np" end="8" id="4" rel="obj1">
        <node begin="2" cat="np" end="4" his="normal" his_1="normal" id="5" rel="det">
          <node begin="2" end="3" frame="determiner(een)" id="6" infl="een" lcat="detp" lemma="een" lwtype="onbep" naamval="stan" npagr="agr" pos="det" postag="LID(onbep,stan,agr)" pt="lid" rel="det" root="een" sense="een" word="een"/>
          <node begin="3" end="4" frame="noun(both,both,sg)" gen="both" genus="onz" getal="ev" graad="basis" id="7" lcat="np" lemma="paar" naamval="stan" ntype="soort" num="sg" pos="noun" postag="N(soort,ev,basis,onz,stan)" pt="n" rel="hd" root="paar" sense="paar" word="paar"/>
        </node>
        <node begin="4" cat="ppart" end="7" id="8" rel="mod">
          <node begin="4" cat="pp" end="6" id="9" rel="mod">
            <node begin="4" end="5" frame="preposition(in,[])" his="normal" his_1="normal" id="10" lcat="pp" lemma="in" pos="prep" postag="VZ(init)" pt="vz" rel="hd" root="in" sense="in" vztype="init" word="in"/>
            <node begin="5" end="6" frame="proper_name(sg,'LOC')" genus="onz" getal="ev" graad="basis" his="normal" his_1="names_dictionary" id="11" lcat="np" lemma="China" naamval="stan" neclass="LOC" ntype="eigen" num="sg" pos="name" postag="N(eigen,ev,basis,onz,stan)" pt="n" rel="obj1" rnum="sg" root="China" sense="China" word="China"/>
          </node>
          <node aform="base" begin="6" buiging="met-e" end="7" frame="adjective(ge_e)" his="normal" his_1="normal" id="12" infl="e" lcat="ppart" lemma="maken" pos="adj" positie="prenom" postag="WW(vd,prenom,met-e)" pt="ww" rel="hd" root="maken" sense="maken" vform="psp" word="gemaakte" wvorm="vd"/>
        </node>
        <node begin="7" end="8" frame="noun(both,both,both)" gen="both" getal="mv" graad="basis" his="noun" id="13" lcat="np" lemma="klamboes" ntype="soort" num="both" pos="noun" postag="N(soort,mv,basis)" pt="n" rel="hd" rnum="pl" root="klamboes" sense="klamboes" word="klamboes"/>
      </node>
      <node begin="8" cat="oti" end="15" id="14" rel="mod">
        <node begin="8" end="9" frame="complementizer(om)" his="normal" his_1="normal" id="15" lcat="oti" lemma="om" pos="comp" postag="VZ(init)" pt="vz" rel="cmp" root="om" sc="om" sense="om" vztype="init" word="om"/>
        <node begin="9" cat="ti" end="15" id="16" rel="body">
          <node begin="13" end="14" frame="complementizer(te)" his="normal" his_1="normal" id="17" lcat="ti" lemma="te" pos="comp" postag="VZ(init)" pt="vz" rel="cmp" root="te" sc="te" sense="te" vztype="init" word="te"/>
          <node begin="9" cat="inf" end="15" id="18" rel="body">
            <node begin="9" cat="pp" end="12" id="19" rel="ld">
              <node begin="9" end="10" frame="preposition(aan,[vooraf])" his="normal" his_1="normal" id="20" lcat="pp" lemma="aan" pos="prep" postag="VZ(init)" pt="vz" rel="hd" root="aan" sense="aan" vztype="init" word="aan"/>
              <node begin="10" cat="np" end="12" id="21" rel="obj1">
                <node begin="10" buiging="zonder" end="11" frame="determiner(pron)" getal="ev" his="normal" his_1="normal" id="22" infl="pron" lcat="detp" lemma="zijn" naamval="stan" npagr="agr" pdtype="det" persoon="3" pos="det" positie="prenom" postag="VNW(bez,det,stan,vol,3,ev,prenom,zonder,agr)" pron="true" pt="vnw" rel="det" root="zijn" sense="zijn" status="vol" vwtype="bez" word="zijn"/>
                <node begin="11" end="12" frame="noun(de,count,pl)" gen="de" getal="mv" graad="basis" his="normal" his_1="normal" id="23" lcat="np" lemma="vriend" ntype="soort" num="pl" pos="noun" postag="N(soort,mv,basis)" pt="n" rel="hd" rnum="pl" root="vriend" sense="vriend" word="vrienden"/>
              </node>
            </node>
            <node begin="12" buiging="zonder" end="13" frame="particle(vast)" graad="basis" his="normal" his_1="normal" id="24" lcat="part" lemma="vast" pos="part" positie="vrij" postag="ADJ(vrij,basis,zonder)" pt="adj" rel="svp" root="vast" sense="vast" word="vast"/>
            <node begin="14" buiging="zonder" end="15" frame="verb(hebben,inf,part_ld_pp(vast))" his="normal" his_1="normal" id="25" infl="inf" lcat="inf" lemma="vast_maken" pos="verb" positie="vrij" postag="WW(inf,vrij,zonder)" pt="ww" rel="hd" root="maak_vast" sc="part_ld_pp(vast)" sense="maak_vast" word="maken" wvorm="inf"/>
          </node>
        </node>
      </node>
    </node>
    <node begin="15" end="16" frame="punct(punt)" his="normal" his_1="normal" id="26" lcat="punct" lemma="." pos="punct" postag="LET()" pt="let" rel="--" root="." sense="." special="punt" word="."/>
  </node>
  <sentence sentid="675">Tom kocht een paar in China gemaakte klamboes om aan zijn vrienden vast te maken .</sentence>
  <comments>
    <comment>Q#675|Tom kocht een paar in China gemaakte klamboes om aan zijn vrienden vast te maken .|1|1|0.7497581493999976</comment>
  </comments>
</alpino_ds>
