<?xml version="1.0" encoding="UTF-8"?>
<alpino_ds version="1.15">
  <parser build="Alpino-x86_64-linux-glibc2.5-git1006-sicstus" date="2023-09-25T08:35" cats="1" skips="0" />
  <node begin="0" cat="top" end="14" id="0" rel="top">
    <node begin="0" cat="smain" end="13" id="1" rel="--">
      <node begin="0" cat="conj" end="3" id="2" rel="su">
        <node begin="0" end="1" frame="proper_name(sg,'PER')" genus="zijd" getal="ev" graad="basis" his="normal" his_1="names_dictionary" id="3" lcat="np" lemma="Tom" naamval="stan" neclass="PER" ntype="eigen" num="sg" pos="name" postag="N(eigen,ev,basis,zijd,stan)" pt="n" rel="cnj" rnum="sg" root="Tom" sense="Tom" word="Tom"/>
        <node begin="1" conjtype="neven" end="2" frame="conj(en)" his="normal" his_1="normal" id="4" lcat="vg" lemma="en" pos="vg" postag="VG(neven)" pt="vg" rel="crd" root="en" sense="en" word="en"/>
        <node begin="2" case="nom" def="def" end="3" frame="pronoun(nwh,fir,sg,de,nom,def)" gen="de" getal="ev" his="normal" his_1="normal" id="5" lcat="np" lemma="ik" naamval="nomin" num="sg" pdtype="pron" per="fir" persoon="1" pos="pron" postag="VNW(pers,pron,nomin,vol,1,ev)" pt="vnw" rel="cnj" rnum="sg" root="ik" sense="ik" status="vol" vwtype="pers" wh="nwh" word="ik"/>
      </node>
      <node begin="3" end="4" frame="verb(hebben,pl,transitive_ndev)" his="normal" his_1="normal" id="6" infl="pl" lcat="smain" lemma="hebben" pos="verb" postag="WW(pv,tgw,mv)" pt="ww" pvagr="mv" pvtijd="tgw" rel="hd" root="heb" sc="transitive_ndev" sense="heb" stype="declarative" tense="present" v_per="thi" word="hebben" wvorm="pv"/>
      <node begin="4" cat="np" end="13" id="7" rel="obj1">
        <node begin="4" end="5" frame="determiner(een)" his="normal" his_1="normal" id="8" infl="een" lcat="detp" lemma="een" lwtype="onbep" naamval="stan" npagr="agr" pos="det" postag="LID(onbep,stan,agr)" pt="lid" rel="det" root="een" sense="een" word="een"/>
        <node begin="5" end="6" frame="noun(het,count,sg,measure)" gen="het" genus="onz" getal="ev" graad="basis" his="normal" his_1="normal" id="9" lcat="np" lemma="aantal" naamval="stan" ntype="soort" num="sg" pos="noun" postag="N(soort,ev,basis,onz,stan)" pt="n" rel="hd" rnum="sg" root="aantal" sc="measure" sense="aantal" word="aantal"/>
        <node begin="6" cat="np" end="13" id="10" rel="mod">
          <node aform="base" begin="6" buiging="met-e" end="7" frame="adjective(ge_e)" his="compound" his_1="2" id="11" infl="e" lcat="ppart" lemma="on_af_maken" pos="adj" positie="prenom" postag="WW(vd,prenom,met-e)" pt="ww" rel="mod" root="on_af_maken" sense="on_af_maken" vform="psp" word="onafgemaakte" wvorm="vd"/>
          <node begin="7" end="8" frame="noun(het,count,pl)" gen="het" getal="mv" graad="basis" his="normal" his_1="normal" id="12" lcat="np" lemma="bedrijf" ntype="soort" num="pl" pos="noun" postag="N(soort,mv,basis)" pt="n" rel="hd" rnum="pl" root="bedrijf" sense="bedrijf" word="bedrijven"/>
          <node begin="8" cat="rel" end="13" id="13" rel="mod">
            <node begin="8" case="no_obl" end="9" frame="rel_pronoun(de,no_obl)" gen="de" getal="getal" his="normal" his_1="normal" id="14" index="1" lcat="np" lemma="die" naamval="stan" pdtype="pron" persoon="persoon" pos="pron" postag="VNW(betr,pron,stan,vol,persoon,getal)" pt="vnw" rel="rhd" rnum="pl" root="die" sense="die" status="vol" vwtype="betr" wh="rel" word="die"/>
            <node begin="8" cat="ssub" end="13" id="15" rel="body">
              <node begin="8" end="9" id="16" index="1" rel="su"/>
              <node begin="10" end="11" frame="verb(unacc,pl,copula)" his="normal" his_1="normal" id="17" infl="pl" lcat="ssub" lemma="zijn" pos="verb" postag="WW(pv,tgw,mv)" pt="ww" pvagr="mv" pvtijd="tgw" rel="hd" root="ben" sc="copula" sense="ben" tense="present" v_per="thi" word="zijn" wvorm="pv"/>
              <node begin="9" cat="np" end="13" id="18" rel="predc">
                <node begin="9" end="10" frame="noun(de,mass,sg)" gen="de" genus="zijd" getal="ev" graad="basis" his="normal" his_1="normal" id="19" lcat="np" lemma="eigendom" naamval="stan" ntype="soort" num="sg" pos="noun" postag="N(soort,ev,basis,zijd,stan)" pt="n" rel="hd" rnum="sg" root="eigendom" sense="eigendom" word="eigendom"/>
                <node begin="11" cat="pp" end="13" id="20" rel="mod">
                  <node begin="11" end="12" frame="preposition(van,[af,uit,vandaan,[af,aan]])" his="normal" his_1="normal" id="21" lcat="pp" lemma="van" pos="prep" postag="VZ(init)" pt="vz" rel="hd" root="van" sense="van" vztype="init" word="van"/>
                  <node begin="12" end="13" frame="noun(de,count,pl)" gen="de" getal="mv" graad="basis" his="normal" his_1="normal" id="22" lcat="np" lemma="werknemer" ntype="soort" num="pl" pos="noun" postag="N(soort,mv,basis)" pt="n" rel="obj1" rnum="pl" root="werknemer" sense="werknemer" word="werknemers"/>
                </node>
              </node>
            </node>
          </node>
        </node>
      </node>
    </node>
    <node begin="13" end="14" frame="punct(punt)" his="normal" his_1="normal" id="23" lcat="punct" lemma="." pos="punct" postag="LET()" pt="let" rel="--" root="." sense="." special="punt" word="."/>
  </node>
  <sentence sentid="73">Tom en ik hebben een aantal onafgemaakte bedrijven die eigendom zijn van werknemers .</sentence>
  <comments>
    <comment>Q#73|Tom en ik hebben een aantal onafgemaakte bedrijven die eigendom zijn van werknemers .|1|1|-6.9106146935999995</comment>
  </comments>
</alpino_ds>
