<?xml version="1.0" encoding="UTF-8"?>
<alpino_ds version="1.15">
  <parser build="Alpino-x86_64-linux-glibc2.5-git1006-sicstus" date="2023-09-25T08:39" cats="1" skips="0" />
  <node begin="0" cat="top" end="7" id="0" rel="top">
    <node begin="0" cat="smain" end="6" id="1" rel="--">
      <node begin="0" end="1" frame="proper_name(sg,'PER')" genus="zijd" getal="ev" graad="basis" his="normal" his_1="names_dictionary" id="2" index="1" lcat="np" lemma="Tom" naamval="stan" neclass="PER" ntype="eigen" num="sg" pos="name" postag="N(eigen,ev,basis,zijd,stan)" pt="n" rel="su" rnum="sg" root="Tom" sense="Tom" word="Tom"/>
      <node begin="1" end="2" frame="verb(hebben,sg_heeft,aux_psp_hebben)" his="normal" his_1="normal" id="3" infl="sg_heeft" lcat="smain" lemma="hebben" pos="verb" postag="WW(pv,tgw,met-t)" pt="ww" pvagr="met-t" pvtijd="tgw" rel="hd" root="heb" sc="aux_psp_hebben" sense="heb" stype="declarative" tense="present" v_per="thi" word="heeft" wvorm="pv"/>
      <node begin="0" cat="ppart" end="6" id="4" rel="vc">
        <node begin="0" end="1" id="5" index="1" rel="su"/>
        <node begin="2" cat="pp" end="4" id="6" rel="mod">
          <node begin="2" end="3" frame="preposition(voor,[aan,door,uit,[in,de,plaats]])" his="normal" his_1="normal" id="7" lcat="pp" lemma="voor" pos="prep" postag="VZ(init)" pt="vz" rel="hd" root="voor" sense="voor" vztype="init" word="voor"/>
          <node begin="3" end="4" frame="noun(de,count,sg)" gen="de" getal="ev" his="normal" his_1="normal" id="8" lcat="np" lemma="iemand" naamval="stan" num="sg" pdtype="pron" persoon="3p" pos="noun" postag="VNW(onbep,pron,stan,vol,3p,ev)" pt="vnw" rel="obj1" rnum="sg" root="iemand" sense="iemand" status="vol" vwtype="onbep" word="iemand"/>
        </node>
        <node begin="4" end="5" frame="noun(het,count,pl)" gen="het" getal="mv" graad="dim" his="normal" his_1="normal" id="9" lcat="np" lemma="chocola" ntype="soort" num="pl" pos="noun" postag="N(soort,mv,dim)" pt="n" rel="obj1" rnum="pl" root="chocola_DIM" sense="chocola_DIM" word="chocolaatjes"/>
        <node begin="5" buiging="zonder" end="6" frame="verb(hebben,psp,transitive)" his="normal" his_1="normal" id="10" infl="psp" lcat="ppart" lemma="kopen" pos="verb" positie="vrij" postag="WW(vd,vrij,zonder)" pt="ww" rel="hd" root="koop" sc="transitive" sense="koop" word="gekocht" wvorm="vd"/>
      </node>
    </node>
    <node begin="6" end="7" frame="punct(punt)" his="normal" his_1="normal" id="11" lcat="punct" lemma="." pos="punct" postag="LET()" pt="let" rel="--" root="." sense="." special="punt" word="."/>
  </node>
  <sentence sentid="786">Tom heeft voor iemand chocolaatjes gekocht .</sentence>
  <comments>
    <comment>Q#786|Tom heeft voor iemand chocolaatjes gekocht .|1|1|-3.3064007112000002</comment>
  </comments>
</alpino_ds>
