<?xml version="1.0" encoding="UTF-8"?>
<alpino_ds version="1.15">
  <parser build="Alpino-x86_64-linux-glibc2.5-git1006-sicstus" date="2023-09-25T08:39" cats="1" skips="0" />
  <node begin="0" cat="top" end="7" id="0" rel="top">
    <node begin="0" cat="smain" end="6" id="1" rel="--">
      <node begin="0" end="1" frame="proper_name(sg,'PER')" genus="zijd" getal="ev" graad="basis" his="normal" his_1="names_dictionary" id="2" lcat="np" lemma="Tom" naamval="stan" neclass="PER" ntype="eigen" num="sg" pos="name" postag="N(eigen,ev,basis,zijd,stan)" pt="n" rel="su" rnum="sg" root="Tom" sense="Tom" word="Tom"/>
      <node begin="1" end="2" frame="verb(hebben,past(sg),part_transitive(af))" his="normal" his_1="normal" id="3" infl="sg" lcat="smain" lemma="af_breken" pos="verb" postag="WW(pv,verl,ev)" pt="ww" pvagr="ev" pvtijd="verl" rel="hd" root="breek_af" sc="part_transitive(af)" sense="breek_af" stype="declarative" tense="past" v_per="thi" word="brak" wvorm="pv"/>
      <node begin="2" cat="np" end="5" id="4" rel="obj1">
        <node begin="2" buiging="zonder" end="3" frame="determiner(pron)" getal="ev" his="normal" his_1="normal" id="5" infl="pron" lcat="detp" lemma="zijn" naamval="stan" npagr="agr" pdtype="det" persoon="3" pos="det" positie="prenom" postag="VNW(bez,det,stan,vol,3,ev,prenom,zonder,agr)" pron="true" pt="vnw" rel="det" root="zijn" sense="zijn" status="vol" vwtype="bez" word="zijn"/>
        <node begin="3" buiging="met-e" end="4" frame="adj_number(pl_num)" getal="mv" graad="basis" his="normal" his_1="normal" id="6" infl="pl_num" lcat="detp" lemma="beide" naamval="stan" pdtype="grad" pos="det" positie="prenom" postag="VNW(onbep,grad,stan,prenom,met-e,mv,basis)" pt="vnw" rel="det" root="beide" sense="beide" special="adj_number" vwtype="onbep" word="beide"/>
        <node begin="4" end="5" frame="tmp_noun(de,count,pl)" gen="de" getal="mv" graad="basis" his="normal" his_1="normal" id="7" lcat="np" lemma="reis" ntype="soort" num="pl" pos="noun" postag="N(soort,mv,basis)" pt="n" rel="hd" rnum="pl" root="reis" sense="reis" special="tmp" word="reizen"/>
      </node>
      <node begin="5" end="6" frame="particle(af)" his="normal" his_1="normal" id="8" lcat="part" lemma="af" pos="part" postag="VZ(fin)" pt="vz" rel="svp" root="af" sense="af" vztype="fin" word="af"/>
    </node>
    <node begin="6" end="7" frame="punct(punt)" his="normal" his_1="normal" id="9" lcat="punct" lemma="." pos="punct" postag="LET()" pt="let" rel="--" root="." sense="." special="punt" word="."/>
  </node>
  <sentence sentid="792">Tom brak zijn beide reizen af .</sentence>
  <comments>
    <comment>Q#792|Tom brak zijn beide reizen af .|1|1|-3.9755114566000005</comment>
  </comments>
</alpino_ds>
