<?xml version="1.0" encoding="UTF-8"?>
<alpino_ds version="1.15">
  <parser build="Alpino-x86_64-linux-glibc2.5-git1006-sicstus" date="2023-09-25T08:39" cats="1" skips="0" />
  <node begin="0" cat="top" end="8" id="0" rel="top">
    <node begin="0" cat="smain" end="7" id="1" rel="--">
      <node begin="0" end="1" frame="proper_name(sg,'PER')" genus="zijd" getal="ev" graad="basis" his="normal" his_1="names_dictionary" id="2" lcat="np" lemma="Tom" naamval="stan" neclass="PER" ntype="eigen" num="sg" pos="name" postag="N(eigen,ev,basis,zijd,stan)" pt="n" rel="su" rnum="sg" root="Tom" sense="Tom" word="Tom"/>
      <node begin="1" end="2" frame="verb(hebben,sg3,transitive)" his="normal" his_1="normal" id="3" infl="sg3" lcat="smain" lemma="poetsen" pos="verb" postag="WW(pv,tgw,met-t)" pt="ww" pvagr="met-t" pvtijd="tgw" rel="hd" root="poets" sc="transitive" sense="poets" stype="declarative" tense="present" v_per="thi" word="poetst" wvorm="pv"/>
      <node begin="2" cat="np" end="4" id="4" rel="obj1">
        <node begin="2" buiging="zonder" end="3" frame="determiner(pron)" getal="ev" his="normal" his_1="normal" id="5" infl="pron" lcat="detp" lemma="zijn" naamval="stan" npagr="agr" pdtype="det" persoon="3" pos="det" positie="prenom" postag="VNW(bez,det,stan,vol,3,ev,prenom,zonder,agr)" pron="true" pt="vnw" rel="det" root="zijn" sense="zijn" status="vol" vwtype="bez" word="zijn"/>
        <node begin="3" end="4" frame="noun(de,count,pl)" gen="de" getal="mv" graad="basis" his="normal" his_1="normal" id="6" lcat="np" lemma="tand" ntype="soort" num="pl" pos="noun" postag="N(soort,mv,basis)" pt="n" rel="hd" rnum="pl" root="tand" sense="tand" word="tanden"/>
      </node>
      <node begin="4" cat="pp" end="7" id="7" rel="mod">
        <node begin="4" end="5" frame="preposition(na,[])" his="normal" his_1="normal" id="8" lcat="pp" lemma="na" pos="prep" postag="VZ(init)" pt="vz" rel="hd" root="na" sense="na" vztype="init" word="na"/>
        <node begin="5" cat="np" end="7" id="9" rel="obj1">
          <node begin="5" buiging="zonder" end="6" frame="determiner(het,nwh,mod,pro,yparg)" his="normal" his_1="normal" id="10" infl="het" lcat="detp" lemma="elk" naamval="stan" npagr="evon" pdtype="det" pos="det" positie="prenom" postag="VNW(onbep,det,stan,prenom,zonder,evon)" pt="vnw" rel="det" root="elk" sense="elk" vwtype="onbep" wh="nwh" word="elk"/>
          <node begin="6" end="7" frame="noun(het,count,sg)" gen="het" genus="onz" getal="ev" graad="basis" his="compound" his_1="2" id="11" lcat="np" lemma="voeding_product" naamval="stan" ntype="soort" num="sg" pos="noun" postag="N(soort,ev,basis,onz,stan)" pt="n" rel="hd" rnum="sg" root="voeding_product" sense="voeding_product" word="voedingsproduct"/>
        </node>
      </node>
    </node>
    <node begin="7" end="8" frame="punct(punt)" his="normal" his_1="normal" id="12" lcat="punct" lemma="." pos="punct" postag="LET()" pt="let" rel="--" root="." sense="." special="punt" word="."/>
  </node>
  <sentence sentid="804">Tom poetst zijn tanden na elk voedingsproduct .</sentence>
  <comments>
    <comment>Q#804|Tom poetst zijn tanden na elk voedingsproduct .|1|1|-2.8735561214999987</comment>
  </comments>
</alpino_ds>
