<?xml version="1.0" encoding="UTF-8"?>
<alpino_ds version="1.15">
  <parser build="Alpino-x86_64-linux-glibc2.5-git1006-sicstus" date="2023-09-25T08:39" cats="1" skips="0" />
  <node begin="0" cat="top" end="12" id="0" rel="top">
    <node begin="0" cat="conj" end="11" id="1" rel="--">
      <node begin="0" cat="smain" end="5" id="2" rel="cnj">
        <node begin="0" end="1" frame="proper_name(sg,'PER')" genus="zijd" getal="ev" graad="basis" his="normal" his_1="names_dictionary" id="3" index="1" lcat="np" lemma="Tom" naamval="stan" neclass="PER" ntype="eigen" num="sg" pos="name" postag="N(eigen,ev,basis,zijd,stan)" pt="n" rel="su" rnum="sg" root="Tom" sense="Tom" word="Tom"/>
        <node begin="1" end="2" frame="verb('hebben/zijn',past(sg),ld_pp)" his="normal" his_1="normal" id="4" infl="sg" lcat="smain" lemma="botsen" pos="verb" postag="WW(pv,verl,ev)" pt="ww" pvagr="ev" pvtijd="verl" rel="hd" root="bots" sc="ld_pp" sense="bots" tense="past" v_per="thi" word="botste" wvorm="pv"/>
        <node begin="2" cat="pp" end="5" id="5" rel="ld">
          <node begin="2" end="3" frame="preposition(tegen,[aan,in,op])" his="normal" his_1="normal" id="6" lcat="pp" lemma="tegen" pos="prep" postag="VZ(init)" pt="vz" rel="hd" root="tegen" sense="tegen" vztype="init" word="tegen"/>
          <node begin="3" end="4" frame="proper_name(sg,'PER')" genus="zijd" getal="ev" graad="basis" his="normal" his_1="names_dictionary" id="7" lcat="np" lemma="Mary" naamval="stan" neclass="PER" ntype="eigen" num="sg" pos="name" postag="N(eigen,ev,basis,zijd,stan)" pt="n" rel="obj1" rnum="sg" root="Mary" sense="Mary" word="Mary"/>
          <node begin="4" end="5" frame="particle(aan)" his="normal" his_1="normal" id="8" lcat="part" lemma="aan" pos="part" postag="VZ(fin)" pt="vz" rel="hdf" root="aan" sense="aan" vztype="fin" word="aan"/>
        </node>
      </node>
      <node begin="5" conjtype="neven" end="6" frame="conj(en)" his="normal" his_1="normal" id="9" lcat="vg" lemma="en" pos="vg" postag="VG(neven)" pt="vg" rel="crd" root="en" sense="en" word="en"/>
      <node begin="0" cat="smain" end="11" id="10" rel="cnj">
        <node begin="0" end="1" id="11" index="1" rel="su"/>
        <node begin="6" end="7" frame="verb(hebben,past(sg),transitive)" his="normal" his_1="normal" id="12" infl="sg" lcat="smain" lemma="morsen" pos="verb" postag="WW(pv,verl,ev)" pt="ww" pvagr="ev" pvtijd="verl" rel="hd" root="mors" sc="transitive" sense="mors" tense="past" v_per="thi" word="morste" wvorm="pv"/>
        <node begin="7" cat="np" end="9" id="13" rel="obj1">
          <node begin="7" buiging="zonder" end="8" frame="determiner(pron)" getal="ev" his="normal" his_1="normal" id="14" infl="pron" lcat="detp" lemma="zijn" naamval="stan" npagr="agr" pdtype="det" persoon="3" pos="det" positie="prenom" postag="VNW(bez,det,stan,vol,3,ev,prenom,zonder,agr)" pron="true" pt="vnw" rel="det" root="zijn" sense="zijn" status="vol" vwtype="bez" word="zijn"/>
          <node begin="8" end="9" frame="noun(het,count,sg)" gen="het" genus="onz" getal="ev" graad="dim" his="normal" his_1="normal" id="15" lcat="np" lemma="drank" naamval="stan" ntype="soort" num="sg" pos="noun" postag="N(soort,ev,dim,onz,stan)" pt="n" rel="hd" rnum="sg" root="drank_DIM" sense="drank_DIM" word="drankje"/>
        </node>
        <node begin="9" cat="pp" end="11" id="16" rel="mod">
          <node begin="9" end="10" frame="preposition(op,[af,na])" his="normal" his_1="normal" id="17" lcat="pp" lemma="op" pos="prep" postag="VZ(init)" pt="vz" rel="hd" root="op" sense="op" vztype="init" word="op"/>
          <node begin="10" case="dat_acc" def="def" end="11" frame="pronoun(nwh,thi,sg,de,dat_acc,def)" gen="de" genus="fem" getal="getal" his="normal" his_1="normal" id="18" lcat="np" lemma="haar" naamval="obl" num="sg" pdtype="pron" per="thi" persoon="3" pos="pron" postag="VNW(pers,pron,obl,vol,3,getal,fem)" pt="vnw" rel="obj1" rnum="sg" root="haar" sense="haar" status="vol" vwtype="pers" wh="nwh" word="haar"/>
        </node>
      </node>
    </node>
    <node begin="11" end="12" frame="punct(punt)" his="normal" his_1="normal" id="19" lcat="punct" lemma="." pos="punct" postag="LET()" pt="let" rel="--" root="." sense="." special="punt" word="."/>
  </node>
  <sentence sentid="816">Tom botste tegen Mary aan en morste zijn drankje op haar .</sentence>
  <comments>
    <comment>Q#816|Tom botste tegen Mary aan en morste zijn drankje op haar .|1|1|0.7110784470000006</comment>
  </comments>
</alpino_ds>
