<?xml version="1.0" encoding="UTF-8"?>
<alpino_ds version="1.15">
  <parser build="Alpino-x86_64-linux-glibc2.5-git1006-sicstus" date="2023-09-25T08:39" cats="1" skips="0" />
  <node begin="0" cat="top" end="5" id="0" rel="top">
    <node begin="0" cat="smain" end="5" id="1" rel="--">
      <node begin="0" end="1" frame="proper_name(sg,'PER')" genus="zijd" getal="ev" graad="basis" his="normal" his_1="names_dictionary" id="2" lcat="np" lemma="Tom" naamval="stan" neclass="PER" ntype="eigen" num="sg" pos="name" postag="N(eigen,ev,basis,zijd,stan)" pt="n" rel="su" rnum="sg" root="Tom" sense="Tom" word="Tom"/>
      <node begin="1" end="2" frame="verb(unacc,past(sg),part_pc_pp(uit,in))" his="normal" his_1="normal" id="3" infl="sg" lcat="smain" lemma="uit_barsten" pos="verb" postag="WW(pv,verl,ev)" pt="ww" pvagr="ev" pvtijd="verl" rel="hd" root="barst_uit" sc="part_pc_pp(uit,in)" sense="barst_uit-in" stype="declarative" tense="past" v_per="thi" word="barstte" wvorm="pv"/>
      <node begin="2" cat="pp" end="4" id="4" rel="pc">
        <node begin="2" end="3" frame="preposition(in,[])" his="normal" his_1="normal" id="5" lcat="pp" lemma="in" pos="prep" postag="VZ(init)" pt="vz" rel="hd" root="in" sense="in" vztype="init" word="in"/>
        <node begin="3" end="4" frame="noun(de,count,pl)" gen="de" getal="mv" graad="basis" his="normal" his_1="normal" id="6" lcat="np" lemma="traan" ntype="soort" num="pl" pos="noun" postag="N(soort,mv,basis)" pt="n" rel="obj1" rnum="pl" root="traan" sense="traan" word="tranen"/>
      </node>
      <node begin="4" end="5" frame="particle(uit)" his="normal" his_1="normal" id="7" lcat="part" lemma="uit" pos="part" postag="VZ(fin)" pt="vz" rel="svp" root="uit" sense="uit" vztype="fin" word="uit"/>
    </node>
  </node>
  <sentence sentid="817">Tom barstte in tranen uit</sentence>
  <comments>
    <comment>Q#817|Tom barstte in tranen uit|1|1|-2.9151544250999994</comment>
  </comments>
</alpino_ds>
