<?xml version="1.0" encoding="UTF-8"?>
<alpino_ds version="1.15">
  <parser build="Alpino-x86_64-linux-glibc2.5-git1006-sicstus" date="2023-09-25T08:39" cats="1" skips="0" />
  <node begin="0" cat="top" end="9" id="0" rel="top">
    <node begin="0" cat="conj" end="8" id="1" rel="--">
      <node begin="0" cat="smain" end="4" id="2" rel="cnj">
        <node begin="0" end="1" frame="proper_name(sg,'PER')" genus="zijd" getal="ev" graad="basis" his="normal" his_1="names_dictionary" id="3" index="1" lcat="np" lemma="Tom" naamval="stan" neclass="PER" ntype="eigen" num="sg" pos="name" postag="N(eigen,ev,basis,zijd,stan)" pt="n" rel="su" rnum="sg" root="Tom" sense="Tom" word="Tom"/>
        <node begin="1" end="2" frame="verb('hebben/zijn',modal_not_u,aux(inf))" his="normal" his_1="normal" id="4" infl="modal_not_u" lcat="smain" lemma="kunnen" pos="verb" postag="WW(pv,tgw,ev)" pt="ww" pvagr="ev" pvtijd="tgw" rel="hd" root="kan" sc="aux(inf)" sense="kan" stype="declarative" tense="present" v_per="thi" word="kan" wvorm="pv"/>
        <node begin="0" cat="inf" end="4" id="5" rel="vc">
          <node begin="0" end="1" id="6" index="1" rel="su"/>
          <node begin="2" end="3" frame="adverb" his="normal" his_1="normal" id="7" lcat="advp" lemma="niet" pos="adv" postag="BW()" pt="bw" rel="mod" root="niet" sense="niet" word="niet"/>
          <node begin="3" buiging="zonder" end="4" frame="verb(hebben,inf,intransitive)" his="normal" his_1="normal" id="8" infl="inf" lcat="inf" lemma="zwemmen" pos="verb" positie="vrij" postag="WW(inf,vrij,zonder)" pt="ww" rel="hd" root="zwem" sc="intransitive" sense="zwem" word="zwemmen" wvorm="inf"/>
        </node>
      </node>
      <node begin="4" conjtype="neven" end="5" frame="conj(en)" his="normal" his_1="normal" id="9" lcat="vg" lemma="en" pos="vg" postag="VG(neven)" pt="vg" rel="crd" root="en" sense="en" word="en"/>
      <node begin="5" cat="du" end="8" id="10" rel="cnj">
        <node begin="5" end="6" frame="proper_name(sg,'PER')" genus="zijd" getal="ev" graad="basis" his="normal" his_1="names_dictionary" id="11" lcat="np" lemma="Mary" naamval="stan" neclass="PER" ntype="eigen" num="sg" pos="name" postag="N(eigen,ev,basis,zijd,stan)" pt="n" rel="dp" rnum="sg" root="Mary" sense="Mary" word="Mary"/>
        <node begin="6" cat="advp" end="8" id="12" rel="dp">
          <node begin="6" end="7" frame="modal_adverb" his="normal" his_1="normal" id="13" lcat="advp" lemma="ook" pos="adv" postag="BW()" pt="bw" rel="mod" root="ook" sc="modal" sense="ook" word="ook"/>
          <node begin="7" end="8" frame="adverb" his="normal" his_1="normal" id="14" lcat="advp" lemma="niet" pos="adv" postag="BW()" pt="bw" rel="hd" root="niet" sense="niet" word="niet"/>
        </node>
      </node>
    </node>
    <node begin="8" end="9" frame="punct(punt)" his="normal" his_1="normal" id="15" lcat="punct" lemma="." pos="punct" postag="LET()" pt="let" rel="--" root="." sense="." special="punt" word="."/>
  </node>
  <sentence sentid="822">Tom kan niet zwemmen en Mary ook niet .</sentence>
  <comments>
    <comment>Q#822|Tom kan niet zwemmen en Mary ook niet .|1|1|1.2241174419999994</comment>
  </comments>
</alpino_ds>
