<?xml version="1.0" encoding="UTF-8"?>
<alpino_ds version="1.15">
  <parser build="Alpino-x86_64-linux-glibc2.5-git1006-sicstus" date="2023-09-25T08:39" cats="1" skips="0" />
  <node begin="0" cat="top" end="17" id="0" rel="top">
    <node begin="0" cat="conj" end="16" id="1" rel="--">
      <node begin="0" cat="smain" end="4" id="2" rel="cnj">
        <node begin="0" end="1" frame="proper_name(sg,'PER')" genus="zijd" getal="ev" graad="basis" his="normal" his_1="names_dictionary" id="3" index="1" lcat="np" lemma="Tom" naamval="stan" neclass="PER" ntype="eigen" num="sg" pos="name" postag="N(eigen,ev,basis,zijd,stan)" pt="n" rel="su" rnum="sg" root="Tom" sense="Tom" word="Tom"/>
        <node begin="1" end="2" frame="verb(hebben,past(sg),transitive)" his="normal" his_1="normal" id="4" infl="sg" lcat="smain" lemma="bellen" pos="verb" postag="WW(pv,verl,ev)" pt="ww" pvagr="ev" pvtijd="verl" rel="hd" root="bel" sc="transitive" sense="bel" tense="past" v_per="thi" word="belde" wvorm="pv"/>
        <node begin="2" end="3" frame="proper_name(sg,'PER')" genus="zijd" getal="ev" graad="basis" his="normal" his_1="names_dictionary" id="5" lcat="np" lemma="Mary" naamval="stan" neclass="PER" ntype="eigen" num="sg" pos="name" postag="N(eigen,ev,basis,zijd,stan)" pt="n" rel="obj1" rnum="sg" root="Mary" sense="Mary" word="Mary"/>
        <node begin="3" end="4" frame="tmp_adverb" his="normal" his_1="normal" id="6" lcat="advp" lemma="gisteravond" pos="adv" postag="BW()" pt="bw" rel="mod" root="gisteravond" sense="gisteravond" special="tmp" word="gisteravond"/>
      </node>
      <node begin="4" conjtype="neven" end="5" frame="conj(en)" his="normal" his_1="normal" id="7" lcat="vg" lemma="en" pos="vg" postag="VG(neven)" pt="vg" rel="crd" root="en" sense="en" word="en"/>
      <node begin="0" cat="smain" end="16" id="8" rel="cnj">
        <node begin="0" end="1" id="9" index="1" rel="su"/>
        <node begin="5" end="6" frame="verb(hebben,past(sg),part_np_vp_obj1(aan))" his="normal" his_1="normal" id="10" infl="sg" lcat="smain" lemma="aan_moedigen" pos="verb" postag="WW(pv,verl,ev)" pt="ww" pvagr="ev" pvtijd="verl" rel="hd" root="moedig_aan" sc="part_np_vp_obj1(aan)" sense="moedig_aan" tense="past" v_per="thi" word="moedigde" wvorm="pv"/>
        <node begin="6" case="dat_acc" def="def" end="7" frame="pronoun(nwh,thi,sg,de,dat_acc,def)" gen="de" genus="fem" getal="getal" his="normal" his_1="normal" id="11" index="2" lcat="np" lemma="haar" naamval="obl" num="sg" pdtype="pron" per="thi" persoon="3" pos="pron" postag="VNW(pers,pron,obl,vol,3,getal,fem)" pt="vnw" rel="obj1" rnum="sg" root="haar" sense="haar" status="vol" vwtype="pers" wh="nwh" word="haar"/>
        <node begin="7" end="8" frame="particle(aan)" his="normal" his_1="normal" id="12" lcat="part" lemma="aan" pos="part" postag="VZ(fin)" pt="vz" rel="svp" root="aan" sense="aan" vztype="fin" word="aan"/>
        <node begin="6" cat="oti" end="16" id="13" rel="vc">
          <node begin="8" end="9" frame="complementizer(om)" his="normal" his_1="normal" id="14" lcat="oti" lemma="om" pos="comp" postag="VZ(init)" pt="vz" rel="cmp" root="om" sc="om" sense="om" vztype="init" word="om"/>
          <node begin="6" cat="ti" end="16" id="15" rel="body">
            <node begin="14" end="15" frame="complementizer(te)" his="normal" his_1="normal" id="16" lcat="ti" lemma="te" pos="comp" postag="VZ(init)" pt="vz" rel="cmp" root="te" sc="te" sense="te" vztype="init" word="te"/>
            <node begin="6" cat="inf" end="16" id="17" rel="body">
              <node begin="6" end="7" id="18" index="2" rel="su"/>
              <node begin="9" end="10" frame="reflexive(u_thi,both)" getal="getal" his="normal" his_1="normal" id="19" lcat="np" lemma="zich" naamval="obl" num="both" pdtype="pron" per="u_thi" persoon="3" pos="pron" postag="VNW(refl,pron,obl,red,3,getal)" pt="vnw" refl="refl" rel="se" root="zich" sense="zich" status="red" vwtype="refl" word="zich"/>
              <node begin="10" cat="pp" end="13" id="20" rel="pc">
                <node begin="10" end="11" frame="preposition(bij,[vandaan])" his="normal" his_1="normal" id="21" lcat="pp" lemma="bij" pos="prep" postag="VZ(init)" pt="vz" rel="hd" root="bij" sense="bij" vztype="init" word="bij"/>
                <node begin="11" cat="np" end="13" id="22" rel="obj1">
                  <node begin="11" end="12" frame="determiner(het,nwh,nmod,pro,nparg,wkpro)" his="normal" his_1="normal" id="23" infl="het" lcat="detp" lemma="het" lwtype="bep" naamval="stan" npagr="evon" pos="det" postag="LID(bep,stan,evon)" pt="lid" rel="det" root="het" sense="het" wh="nwh" word="het"/>
                  <node begin="12" end="13" frame="noun(het,count,sg)" gen="het" genus="onz" getal="ev" graad="basis" his="normal" his_1="normal" id="24" lcat="np" lemma="team" naamval="stan" ntype="soort" num="sg" pos="noun" postag="N(soort,ev,basis,onz,stan)" pt="n" rel="hd" rnum="sg" root="team" sense="team" word="team"/>
                </node>
              </node>
              <node begin="13" end="14" frame="particle(aan)" his="normal" his_1="normal" id="25" lcat="part" lemma="aan" pos="part" postag="VZ(fin)" pt="vz" rel="svp" root="aan" sense="aan" vztype="fin" word="aan"/>
              <node begin="15" buiging="zonder" end="16" frame="verb(hebben,inf,part_refl_pc_pp(aan,bij))" his="normal" his_1="normal" id="26" infl="inf" lcat="inf" lemma="aan_sluiten" pos="verb" positie="vrij" postag="WW(inf,vrij,zonder)" pt="ww" rel="hd" root="sluit_aan" sc="part_refl_pc_pp(aan,bij)" sense="zich-sluit_aan-bij" word="sluiten" wvorm="inf"/>
            </node>
          </node>
        </node>
      </node>
    </node>
    <node begin="16" end="17" frame="punct(punt)" his="normal" his_1="normal" id="27" lcat="punct" lemma="." pos="punct" postag="LET()" pt="let" rel="--" root="." sense="." special="punt" word="."/>
  </node>
  <sentence sentid="827">Tom belde Mary gisteravond en moedigde haar aan om zich bij het team aan te sluiten .</sentence>
  <comments>
    <comment>Q#827|Tom belde Mary gisteravond en moedigde haar aan om zich bij het team aan te sluiten .|1|1|-8.434515536499998</comment>
  </comments>
</alpino_ds>
