<?xml version="1.0" encoding="UTF-8"?>
<alpino_ds version="1.15">
  <parser build="Alpino-x86_64-linux-glibc2.5-git1006-sicstus" date="2023-09-25T08:39" cats="1" skips="0" />
  <node begin="0" cat="top" end="8" id="0" rel="top">
    <node begin="0" cat="smain" end="8" id="1" rel="--">
      <node begin="0" end="1" frame="proper_name(sg,'PER')" genus="zijd" getal="ev" graad="basis" his="normal" his_1="names_dictionary" id="2" lcat="np" lemma="Tom" naamval="stan" neclass="PER" ntype="eigen" num="sg" pos="name" postag="N(eigen,ev,basis,zijd,stan)" pt="n" rel="su" rnum="sg" root="Tom" sense="Tom" word="Tom"/>
      <node begin="1" end="2" frame="verb(unacc,past(sg),part_ld_pp(toe))" his="normal" his_1="normal" id="3" infl="sg" lcat="smain" lemma="toe_komen" pos="verb" postag="WW(pv,verl,ev)" pt="ww" pvagr="ev" pvtijd="verl" rel="hd" root="kom_toe" sc="part_ld_pp(toe)" sense="kom_toe" stype="declarative" tense="past" v_per="thi" word="kwam" wvorm="pv"/>
      <node begin="2" cat="pp" end="5" id="4" rel="mod">
        <node begin="2" end="3" frame="preposition(na,[])" his="normal" his_1="normal" id="5" lcat="pp" lemma="na" pos="prep" postag="VZ(init)" pt="vz" rel="hd" root="na" sense="na" vztype="init" word="na"/>
        <node begin="3" cat="np" end="5" id="6" rel="obj1">
          <node begin="3" end="4" frame="determiner(de)" his="normal" his_1="normal" id="7" infl="de" lcat="detp" lemma="de" lwtype="bep" naamval="stan" npagr="rest" pos="det" postag="LID(bep,stan,rest)" pt="lid" rel="det" root="de" sense="de" word="de"/>
          <node begin="4" end="5" frame="noun(de,count,sg)" gen="de" genus="zijd" getal="ev" graad="basis" his="normal" his_1="normal" id="8" lcat="np" lemma="les" naamval="stan" ntype="soort" num="sg" pos="noun" postag="N(soort,ev,basis,zijd,stan)" pt="n" rel="hd" rnum="sg" root="les" sense="les" word="les"/>
        </node>
      </node>
      <node begin="5" cat="pp" end="7" id="9" rel="ld">
        <node begin="5" end="6" frame="preposition(naar,[toe])" his="normal" his_1="normal" id="10" lcat="pp" lemma="naar" pos="prep" postag="VZ(init)" pt="vz" rel="hd" root="naar" sense="naar" vztype="init" word="naar"/>
        <node begin="6" case="dat_acc" def="def" end="7" frame="pronoun(nwh,fir,sg,de,dat_acc,def)" gen="de" getal="ev" his="normal" his_1="normal" id="11" lcat="np" lemma="mij" naamval="obl" num="sg" pdtype="pron" per="fir" persoon="1" pos="pron" postag="VNW(pr,pron,obl,vol,1,ev)" pt="vnw" rel="obj1" rnum="sg" root="mij" sense="mij" status="vol" vwtype="pr" wh="nwh" word="mij"/>
      </node>
      <node begin="7" end="8" frame="particle(toe)" his="normal" his_1="normal" id="12" lcat="part" lemma="toe" pos="part" postag="VZ(fin)" pt="vz" rel="svp" root="toe" sense="toe" vztype="fin" word="toe"/>
    </node>
  </node>
  <sentence sentid="830">Tom kwam na de les naar mij toe</sentence>
  <comments>
    <comment>Q#830|Tom kwam na de les naar mij toe|1|1|-4.596691089699999</comment>
  </comments>
</alpino_ds>
