<?xml version="1.0" encoding="UTF-8"?>
<alpino_ds version="1.15">
  <parser build="Alpino-x86_64-linux-glibc2.5-git1006-sicstus" date="2023-09-25T08:39" cats="1" skips="0" />
  <node begin="0" cat="top" end="8" id="0" rel="top">
    <node begin="0" cat="smain" end="7" id="1" rel="--">
      <node begin="0" end="1" frame="proper_name(sg,'PER')" genus="zijd" getal="ev" graad="basis" his="normal" his_1="names_dictionary" id="2" lcat="np" lemma="Tom" naamval="stan" neclass="PER" ntype="eigen" num="sg" pos="name" postag="N(eigen,ev,basis,zijd,stan)" pt="n" rel="su" rnum="sg" root="Tom" sense="Tom" word="Tom"/>
      <node begin="1" end="2" frame="verb(hebben,sg3,transitive)" his="normal" his_1="normal" id="3" infl="sg3" lcat="smain" lemma="spreken" pos="verb" postag="WW(pv,tgw,met-t)" pt="ww" pvagr="met-t" pvtijd="tgw" rel="hd" root="spreek" sc="transitive" sense="spreek" stype="declarative" tense="present" v_per="thi" word="spreekt" wvorm="pv"/>
      <node begin="2" end="3" frame="sentence_adverb" his="normal" his_1="normal" id="4" lcat="advp" lemma="ook" pos="adv" postag="BW()" pt="bw" rel="mod" root="ook" sense="ook" special="sentence" word="ook"/>
      <node begin="3" cat="np" end="7" id="5" rel="obj1">
        <node begin="3" end="4" frame="determiner(een)" his="normal" his_1="normal" id="6" infl="een" lcat="detp" lemma="een" lwtype="onbep" naamval="stan" npagr="agr" pos="det" postag="LID(onbep,stan,agr)" pt="lid" rel="det" root="een" sense="een" word="een"/>
        <node begin="4" end="5" frame="mod_noun(het,count,sg)" gen="het" genus="onz" getal="ev" graad="dim" his="normal" his_1="normal" id="7" lcat="np" lemma="beetje" naamval="stan" ntype="soort" num="sg" pos="noun" postag="N(soort,ev,dim,onz,stan)" pt="n" rel="hd" rnum="sg" root="beetje" sense="beetje" special="mod" word="beetje"/>
        <node begin="5" cat="mwu" end="7" his="name" his_1="not_begin" id="8" rel="app">
          <node begin="5" end="6" frame="proper_name(both)" id="9" lcat="np" lemma="Langue" neclass="MISC" num="both" pos="name" postag="SPEC(deeleigen)" pt="spec" rel="mwp" root="Langue" sense="Langue" spectype="deeleigen" word="Langue"/>
          <node begin="6" end="7" frame="proper_name(both)" id="10" lcat="np" lemma="d&apos;oil" neclass="MISC" num="both" pos="name" postag="SPEC(deeleigen)" pt="spec" rel="mwp" root="d&apos;oil" sense="d&apos;oil" spectype="deeleigen" word="d&apos;oil"/>
        </node>
      </node>
    </node>
    <node begin="7" end="8" frame="punct(punt)" his="normal" his_1="normal" id="11" lcat="punct" lemma="." pos="punct" postag="LET()" pt="let" rel="--" root="." sense="." special="punt" word="."/>
  </node>
  <sentence sentid="838">Tom spreekt ook een beetje Langue d&apos;oil .</sentence>
  <comments>
    <comment>Q#838|Tom spreekt ook een beetje Langue d&apos;oil .|1|1|-1.2619800410999995</comment>
  </comments>
</alpino_ds>
