<?xml version="1.0" encoding="UTF-8"?>
<alpino_ds version="1.15">
  <parser build="Alpino-x86_64-linux-glibc2.5-git1006-sicstus" date="2023-09-25T08:39" cats="1" skips="0" />
  <node begin="0" cat="top" end="12" id="0" rel="top">
    <node begin="0" cat="conj" end="11" id="1" rel="--">
      <node begin="0" cat="smain" end="5" id="2" rel="cnj">
        <node begin="0" end="1" frame="proper_name(sg,'PER')" genus="zijd" getal="ev" graad="basis" his="normal" his_1="names_dictionary" id="3" index="1" lcat="np" lemma="Tom" naamval="stan" neclass="PER" ntype="eigen" num="sg" pos="name" postag="N(eigen,ev,basis,zijd,stan)" pt="n" rel="su" rnum="sg" root="Tom" sense="Tom" word="Tom"/>
        <node begin="1" end="2" frame="verb(hebben,past(sg),part_transitive(op))" his="normal" his_1="normal" id="4" infl="sg" lcat="smain" lemma="op_vangen" pos="verb" postag="WW(pv,verl,ev)" pt="ww" pvagr="ev" pvtijd="verl" rel="hd" root="vang_op" sc="part_transitive(op)" sense="vang_op" tense="past" v_per="thi" word="ving" wvorm="pv"/>
        <node begin="2" cat="np" end="4" id="5" rel="obj1">
          <node begin="2" end="3" frame="name_determiner(pron,'PER')" getal="ev" graad="basis" his="normal" his_1="gen" his_1_1="names_dictionary" id="6" infl="pron" lcat="detp" lemma="Mary" naamval="gen" neclass="PER" ntype="eigen" pos="det" postag="N(eigen,ev,basis,gen)" pt="n" rel="det" root="Mary" sense="Mary" special="name" word="Mary&apos;s"/>
          <node begin="3" end="4" frame="noun(het,count,sg)" gen="het" genus="onz" getal="ev" graad="basis" his="normal" his_1="normal" id="7" lcat="np" lemma="blik" naamval="stan" ntype="soort" num="sg" pos="noun" postag="N(soort,ev,basis,onz,stan)" pt="n" rel="hd" rnum="sg" root="blik" sense="blik" word="blik"/>
        </node>
        <node begin="4" end="5" frame="particle(op)" his="normal" his_1="normal" id="8" lcat="part" lemma="op" pos="part" postag="VZ(fin)" pt="vz" rel="svp" root="op" sense="op" vztype="fin" word="op"/>
      </node>
      <node begin="5" conjtype="neven" end="6" frame="conj(en)" his="normal" his_1="normal" id="9" lcat="vg" lemma="en" pos="vg" postag="VG(neven)" pt="vg" rel="crd" root="en" sense="en" word="en"/>
      <node begin="0" cat="smain" end="11" id="10" rel="cnj">
        <node begin="0" end="1" id="11" index="1" rel="su"/>
        <node begin="6" end="7" frame="verb(hebben,past(sg),ld_pp)" his="normal" his_1="normal" id="12" infl="sg" lcat="smain" lemma="wijzen" pos="verb" postag="WW(pv,verl,ev)" pt="ww" pvagr="ev" pvtijd="verl" rel="hd" root="wijs" sc="ld_pp" sense="wijs" tense="past" v_per="thi" word="wees" wvorm="pv"/>
        <node begin="7" end="8" frame="tmp_adverb" his="normal" his_1="normal" id="13" lcat="advp" lemma="toen" pos="adv" postag="BW()" pt="bw" rel="mod" root="toen" sense="toen" special="tmp" word="toen"/>
        <node begin="8" cat="pp" end="11" id="14" rel="ld">
          <node begin="8" end="9" frame="preposition(naar,[toe])" his="normal" his_1="normal" id="15" lcat="pp" lemma="naar" pos="prep" postag="VZ(init)" pt="vz" rel="hd" root="naar" sense="naar" vztype="init" word="naar"/>
          <node begin="9" cat="np" end="11" id="16" rel="obj1">
            <node begin="9" buiging="zonder" end="10" frame="determiner(pron)" getal="ev" his="normal" his_1="normal" id="17" infl="pron" lcat="detp" lemma="zijn" naamval="stan" npagr="agr" pdtype="det" persoon="3" pos="det" positie="prenom" postag="VNW(bez,det,stan,vol,3,ev,prenom,zonder,agr)" pron="true" pt="vnw" rel="det" root="zijn" sense="zijn" status="vol" vwtype="bez" word="zijn"/>
            <node begin="10" end="11" frame="noun(het,count,sg)" gen="het" genus="onz" getal="ev" graad="basis" his="normal" his_1="normal" id="18" lcat="np" lemma="horloge" naamval="stan" ntype="soort" num="sg" pos="noun" postag="N(soort,ev,basis,onz,stan)" pt="n" rel="hd" rnum="sg" root="horloge" sense="horloge" word="horloge"/>
          </node>
        </node>
      </node>
    </node>
    <node begin="11" end="12" frame="punct(punt)" his="normal" his_1="normal" id="19" lcat="punct" lemma="." pos="punct" postag="LET()" pt="let" rel="--" root="." sense="." special="punt" word="."/>
  </node>
  <sentence sentid="849">Tom ving Mary&apos;s blik op en wees toen naar zijn horloge .</sentence>
  <comments>
    <comment>Q#849|Tom ving Mary&apos;s blik op en wees toen naar zijn horloge .|1|1|-2.9107148211999987</comment>
  </comments>
</alpino_ds>
