<?xml version="1.0" encoding="UTF-8"?>
<alpino_ds version="1.15">
  <parser build="Alpino-x86_64-linux-glibc2.5-git1006-sicstus" date="2023-09-25T08:39" cats="1" skips="0" />
  <node begin="0" cat="top" end="7" id="0" rel="top">
    <node begin="0" cat="smain" end="7" id="1" rel="--">
      <node begin="0" end="1" frame="proper_name(sg,'PER')" genus="zijd" getal="ev" graad="basis" his="normal" his_1="names_dictionary" id="2" lcat="np" lemma="Tom" naamval="stan" neclass="PER" ntype="eigen" num="sg" pos="name" postag="N(eigen,ev,basis,zijd,stan)" pt="n" rel="su" rnum="sg" root="Tom" sense="Tom" word="Tom"/>
      <node begin="1" end="2" frame="verb(hebben,past(sg),transitive)" his="normal" his_1="normal" id="3" infl="sg" lcat="smain" lemma="vangen" pos="verb" postag="WW(pv,verl,ev)" pt="ww" pvagr="ev" pvtijd="verl" rel="hd" root="vang" sc="transitive" sense="vang" stype="declarative" tense="past" v_per="thi" word="ving" wvorm="pv"/>
      <node begin="2" cat="np" end="7" id="4" rel="obj1">
        <node begin="2" end="3" frame="determiner(een)" his="normal" his_1="normal" id="5" infl="een" lcat="detp" lemma="een" lwtype="onbep" naamval="stan" npagr="agr" pos="det" postag="LID(onbep,stan,agr)" pt="lid" rel="det" root="een" sense="een" word="een"/>
        <node begin="3" end="4" frame="noun(de,count,sg)" gen="de" genus="zijd" getal="ev" graad="basis" his="normal" his_1="normal" id="6" lcat="np" lemma="mug" naamval="stan" ntype="soort" num="sg" pos="noun" postag="N(soort,ev,basis,zijd,stan)" pt="n" rel="hd" rnum="sg" root="mug" sense="mug" word="mug"/>
        <node begin="4" cat="pp" end="7" id="7" rel="mod">
          <node begin="4" end="5" frame="preposition(tussen,[door,in,vandaan])" his="normal" his_1="normal" id="8" lcat="pp" lemma="tussen" pos="prep" postag="VZ(init)" pt="vz" rel="hd" root="tussen" sense="tussen" vztype="init" word="tussen"/>
          <node begin="5" cat="np" end="7" id="9" rel="obj1">
            <node begin="5" buiging="zonder" end="6" frame="determiner(pron)" getal="ev" his="normal" his_1="normal" id="10" infl="pron" lcat="detp" lemma="zijn" naamval="stan" npagr="agr" pdtype="det" persoon="3" pos="det" positie="prenom" postag="VNW(bez,det,stan,vol,3,ev,prenom,zonder,agr)" pron="true" pt="vnw" rel="det" root="zijn" sense="zijn" status="vol" vwtype="bez" word="zijn"/>
            <node begin="6" end="7" frame="noun(de,count,sg)" gen="de" genus="zijd" getal="ev" graad="basis" his="normal" his_1="normal" id="11" lcat="np" lemma="duim" naamval="stan" ntype="soort" num="sg" pos="noun" postag="N(soort,ev,basis,zijd,stan)" pt="n" rel="hd" rnum="sg" root="duim" sense="duim" word="duim"/>
          </node>
        </node>
      </node>
    </node>
  </node>
  <sentence sentid="850">Tom ving een mug tussen zijn duim</sentence>
  <comments>
    <comment>Q#850|Tom ving een mug tussen zijn duim|1|1|-4.098091000499999</comment>
  </comments>
</alpino_ds>
