<?xml version="1.0" encoding="UTF-8"?>
<alpino_ds version="1.15">
  <parser build="Alpino-x86_64-linux-glibc2.5-git1006-sicstus" date="2023-09-25T08:39" cats="1" skips="0" />
  <node begin="0" cat="top" end="11" id="0" rel="top">
    <node begin="0" cat="smain" end="11" id="1" rel="--">
      <node begin="0" end="1" frame="proper_name(sg,'PER')" genus="zijd" getal="ev" graad="basis" his="normal" his_1="names_dictionary" id="2" lcat="np" lemma="Tom" naamval="stan" neclass="PER" ntype="eigen" num="sg" pos="name" postag="N(eigen,ev,basis,zijd,stan)" pt="n" rel="su" rnum="sg" root="Tom" sense="Tom" word="Tom"/>
      <node begin="1" end="2" frame="verb(unacc,sg3,ld_pp)" his="normal" his_1="normal" id="3" infl="sg3" lcat="smain" lemma="komen" pos="verb" postag="WW(pv,tgw,met-t)" pt="ww" pvagr="met-t" pvtijd="tgw" rel="hd" root="kom" sc="ld_pp" sense="kom" stype="declarative" tense="present" v_per="thi" word="komt" wvorm="pv"/>
      <node begin="2" cat="pp" end="11" id="4" rel="ld">
        <node begin="2" end="3" frame="preposition(uit,[vandaan])" his="normal" his_1="normal" id="5" lcat="pp" lemma="uit" pos="prep" postag="VZ(init)" pt="vz" rel="hd" root="uit" sense="uit" vztype="init" word="uit"/>
        <node begin="3" cat="np" end="11" id="6" rel="obj1">
          <node begin="3" end="4" frame="determiner(een)" his="normal" his_1="normal" id="7" infl="een" lcat="detp" lemma="een" lwtype="onbep" naamval="stan" npagr="agr" pos="det" postag="LID(onbep,stan,agr)" pt="lid" rel="det" root="een" sense="een" word="een"/>
          <node begin="4" end="5" frame="noun(de,count,sg)" gen="de" genus="zijd" getal="ev" graad="basis" his="normal" his_1="normal" id="8" lcat="np" lemma="cultuur" naamval="stan" ntype="soort" num="sg" pos="noun" postag="N(soort,ev,basis,zijd,stan)" pt="n" rel="hd" rnum="sg" root="cultuur" sense="cultuur" word="cultuur"/>
          <node begin="5" cat="rel" end="11" id="9" rel="mod">
            <node begin="5" end="6" frame="waar_adverb(in)" his="normal" his_1="normal" id="10" index="1" lcat="pp" lemma="waarin" pos="pp" postag="BW()" pt="bw" rel="rhd" root="waarin" sense="waarin" special="waar" word="waarin"/>
            <node begin="5" cat="ssub" end="11" id="11" rel="body">
              <node begin="5" end="6" id="12" index="1" rel="mod"/>
              <node begin="6" end="7" frame="noun(de,count,pl)" gen="de" getal="mv" graad="basis" his="normal" his_1="normal" id="13" lcat="np" lemma="vrouw" ntype="soort" num="pl" pos="noun" postag="N(soort,mv,basis)" pt="n" rel="su" rnum="pl" root="vrouw" sense="vrouw" word="vrouwen"/>
              <node begin="7" cat="np" end="9" id="14" rel="obj1">
                <node begin="7" buiging="zonder" end="8" frame="determiner(pron)" getal="mv" his="normal" his_1="normal" id="15" infl="pron" lcat="detp" lemma="hun" naamval="stan" npagr="agr" pdtype="det" persoon="3" pos="det" positie="prenom" postag="VNW(bez,det,stan,vol,3,mv,prenom,zonder,agr)" pron="true" pt="vnw" rel="det" root="hun" sense="hun" status="vol" vwtype="bez" word="hun"/>
                <node begin="8" end="9" frame="noun(de,count,pl)" gen="de" getal="mv" graad="basis" his="normal" his_1="normal" id="16" lcat="np" lemma="lip" ntype="soort" num="pl" pos="noun" postag="N(soort,mv,basis)" pt="n" rel="hd" rnum="pl" root="lip" sense="lip" word="lippen"/>
              </node>
              <node aform="base" begin="9" buiging="zonder" end="10" frame="adjective(no_e(adv))" graad="basis" his="normal" his_1="normal" id="17" infl="no_e" lcat="ap" lemma="kunstmatig" pos="adj" positie="vrij" postag="ADJ(vrij,basis,zonder)" pt="adj" rel="predc" root="kunstmatig" sense="kunstmatig" vform="adj" word="kunstmatig"/>
              <node begin="10" end="11" frame="verb(hebben,pl,ap_pred_np)" his="normal" his_1="normal" id="18" infl="pl" lcat="ssub" lemma="kleuren" pos="verb" postag="WW(pv,tgw,mv)" pt="ww" pvagr="mv" pvtijd="tgw" rel="hd" root="kleur" sc="ap_pred_np" sense="kleur" tense="present" v_per="thi" word="kleuren" wvorm="pv"/>
            </node>
          </node>
        </node>
      </node>
    </node>
  </node>
  <sentence sentid="884">Tom komt uit een cultuur waarin vrouwen hun lippen kunstmatig kleuren</sentence>
  <comments>
    <comment>Q#884|Tom komt uit een cultuur waarin vrouwen hun lippen kunstmatig kleuren|1|1|-4.960386188600001</comment>
  </comments>
</alpino_ds>
