<?xml version="1.0" encoding="UTF-8"?>
<alpino_ds version="1.15">
  <parser build="Alpino-x86_64-linux-glibc2.5-git1006-sicstus" date="2023-09-25T08:39" cats="1" skips="0" />
  <node begin="0" cat="top" end="18" id="0" rel="top">
    <node begin="0" cat="smain" end="17" id="1" rel="--">
      <node begin="0" end="1" frame="proper_name(sg,'PER')" genus="zijd" getal="ev" graad="basis" his="normal" his_1="names_dictionary" id="2" lcat="np" lemma="Tom" naamval="stan" neclass="PER" ntype="eigen" num="sg" pos="name" postag="N(eigen,ev,basis,zijd,stan)" pt="n" rel="su" rnum="sg" root="Tom" sense="Tom" word="Tom"/>
      <node begin="1" end="2" frame="verb(unacc,sg3,ld_pp)" his="normal" his_1="normal" id="3" infl="sg3" lcat="smain" lemma="komen" pos="verb" postag="WW(pv,tgw,met-t)" pt="ww" pvagr="met-t" pvtijd="tgw" rel="hd" root="kom" sc="ld_pp" sense="kom" stype="declarative" tense="present" v_per="thi" word="komt" wvorm="pv"/>
      <node begin="2" cat="pp" end="17" id="4" rel="ld">
        <node begin="2" end="3" frame="preposition(uit,[vandaan])" his="normal" his_1="normal" id="5" lcat="pp" lemma="uit" pos="prep" postag="VZ(init)" pt="vz" rel="hd" root="uit" sense="uit" vztype="init" word="uit"/>
        <node begin="3" cat="np" end="17" id="6" rel="obj1">
          <node begin="3" end="4" frame="determiner(een)" his="normal" his_1="normal" id="7" infl="een" lcat="detp" lemma="een" lwtype="onbep" naamval="stan" npagr="agr" pos="det" postag="LID(onbep,stan,agr)" pt="lid" rel="det" root="een" sense="een" word="een"/>
          <node begin="4" end="5" frame="noun(de,count,sg)" gen="de" genus="zijd" getal="ev" graad="basis" his="normal" his_1="normal" id="8" lcat="np" lemma="cultuur" naamval="stan" ntype="soort" num="sg" pos="noun" postag="N(soort,ev,basis,zijd,stan)" pt="n" rel="hd" rnum="sg" root="cultuur" sense="cultuur" word="cultuur"/>
          <node begin="5" cat="rel" end="17" id="9" rel="mod">
            <node begin="5" end="6" frame="waar_adverb(in)" his="normal" his_1="normal" id="10" index="1" lcat="pp" lemma="waarin" pos="pp" postag="BW()" pt="bw" rel="rhd" root="waarin" sense="waarin" special="waar" word="waarin"/>
            <node begin="5" cat="conj" end="17" id="11" rel="body">
              <node begin="5" cat="ssub" end="11" id="12" rel="cnj">
                <node begin="5" end="6" id="13" index="1" rel="mod"/>
                <node begin="6" end="7" frame="noun(de,count,pl)" gen="de" getal="mv" graad="basis" his="normal" his_1="normal" id="14" index="2" lcat="np" lemma="vrouw" ntype="soort" num="pl" pos="noun" postag="N(soort,mv,basis)" pt="n" rel="su" rnum="pl" root="vrouw" sense="vrouw" word="vrouwen"/>
                <node aform="base" begin="7" buiging="zonder" end="8" frame="adjective(no_e(adv))" graad="basis" his="normal" his_1="normal" id="15" infl="no_e" lcat="ap" lemma="kunstmatig" pos="adj" positie="vrij" postag="ADJ(vrij,basis,zonder)" pt="adj" rel="mod" root="kunstmatig" sense="kunstmatig" vform="adj" word="kunstmatig"/>
                <node begin="8" cat="np" end="10" id="16" rel="obj1">
                  <node begin="8" buiging="zonder" end="9" frame="determiner(pron)" getal="mv" his="normal" his_1="normal" id="17" infl="pron" lcat="detp" lemma="hun" naamval="stan" npagr="agr" pdtype="det" persoon="3" pos="det" positie="prenom" postag="VNW(bez,det,stan,vol,3,mv,prenom,zonder,agr)" pron="true" pt="vnw" rel="det" root="hun" sense="hun" status="vol" vwtype="bez" word="hun"/>
                  <node begin="9" end="10" frame="noun(de,count,pl)" gen="de" getal="mv" graad="basis" his="normal" his_1="normal" id="18" lcat="np" lemma="lip" ntype="soort" num="pl" pos="noun" postag="N(soort,mv,basis)" pt="n" rel="hd" rnum="pl" root="lip" sense="lip" word="lippen"/>
                </node>
                <node begin="10" end="11" frame="verb(hebben,pl,transitive)" his="normal" his_1="normal" id="19" infl="pl" lcat="ssub" lemma="kleuren" pos="verb" postag="WW(pv,tgw,mv)" pt="ww" pvagr="mv" pvtijd="tgw" rel="hd" root="kleur" sc="transitive" sense="kleur" tense="present" v_per="thi" word="kleuren" wvorm="pv"/>
              </node>
              <node begin="11" conjtype="neven" end="12" frame="conj(en)" his="normal" his_1="normal" id="20" lcat="vg" lemma="en" pos="vg" postag="VG(neven)" pt="vg" rel="crd" root="en" sense="en" word="en"/>
              <node begin="5" cat="ssub" end="17" id="21" rel="cnj">
                <node begin="5" end="6" id="22" index="1" rel="mod"/>
                <node begin="6" end="7" id="23" index="2" rel="su"/>
                <node begin="12" cat="np" end="16" id="24" rel="obj1">
                  <node begin="12" end="13" frame="noun(het,count,pl)" gen="het" getal="mv" graad="basis" his="normal" his_1="normal" id="25" lcat="np" lemma="gat" ntype="soort" num="pl" pos="noun" postag="N(soort,mv,basis)" pt="n" rel="hd" rnum="pl" root="gat" sense="gat" word="gaten"/>
                  <node begin="13" cat="pp" end="16" id="26" rel="mod">
                    <node begin="13" end="14" frame="preposition(in,[])" his="normal" his_1="normal" id="27" lcat="pp" lemma="in" pos="prep" postag="VZ(init)" pt="vz" rel="hd" root="in" sense="in" vztype="init" word="in"/>
                    <node begin="14" cat="np" end="16" id="28" rel="obj1">
                      <node begin="14" buiging="zonder" end="15" frame="determiner(pron)" getal="mv" his="normal" his_1="normal" id="29" infl="pron" lcat="detp" lemma="hun" naamval="stan" npagr="agr" pdtype="det" persoon="3" pos="det" positie="prenom" postag="VNW(bez,det,stan,vol,3,mv,prenom,zonder,agr)" pron="true" pt="vnw" rel="det" root="hun" sense="hun" status="vol" vwtype="bez" word="hun"/>
                      <node begin="15" end="16" frame="noun(de,count,pl)" gen="de" getal="mv" graad="basis" his="normal" his_1="normal" id="30" lcat="np" lemma="oorlel" ntype="soort" num="pl" pos="noun" postag="N(soort,mv,basis)" pt="n" rel="hd" rnum="pl" root="oorlel" sense="oorlel" word="oorlellen"/>
                    </node>
                  </node>
                </node>
                <node begin="16" end="17" frame="verb(hebben,pl,transitive)" his="normal" his_1="normal" id="31" infl="pl" lcat="ssub" lemma="maken" pos="verb" postag="WW(pv,tgw,mv)" pt="ww" pvagr="mv" pvtijd="tgw" rel="hd" root="maak" sc="transitive" sense="maak" tense="present" v_per="thi" word="maken" wvorm="pv"/>
              </node>
            </node>
          </node>
        </node>
      </node>
    </node>
    <node begin="17" end="18" frame="punct(punt)" his="normal" his_1="normal" id="32" lcat="punct" lemma="." pos="punct" postag="LET()" pt="let" rel="--" root="." sense="." special="punt" word="."/>
  </node>
  <sentence sentid="885">Tom komt uit een cultuur waarin vrouwen kunstmatig hun lippen kleuren en gaten in hun oorlellen maken .</sentence>
  <comments>
    <comment>Q#885|Tom komt uit een cultuur waarin vrouwen kunstmatig hun lippen kleuren en gaten in hun oorlellen maken .|1|1|-3.790785070500003</comment>
  </comments>
</alpino_ds>
