<?xml version="1.0" encoding="UTF-8"?>
<alpino_ds version="1.15">
  <parser build="Alpino-x86_64-linux-glibc2.5-git1006-sicstus" date="2023-09-25T08:39" cats="1" skips="0" />
  <node begin="0" cat="top" end="13" id="0" rel="top">
    <node begin="0" cat="conj" end="12" id="1" rel="--">
      <node begin="0" cat="smain" end="6" id="2" rel="cnj">
        <node begin="0" end="1" frame="proper_name(sg,'PER')" genus="zijd" getal="ev" graad="basis" his="normal" his_1="names_dictionary" id="3" index="1" lcat="np" lemma="Tom" naamval="stan" neclass="PER" ntype="eigen" num="sg" pos="name" postag="N(eigen,ev,basis,zijd,stan)" pt="n" rel="su" rnum="sg" root="Tom" sense="Tom" word="Tom"/>
        <node begin="1" end="2" frame="verb(hebben,past(sg),part_transitive(af))" his="normal" his_1="normal" id="4" infl="sg" lcat="smain" lemma="af_snijden" pos="verb" postag="WW(pv,verl,ev)" pt="ww" pvagr="ev" pvtijd="verl" rel="hd" root="snijd_af" sc="part_transitive(af)" sense="snijd_af" tense="past" v_per="thi" word="sneed" wvorm="pv"/>
        <node begin="2" cat="np" end="5" id="5" rel="obj1">
          <node begin="2" end="3" frame="determiner(een)" his="normal" his_1="normal" id="6" infl="een" lcat="detp" lemma="een" lwtype="onbep" naamval="stan" npagr="agr" pos="det" postag="LID(onbep,stan,agr)" pt="lid" rel="det" root="een" sense="een" word="een"/>
          <node begin="3" end="4" frame="meas_mod_noun(het,count,sg,measure)" gen="het" genus="onz" getal="ev" graad="basis" his="normal" his_1="normal" id="7" lcat="np" lemma="stuk" naamval="stan" ntype="soort" num="sg" pos="noun" postag="N(soort,ev,basis,onz,stan)" pt="n" rel="hd" rnum="sg" root="stuk" sc="measure" sense="stuk" special="meas_mod" word="stuk"/>
          <node begin="4" end="5" frame="noun(het,mass,sg)" gen="het" genus="onz" getal="ev" graad="basis" his="normal" his_1="normal" id="8" lcat="np" lemma="vlees" naamval="stan" ntype="soort" num="sg" pos="noun" postag="N(soort,ev,basis,onz,stan)" pt="n" rel="mod" rnum="sg" root="vlees" sense="vlees" word="vlees"/>
        </node>
        <node begin="5" end="6" frame="particle(af)" his="normal" his_1="normal" id="9" lcat="part" lemma="af" pos="part" postag="VZ(fin)" pt="vz" rel="svp" root="af" sense="af" vztype="fin" word="af"/>
      </node>
      <node begin="6" conjtype="neven" end="7" frame="conj(en)" his="normal" his_1="normal" id="10" lcat="vg" lemma="en" pos="vg" postag="VG(neven)" pt="vg" rel="crd" root="en" sense="en" word="en"/>
      <node begin="0" cat="smain" end="12" id="11" rel="cnj">
        <node begin="0" end="1" id="12" index="1" rel="su"/>
        <node begin="7" end="8" frame="verb(hebben,past(sg),np_ld_pp)" his="normal" his_1="normal" id="13" infl="sg" lcat="smain" lemma="leggen" pos="verb" postag="WW(pv,verl,ev)" pt="ww" pvagr="ev" pvtijd="verl" rel="hd" root="leg" sc="np_ld_pp" sense="leg" tense="past" v_per="thi" word="legde" wvorm="pv"/>
        <node begin="8" end="9" frame="determiner(het,nwh,nmod,pro,nparg,wkpro)" genus="onz" getal="ev" his="normal" his_1="normal" id="14" infl="het" lcat="np" lemma="het" naamval="stan" pdtype="pron" persoon="3" pos="det" postag="VNW(pers,pron,stan,red,3,ev,onz)" pt="vnw" rel="obj1" rnum="sg" root="het" sense="het" status="red" vwtype="pers" wh="nwh" word="het"/>
        <node begin="9" cat="pp" end="12" id="15" rel="ld">
          <node begin="9" end="10" frame="preposition(op,[af,na])" his="normal" his_1="normal" id="16" lcat="pp" lemma="op" pos="prep" postag="VZ(init)" pt="vz" rel="hd" root="op" sense="op" vztype="init" word="op"/>
          <node begin="10" cat="np" end="12" id="17" rel="obj1">
            <node begin="10" buiging="zonder" end="11" frame="determiner(pron)" getal="ev" his="normal" his_1="normal" id="18" infl="pron" lcat="detp" lemma="zijn" naamval="stan" npagr="agr" pdtype="det" persoon="3" pos="det" positie="prenom" postag="VNW(bez,det,stan,vol,3,ev,prenom,zonder,agr)" pron="true" pt="vnw" rel="det" root="zijn" sense="zijn" status="vol" vwtype="bez" word="zijn"/>
            <node begin="11" end="12" frame="noun(het,count,sg)" gen="het" genus="onz" getal="ev" graad="basis" his="normal" his_1="normal" id="19" lcat="np" lemma="bord" naamval="stan" ntype="soort" num="sg" pos="noun" postag="N(soort,ev,basis,onz,stan)" pt="n" rel="hd" rnum="sg" root="bord" sense="bord" word="bord"/>
          </node>
        </node>
      </node>
    </node>
    <node begin="12" end="13" frame="punct(punt)" his="normal" his_1="normal" id="20" lcat="punct" lemma="." pos="punct" postag="LET()" pt="let" rel="--" root="." sense="." special="punt" word="."/>
  </node>
  <sentence sentid="897">Tom sneed een stuk vlees af en legde het op zijn bord .</sentence>
  <comments>
    <comment>Q#897|Tom sneed een stuk vlees af en legde het op zijn bord .|1|1|-4.247350184900001</comment>
  </comments>
</alpino_ds>
