<?xml version="1.0" encoding="UTF-8"?>
<alpino_ds version="1.15">
  <parser build="Alpino-x86_64-linux-glibc2.5-git1006-sicstus" date="2023-09-25T08:34" cats="1" skips="0" />
  <node begin="0" cat="top" end="5" id="0" rel="top">
    <node begin="0" cat="smain" end="4" id="1" rel="--">
      <node begin="0" cat="np" end="2" id="2" rel="su">
        <node begin="0" end="1" frame="name_determiner(pron,'PER')" getal="ev" graad="basis" his="normal" his_1="gen" his_1_1="names_dictionary" id="3" infl="pron" lcat="detp" lemma="Tom" naamval="gen" neclass="PER" ntype="eigen" pos="det" postag="N(eigen,ev,basis,gen)" pt="n" rel="det" root="Tom" sense="Tom" special="name" word="Tom&apos;s"/>
        <node begin="1" end="2" frame="noun(het,count,pl)" gen="het" getal="mv" graad="basis" his="normal" his_1="normal" id="4" lcat="np" lemma="oog" ntype="soort" num="pl" pos="noun" postag="N(soort,mv,basis)" pt="n" rel="hd" rnum="pl" root="oog" sense="oog" word="ogen"/>
      </node>
      <node begin="2" end="3" frame="verb(unacc,pl,copula)" his="normal" his_1="normal" id="5" infl="pl" lcat="smain" lemma="zijn" pos="verb" postag="WW(pv,tgw,mv)" pt="ww" pvagr="mv" pvtijd="tgw" rel="hd" root="ben" sc="copula" sense="ben" stype="declarative" tense="present" v_per="thi" word="zijn" wvorm="pv"/>
      <node aform="base" begin="3" buiging="zonder" end="4" frame="adjective(no_e(adv))" graad="basis" his="normal" his_1="normal" id="6" infl="no_e" lcat="ap" lemma="rood" pos="adj" positie="vrij" postag="ADJ(vrij,basis,zonder)" pt="adj" rel="predc" root="rood" sense="rood" vform="adj" word="rood"/>
    </node>
    <node begin="4" end="5" frame="punct(komma)" his="normal" his_1="normal" id="7" lcat="punct" lemma="," pos="punct" postag="LET()" pt="let" rel="--" root="," sense="," special="komma" word=","/>
  </node>
  <sentence sentid="9">Tom&apos;s ogen zijn rood ,</sentence>
  <comments>
    <comment>Q#9|Tom&apos;s ogen zijn rood ,|1|1|-1.7102810521000003</comment>
  </comments>
</alpino_ds>
