<?xml version="1.0" encoding="UTF-8"?>
<alpino_ds version="1.15">
  <parser build="Alpino-x86_64-linux-glibc2.5-git1006-sicstus" date="2023-09-25T08:39" cats="1" skips="0" />
  <node begin="0" cat="top" end="19" id="0" rel="top">
    <node begin="0" cat="conj" end="18" id="1" rel="--">
      <node begin="0" cat="smain" end="11" id="2" rel="cnj">
        <node begin="0" end="1" frame="proper_name(sg,'PER')" genus="zijd" getal="ev" graad="basis" his="normal" his_1="names_dictionary" id="3" index="1" lcat="np" lemma="Tom" naamval="stan" neclass="PER" ntype="eigen" num="sg" pos="name" postag="N(eigen,ev,basis,zijd,stan)" pt="n" rel="su" rnum="sg" root="Tom" sense="Tom" word="Tom"/>
        <node begin="1" end="2" frame="verb(hebben,past(sg),aux_psp_hebben)" his="normal" his_1="normal" id="4" infl="sg" lcat="smain" lemma="hebben" pos="verb" postag="WW(pv,verl,ev)" pt="ww" pvagr="ev" pvtijd="verl" rel="hd" root="heb" sc="aux_psp_hebben" sense="heb" tense="past" v_per="thi" word="had" wvorm="pv"/>
        <node begin="0" cat="ppart" end="11" id="5" rel="vc">
          <node begin="0" end="1" id="6" index="1" rel="su"/>
          <node begin="2" cat="np" end="8" id="7" rel="obj1">
            <node begin="2" buiging="zonder" end="3" frame="determiner(pron)" getal="ev" his="normal" his_1="normal" id="8" infl="pron" lcat="detp" lemma="zijn" naamval="stan" npagr="agr" pdtype="det" persoon="3" pos="det" positie="prenom" postag="VNW(bez,det,stan,vol,3,ev,prenom,zonder,agr)" pron="true" pt="vnw" rel="det" root="zijn" sense="zijn" status="vol" vwtype="bez" word="zijn"/>
            <node aform="base" begin="3" buiging="met-e" end="4" frame="adjective(e)" graad="basis" his="normal" his_1="normal" id="9" infl="e" lcat="ap" lemma="nieuw" naamval="stan" pos="adj" positie="prenom" postag="ADJ(prenom,basis,met-e,stan)" pt="adj" rel="mod" root="nieuw" sense="nieuw" vform="adj" word="nieuwe"/>
            <node begin="4" end="5" frame="noun(de,count,pl)" gen="de" getal="mv" graad="basis" his="normal" his_1="normal" id="10" lcat="np" lemma="schoen" ntype="soort" num="pl" pos="noun" postag="N(soort,mv,basis)" pt="n" rel="hd" rnum="pl" root="schoen" sense="schoen" word="schoenen"/>
            <node begin="5" cat="pp" end="8" id="11" rel="mod">
              <node begin="5" end="6" frame="preposition(voor,[aan,door,uit,[in,de,plaats]])" his="normal" his_1="normal" id="12" lcat="pp" lemma="voor" pos="prep" postag="VZ(init)" pt="vz" rel="hd" root="voor" sense="voor" vztype="init" word="voor"/>
              <node begin="6" cat="np" end="8" id="13" rel="obj1">
                <node begin="6" end="7" frame="determiner(de)" his="normal" his_1="normal" id="14" infl="de" lcat="detp" lemma="de" lwtype="bep" naamval="stan" npagr="rest" pos="det" postag="LID(bep,stan,rest)" pt="lid" rel="det" root="de" sense="de" word="de"/>
                <node begin="7" end="8" frame="noun(de,count,sg)" gen="de" genus="zijd" getal="ev" graad="basis" his="normal" his_1="normal" id="15" lcat="np" lemma="marathon" naamval="stan" ntype="soort" num="sg" pos="noun" postag="N(soort,ev,basis,zijd,stan)" pt="n" rel="hd" rnum="sg" root="marathon" sense="marathon" word="marathon"/>
              </node>
            </node>
          </node>
          <node begin="8" end="9" frame="adverb" his="normal" his_1="normal" id="16" lcat="advp" lemma="niet" pos="adv" postag="BW()" pt="bw" rel="mod" root="niet" sense="niet" word="niet"/>
          <node begin="9" buiging="zonder" end="10" frame="determiner(wat,nwh,mod,pro,yparg)" graad="basis" his="normal" his_1="normal" id="17" infl="wat" lcat="np" lemma="voldoende" pos="det" positie="vrij" postag="ADJ(vrij,basis,zonder)" pt="adj" rel="ld" rnum="sg" root="voldoende" sense="voldoende" wh="nwh" word="voldoende"/>
          <node begin="10" buiging="zonder" end="11" frame="verb(hebben,psp,ninv(np_ld_transitive,part_np_ld_transitive(in)))" his="normal" his_1="part-V" id="18" infl="psp" lcat="ppart" lemma="in_rijden" pos="verb" positie="vrij" postag="WW(vd,vrij,zonder)" pt="ww" rel="hd" root="rijd_in" sc="part_np_ld_transitive(in)" sense="rijd_in" word="ingereden" wvorm="vd"/>
        </node>
      </node>
      <node begin="11" conjtype="neven" end="12" frame="conj(en)" his="normal" his_1="normal" id="19" lcat="vg" lemma="en" pos="vg" postag="VG(neven)" pt="vg" rel="crd" root="en" sense="en" word="en"/>
      <node begin="0" cat="smain" end="18" id="20" rel="cnj">
        <node begin="0" end="1" id="21" index="1" rel="su"/>
        <node begin="12" end="13" frame="verb(hebben,past(sg),transitive)" his="normal" his_1="normal" id="22" infl="sg" lcat="smain" lemma="krijgen" pos="verb" postag="WW(pv,verl,ev)" pt="ww" pvagr="ev" pvtijd="verl" rel="hd" root="krijg" sc="transitive" sense="krijg" tense="past" v_per="thi" word="kreeg" wvorm="pv"/>
        <node begin="13" cat="np" end="18" id="23" rel="obj1">
          <node aform="base" begin="13" buiging="met-e" end="14" frame="adjective(e)" graad="basis" his="normal" his_1="normal" id="24" infl="e" lcat="ap" lemma="ernstig" naamval="stan" pos="adj" positie="prenom" postag="ADJ(prenom,basis,met-e,stan)" pt="adj" rel="mod" root="ernstig" sense="ernstig" vform="adj" word="ernstige"/>
          <node begin="14" end="15" frame="noun(de,count,pl)" gen="de" getal="mv" graad="basis" his="normal" his_1="normal" id="25" lcat="np" lemma="blaar" ntype="soort" num="pl" pos="noun" postag="N(soort,mv,basis)" pt="n" rel="hd" rnum="pl" root="blaar" sense="blaar" word="blaren"/>
          <node begin="15" cat="pp" end="18" id="26" rel="mod">
            <node begin="15" end="16" frame="preposition(op,[af,na])" his="normal" his_1="normal" id="27" lcat="pp" lemma="op" pos="prep" postag="VZ(init)" pt="vz" rel="hd" root="op" sense="op" vztype="init" word="op"/>
            <node begin="16" cat="np" end="18" id="28" rel="obj1">
              <node begin="16" buiging="zonder" end="17" frame="determiner(pron)" getal="ev" his="normal" his_1="normal" id="29" infl="pron" lcat="detp" lemma="zijn" naamval="stan" npagr="agr" pdtype="det" persoon="3" pos="det" positie="prenom" postag="VNW(bez,det,stan,vol,3,ev,prenom,zonder,agr)" pron="true" pt="vnw" rel="det" root="zijn" sense="zijn" status="vol" vwtype="bez" word="zijn"/>
              <node begin="17" end="18" frame="noun(de,count,pl)" gen="de" getal="mv" graad="basis" his="normal" his_1="normal" id="30" lcat="np" lemma="voet" ntype="soort" num="pl" pos="noun" postag="N(soort,mv,basis)" pt="n" rel="hd" rnum="pl" root="voet" sense="voet" word="voeten"/>
            </node>
          </node>
        </node>
      </node>
    </node>
    <node begin="18" end="19" frame="punct(punt)" his="normal" his_1="normal" id="31" lcat="punct" lemma="." pos="punct" postag="LET()" pt="let" rel="--" root="." sense="." special="punt" word="."/>
  </node>
  <sentence sentid="903">Tom had zijn nieuwe schoenen voor de marathon niet voldoende ingereden en kreeg ernstige blaren op zijn voeten .</sentence>
  <comments>
    <comment>Q#903|Tom had zijn nieuwe schoenen voor de marathon niet voldoende ingereden en kreeg ernstige blaren op zijn voeten .|1|1|-3.3221911360000025</comment>
  </comments>
</alpino_ds>
