<?xml version="1.0" encoding="UTF-8"?>
<alpino_ds version="1.15">
  <parser build="Alpino-x86_64-linux-glibc2.5-git1006-sicstus" date="2023-09-25T08:39" cats="1" skips="0" />
  <node begin="0" cat="top" end="9" id="0" rel="top">
    <node begin="0" cat="smain" end="8" id="1" rel="--">
      <node begin="0" end="1" frame="proper_name(sg,'PER')" genus="zijd" getal="ev" graad="basis" his="normal" his_1="names_dictionary" id="2" index="1" lcat="np" lemma="Tom" naamval="stan" neclass="PER" ntype="eigen" num="sg" pos="name" postag="N(eigen,ev,basis,zijd,stan)" pt="n" rel="su" rnum="sg" root="Tom" sense="Tom" word="Tom"/>
      <node begin="1" end="2" frame="verb(hebben,sg_heeft,aux_psp_hebben)" his="normal" his_1="normal" id="3" infl="sg_heeft" lcat="smain" lemma="hebben" pos="verb" postag="WW(pv,tgw,met-t)" pt="ww" pvagr="met-t" pvtijd="tgw" rel="hd" root="heb" sc="aux_psp_hebben" sense="heb" stype="declarative" tense="present" v_per="thi" word="heeft" wvorm="pv"/>
      <node begin="0" cat="ppart" end="8" id="4" rel="vc">
        <node begin="0" end="1" id="5" index="1" rel="su"/>
        <node begin="2" cat="conj" end="6" id="6" rel="obj1">
          <node begin="2" end="3" frame="proper_name(sg,'PER')" genus="zijd" getal="ev" graad="basis" his="normal" his_1="names_dictionary" id="7" lcat="np" lemma="Mary" naamval="stan" neclass="PER" ntype="eigen" num="sg" pos="name" postag="N(eigen,ev,basis,zijd,stan)" pt="n" rel="cnj" rnum="sg" root="Mary" sense="Mary" word="Mary"/>
          <node begin="3" conjtype="neven" end="4" frame="conj(of)" his="normal" his_1="normal" id="8" lcat="vg" lemma="of" pos="vg" postag="VG(neven)" pt="vg" rel="crd" root="of" sense="of" word="of"/>
          <node begin="4" cat="np" end="6" id="9" rel="cnj">
            <node begin="4" end="5" frame="iets_anders_noun" getal="ev" his="normal" his_1="normal" id="10" lcat="np" lemma="iemand" naamval="stan" pdtype="pron" persoon="3p" pos="pron" postag="VNW(onbep,pron,stan,vol,3p,ev)" pt="vnw" rel="hd" rnum="sg" root="iemand" sc="iets_anders_noun" sense="iemand" status="vol" vwtype="onbep" word="iemand"/>
            <node aform="compar" begin="5" buiging="met-s" end="6" frame="post_adjective_anders(er)" graad="basis" his="normal" his_1="normal" id="11" iets="true" infl="er" lcat="ap" lemma="ander" pos="adj" positie="postnom" postag="ADJ(postnom,basis,met-s)" pt="adj" rel="mod" root="ander" sense="ander" special="anders" word="anders"/>
          </node>
        </node>
        <node begin="6" end="7" frame="adverb" his="normal" his_1="normal" id="12" lcat="advp" lemma="niet" pos="adv" postag="BW()" pt="bw" rel="mod" root="niet" sense="niet" word="niet"/>
        <node begin="7" buiging="zonder" end="8" frame="verb(hebben,psp,transitive)" his="normal" his_1="normal" id="13" infl="psp" lcat="ppart" lemma="ontmoeten" pos="verb" positie="vrij" postag="WW(vd,vrij,zonder)" pt="ww" rel="hd" root="ontmoet" sc="transitive" sense="ontmoet" word="ontmoet" wvorm="vd"/>
      </node>
    </node>
    <node begin="8" end="9" frame="punct(punt)" his="normal" his_1="normal" id="14" lcat="punct" lemma="." pos="punct" postag="LET()" pt="let" rel="--" root="." sense="." special="punt" word="."/>
  </node>
  <sentence sentid="910">Tom heeft Mary of iemand anders niet ontmoet .</sentence>
  <comments>
    <comment>Q#910|Tom heeft Mary of iemand anders niet ontmoet .|1|1|-2.4442679834000005</comment>
  </comments>
</alpino_ds>
