<?xml version="1.0" encoding="UTF-8"?>
<alpino_ds version="1.15">
  <parser build="Alpino-x86_64-linux-glibc2.5-git1006-sicstus" date="2023-09-25T08:39" cats="1" skips="0" />
  <node begin="0" cat="top" end="6" id="0" rel="top">
    <node begin="0" cat="smain" end="6" id="1" rel="--">
      <node begin="0" end="1" frame="proper_name(sg,'PER')" genus="zijd" getal="ev" graad="basis" his="normal" his_1="names_dictionary" id="2" lcat="np" lemma="Tom" naamval="stan" neclass="PER" ntype="eigen" num="sg" pos="name" postag="N(eigen,ev,basis,zijd,stan)" pt="n" rel="su" rnum="sg" root="Tom" sense="Tom" word="Tom"/>
      <node begin="1" end="2" frame="verb(hebben,past(sg),pc_pp(op))" his="normal" his_1="normal" id="3" infl="sg" lcat="smain" lemma="antwoorden" pos="verb" postag="WW(pv,verl,ev)" pt="ww" pvagr="ev" pvtijd="verl" rel="hd" root="antwoord" sc="pc_pp(op)" sense="antwoord-op" stype="declarative" tense="past" v_per="thi" word="antwoordde" wvorm="pv"/>
      <node begin="2" end="3" frame="adverb" his="normal" his_1="normal" id="4" lcat="advp" lemma="niet" pos="adv" postag="BW()" pt="bw" rel="mod" root="niet" sense="niet" word="niet"/>
      <node begin="3" cat="pp" end="6" id="5" rel="pc">
        <node begin="3" end="4" frame="preposition(op,[af,na])" his="normal" his_1="normal" id="6" lcat="pp" lemma="op" pos="prep" postag="VZ(init)" pt="vz" rel="hd" root="op" sense="op" vztype="init" word="op"/>
        <node begin="4" cat="mwu" end="6" his="name" his_1="not_begin" id="7" rel="obj1">
          <node begin="4" end="5" frame="proper_name(sg,'PER')" id="8" lcat="np" lemma="Mary&apos;s" neclass="PER" num="sg" pos="name" postag="SPEC(deeleigen)" pt="spec" rel="mwp" rnum="sg" root="Mary&apos;s" sense="Mary&apos;s" spectype="deeleigen" word="Mary&apos;s"/>
          <node begin="5" end="6" frame="proper_name(sg,'PER')" id="9" lcat="np" lemma="X." neclass="PER" num="sg" pos="name" postag="SPEC(deeleigen)" pt="spec" rel="mwp" rnum="sg" root="X." sense="X." spectype="deeleigen" word="X."/>
        </node>
      </node>
    </node>
  </node>
  <sentence sentid="934">Tom antwoordde niet op Mary&apos;s X.</sentence>
  <comments>
    <comment>Q#934|Tom antwoordde niet op Mary&apos;s X.|1|1|1.0991381728</comment>
  </comments>
</alpino_ds>
