<?xml version="1.0" encoding="UTF-8"?>
<alpino_ds version="1.15">
  <parser build="Alpino-x86_64-linux-glibc2.5-git1006-sicstus" date="2023-09-25T08:39" cats="1" skips="0" />
  <node begin="0" cat="top" end="6" id="0" rel="top">
    <node begin="0" cat="du" end="6" id="1" rel="--">
      <node begin="0" cat="smain" end="5" id="2" rel="nucl">
        <node begin="0" end="1" frame="proper_name(sg,'PER')" genus="zijd" getal="ev" graad="basis" his="normal" his_1="names_dictionary" id="3" lcat="np" lemma="Tom" naamval="stan" neclass="PER" ntype="eigen" num="sg" pos="name" postag="N(eigen,ev,basis,zijd,stan)" pt="n" rel="su" rnum="sg" root="Tom" sense="Tom" word="Tom"/>
        <node begin="1" end="2" frame="verb(hebben,past(sg),pc_pp(op))" his="normal" his_1="normal" id="4" infl="sg" lcat="smain" lemma="antwoorden" pos="verb" postag="WW(pv,verl,ev)" pt="ww" pvagr="ev" pvtijd="verl" rel="hd" root="antwoord" sc="pc_pp(op)" sense="antwoord-op" stype="declarative" tense="past" v_per="thi" word="antwoordde" wvorm="pv"/>
        <node begin="2" end="3" frame="adverb" his="normal" his_1="normal" id="5" lcat="advp" lemma="niet" pos="adv" postag="BW()" pt="bw" rel="mod" root="niet" sense="niet" word="niet"/>
        <node begin="3" cat="pp" end="5" id="6" rel="pc">
          <node begin="3" end="4" frame="preposition(op,[af,na])" his="normal" his_1="normal" id="7" lcat="pp" lemma="op" pos="prep" postag="VZ(init)" pt="vz" rel="hd" root="op" sense="op" vztype="init" word="op"/>
          <node begin="4" end="5" frame="proper_name(pl,'PER')" getal="mv" graad="basis" his="normal" his_1="plural" his_1_1="names_dictionary" id="8" lcat="np" lemma="Mary" neclass="PER" ntype="eigen" num="pl" pos="name" postag="N(eigen,mv,basis)" pt="n" rel="obj1" rnum="pl" root="Mary" sense="Mary" word="Mary&apos;s"/>
        </node>
      </node>
      <node begin="5" end="6" frame="tag" his="normal" his_1="enumeration" id="9" lcat="advp" lemma="d." pos="tag" postag="SPEC(symb)" pt="spec" rel="tag" root="d." sense="d." spectype="symb" word="d."/>
    </node>
  </node>
  <sentence sentid="951">Tom antwoordde niet op Mary&apos;s d.</sentence>
  <comments>
    <comment>Q#951|Tom antwoordde niet op Mary&apos;s d.|1|1|2.4378518453000004</comment>
  </comments>
</alpino_ds>
