<?xml version="1.0" encoding="UTF-8"?>
<alpino_ds version="1.15">
  <parser build="Alpino-x86_64-linux-glibc2.5-git1006-sicstus" date="2023-09-25T08:39" cats="1" skips="0" />
  <node begin="0" cat="top" end="7" id="0" rel="top">
    <node begin="0" cat="smain" end="6" id="1" rel="--">
      <node begin="0" end="1" frame="proper_name(sg,'PER')" genus="zijd" getal="ev" graad="basis" his="normal" his_1="names_dictionary" id="2" lcat="np" lemma="Tom" naamval="stan" neclass="PER" ntype="eigen" num="sg" pos="name" postag="N(eigen,ev,basis,zijd,stan)" pt="n" rel="su" rnum="sg" root="Tom" sense="Tom" word="Tom"/>
      <node begin="1" end="2" frame="verb(hebben,past(sg),pc_pp(op))" his="normal" his_1="normal" id="3" infl="sg" lcat="smain" lemma="antwoorden" pos="verb" postag="WW(pv,verl,ev)" pt="ww" pvagr="ev" pvtijd="verl" rel="hd" root="antwoord" sc="pc_pp(op)" sense="antwoord-op" stype="declarative" tense="past" v_per="thi" word="antwoordde" wvorm="pv"/>
      <node begin="2" end="3" frame="adverb" his="normal" his_1="normal" id="4" lcat="advp" lemma="niet" pos="adv" postag="BW()" pt="bw" rel="mod" root="niet" sense="niet" word="niet"/>
      <node begin="3" cat="pp" end="5" id="5" rel="pc">
        <node begin="3" end="4" frame="preposition(op,[af,na])" his="normal" his_1="normal" id="6" lcat="pp" lemma="op" pos="prep" postag="VZ(init)" pt="vz" rel="hd" root="op" sense="op" vztype="init" word="op"/>
        <node begin="4" end="5" frame="proper_name(pl,'PER')" getal="mv" graad="basis" his="normal" his_1="plural" his_1_1="names_dictionary" id="7" lcat="np" lemma="Mary" neclass="PER" ntype="eigen" num="pl" pos="name" postag="N(eigen,mv,basis)" pt="n" rel="obj1" rnum="pl" root="Mary" sense="Mary" word="Mary&apos;s"/>
      </node>
      <node begin="5" end="6" frame="tmp_adverb" his="normal" his_1="normal" id="8" lcat="advp" lemma="nu" pos="adv" postag="BW()" pt="bw" rel="mod" root="nu" sense="nu" special="tmp" word="nu"/>
    </node>
    <node begin="6" end="7" frame="punct(punt)" his="normal" his_1="normal" id="9" lcat="punct" lemma="." pos="punct" postag="LET()" pt="let" rel="--" root="." sense="." special="punt" word="."/>
  </node>
  <sentence sentid="989">Tom antwoordde niet op Mary&apos;s nu .</sentence>
  <comments>
    <comment>Q#989|Tom antwoordde niet op Mary&apos;s nu .|1|1|0.9847170237999994</comment>
  </comments>
</alpino_ds>
